{
	"__comment": "Cubik Studio - https://cubik.studio",
	"textures": {
		"anthill": "item/anthill"
	},
	"elements": [ 	 
		{
			"__comment": "PlaneX1",
			"from": [ 2.875, 0, 5 ],
			"to": [ 10.375, 6.75, 5.0015 ],
			"faces": {
				"north": { "uv": [ 5, 8, 0, 12 ], "texture": "#anthill" },
				"south": { "uv": [ 0, 8, 5, 12 ], "texture": "#anthill" }
			}
		},
		{
			"__comment": "PlaneX1",
			"from": [ 6.625, 0, 1.25 ],
			"to": [ 6.6265, 6.75, 8.75 ],
			"faces": {
				"west": { "uv": [ 0, 8, 5, 12 ], "texture": "#anthill" },
				"east": { "uv": [ 5, 8, 0, 12 ], "texture": "#anthill" }
			}
		}
	],
	"display": {
		"thirdperson_righthand": {
			"rotation":  [ 56, 0, 0 ],
			"translation":  [ 0, -0.695, 4.8695 ]
		},
		"thirdperson_lefthand": {
			"rotation":  [ 56, 0, 0 ],
			"translation":  [ 0, -0.695, 4.8695 ]
		},
		"firstperson_righthand": {
			"translation":  [ 8.3478, 9.7391, 0 ],
			"scale":  [ 2, 2, 2 ]
		},
		"firstperson_lefthand": {
			"translation":  [ 3.4782, 9.7391, 0 ],
			"scale":  [ 2, 2, 2 ]
		},
		"gui": {
			"translation":  [ 1.3913, 7.6521, 2.7826 ],
			"scale":  [ 1.5, 1.5, 1.5 ]
		},
		"head": {
			"translation":  [ 6.2611, -11.12, -0.694 ],
			"scale":  [ 4, 4, 4 ]
		},
		"ground": {
			"translation":  [ 0, 4.8695, 0 ]
		},
		"fixed": {
			"translation":  [ 2.7826, 9.7391, -1.391 ],
			"scale":  [ 2, 2, 2 ]
		}
	}
}