{
	"__comment": "Cubik Studio - https://cubik.studio",
	"textures": {
		"particle": "item/antler",
		"antler": "item/antler"
	},
	"elements": [ 	 
		{
			"__comment": "Box1",
			"from": [ -1.75, 3.625, -2.5 ],
			"to": [ -1.25, 6.125, -2 ],
			"rotation": { "origin": [ -1.75, 3.625, -2.5 ], "axis": "z", "angle": -22.5 },
			"faces": {
				"down": { "uv": [ 5, 8, 6, 9 ], "texture": "#antler" },
				"up": { "uv": [ 4, 9, 5, 10 ], "texture": "#antler" },
				"north": { "uv": [ 2, 14, 3, 16 ], "texture": "#antler" },
				"south": { "uv": [ 3, 14, 4, 16 ], "texture": "#antler" },
				"west": { "uv": [ 4, 14, 5, 16 ], "texture": "#antler" },
				"east": { "uv": [ 0, 14, 1, 16 ], "texture": "#antler" }
			}
		},
		{
			"__comment": "Box1",
			"from": [ -2, 0, -2 ],
			"to": [ -1.5, 2.5, -1.5 ],
			"faces": {
				"down": { "uv": [ 4, 8, 5, 9 ], "texture": "#antler" },
				"up": { "uv": [ 5, 9, 6, 10 ], "texture": "#antler" },
				"north": { "uv": [ 0, 12, 1, 14 ], "texture": "#antler" },
				"south": { "uv": [ 1, 12, 2, 14 ], "texture": "#antler" },
				"west": { "uv": [ 5, 14, 6, 16 ], "texture": "#antler" },
				"east": { "uv": [ 3, 12, 4, 14 ], "texture": "#antler" }
			}
		},
		{
			"__comment": "Box1",
			"from": [ -2, 2.375, -2 ],
			"to": [ -1.5, 4.875, -1.5 ],
			"rotation": { "origin": [ -2, 2.375, -2 ], "axis": "x", "angle": -22.5 },
			"faces": {
				"down": { "uv": [ 6, 9, 7, 10 ], "texture": "#antler" },
				"up": { "uv": [ 7, 9, 8, 10 ], "texture": "#antler" },
				"north": { "uv": [ 6, 12, 7, 14 ], "texture": "#antler" },
				"south": { "uv": [ 7, 12, 8, 14 ], "texture": "#antler" },
				"west": { "uv": [ 0, 10, 1, 12 ], "texture": "#antler" },
				"east": { "uv": [ 1, 10, 2, 12 ], "texture": "#antler" }
			}
		},
		{
			"__comment": "Box1",
			"from": [ -2, 4.625, -3 ],
			"to": [ -1.5, 7.125, -2.5 ],
			"faces": {
				"down": { "uv": [ 6, 8, 7, 9 ], "texture": "#antler" },
				"up": { "uv": [ 7, 8, 8, 9 ], "texture": "#antler" },
				"north": { "uv": [ 4, 10, 5, 12 ], "texture": "#antler" },
				"south": { "uv": [ 5, 10, 6, 12 ], "texture": "#antler" },
				"west": { "uv": [ 6, 10, 7, 12 ], "texture": "#antler" },
				"east": { "uv": [ 7, 10, 8, 12 ], "texture": "#antler" }
			}
		},
		{
			"__comment": "Box1",
			"from": [ -2, 4.5, -2.625 ],
			"to": [ -1.5, 7, -2.125 ],
			"rotation": { "origin": [ -2, 4.5, -2.625 ], "axis": "x", "angle": 45 },
			"faces": {
				"down": { "uv": [ 3, 7, 4, 8 ], "texture": "#antler" },
				"up": { "uv": [ 4, 7, 5, 8 ], "texture": "#antler" },
				"north": { "uv": [ 0, 8, 1, 10 ], "texture": "#antler" },
				"south": { "uv": [ 1, 8, 2, 10 ], "texture": "#antler" },
				"west": { "uv": [ 2, 8, 3, 10 ], "texture": "#antler" },
				"east": { "uv": [ 3, 8, 4, 10 ], "texture": "#antler" }
			}
		},
		{
			"__comment": "Box1",
			"from": [ -2, 2.5, -2 ],
			"to": [ -1.5, 5, -1.5 ],
			"rotation": { "origin": [ -2, 2.5, -2 ], "axis": "x", "angle": 22.5 },
			"faces": {
				"down": { "uv": [ 2, 7, 3, 8 ], "texture": "#antler" },
				"up": { "uv": [ 0, 7, 1, 8 ], "texture": "#antler" },
				"north": { "uv": [ 6, 14, 7, 16 ], "texture": "#antler" },
				"south": { "uv": [ 7, 14, 8, 16 ], "texture": "#antler" },
				"west": { "uv": [ 2, 12, 3, 14 ], "texture": "#antler" },
				"east": { "uv": [ 4, 12, 5, 14 ], "texture": "#antler" }
			}
		},
		{
			"__comment": "Box1",
			"from": [ -1.875, 1.375, -2 ],
			"to": [ -1.375, 3.875, -1.5 ],
			"rotation": { "origin": [ -1.875, 1.375, -2 ], "axis": "z", "angle": -45 },
			"faces": {
				"down": { "uv": [ 5, 7, 6, 8 ], "texture": "#antler" },
				"up": { "uv": [ 1, 7, 2, 8 ], "texture": "#antler" },
				"north": { "uv": [ 5, 12, 6, 14 ], "texture": "#antler" },
				"south": { "uv": [ 2, 10, 3, 12 ], "texture": "#antler" },
				"west": { "uv": [ 3, 10, 4, 12 ], "texture": "#antler" },
				"east": { "uv": [ 1, 14, 2, 16 ], "texture": "#antler" }
			}
		}
	],
	"display": {
		"thirdperson_righthand": {
			"translation":  [ 34.086, 20.869, 35.477 ],
			"scale":  [ 3.5, 3.5, 3.5 ]
		},
		"thirdperson_lefthand": {
			"translation":  [ -34.08, 20.869, 35.477 ],
			"scale":  [ 3.5, 3.5, 3.5 ]
		},
		"firstperson_righthand": {
			"rotation":  [ 0, -9, -2 ],
			"translation":  [ 46.614, 19.474, 25.739 ],
			"scale":  [ 4, 4, 4 ]
		},
		"firstperson_lefthand": {
			"rotation":  [ 0, -9, -2 ],
			"translation":  [ -27.82, 23.65, 16.695 ],
			"scale":  [ 4, 4, 4 ]
		},
		"gui": {
			"rotation":  [ -1, -44, 0 ],
			"translation":  [ -0.695, 9.7391, -7.652 ],
			"scale":  [ 2, 2, 2 ]
		},
		"ground": {
			"translation":  [ 29.217, 9.7391, 28.521 ],
			"scale":  [ 2.5, 2.5, 2.5 ]
		},
		"fixed": {
			"rotation":  [ 0, 63, 0 ],
			"translation":  [ 52.868, 17.39, -20.86 ],
			"scale":  [ 4, 4, 4 ]
		}
	}
}