{
	"__comment": "Cubik Studio - https://cubik.studio",
	"textures": {
		"antqueen": "item/antqueen"
	},
	"elements": [ 	 
		{
			"__comment": "Box1",
			"from": [ 8.495, -0.25, 4.25 ],
			"to": [ 9.5885, 0.04524496, 4.545245 ],
			"rotation": { "origin": [ 8.495, -0.25, 4.25 ], "axis": "z", "angle": 45 },
			"faces": {
				"down": { "uv": [ 0, 15, 1, 16 ], "texture": "#antqueen", "rotation": 180 },
				"up": { "uv": [ 1, 15, 2, 16 ], "texture": "#antqueen", "rotation": 180 },
				"north": { "uv": [ 2, 15, 3, 16 ], "texture": "#antqueen", "rotation": 180 },
				"south": { "uv": [ 3, 15, 4, 16 ], "texture": "#antqueen", "rotation": 180 },
				"west": { "uv": [ 4, 15, 5, 16 ], "texture": "#antqueen" },
				"east": { "uv": [ 5, 15, 6, 16 ], "texture": "#antqueen" }
			}
		},
		{
			"__comment": "Box2",
			"from": [ 7.5, -0.375, 6.375 ],
			"to": [ 8.831, 0.9560001, 7.706 ],
			"rotation": { "origin": [ 7.5, -0.375, 6.375 ], "axis": "x", "angle": -45 },
			"faces": {
				"down": { "uv": [ 6, 15, 7, 16 ], "texture": "#antqueen" },
				"up": { "uv": [ 7, 15, 8, 16 ], "texture": "#antqueen" },
				"north": { "uv": [ 8, 15, 9, 16 ], "texture": "#antqueen" },
				"south": { "uv": [ 9, 15, 10, 16 ], "texture": "#antqueen" },
				"west": { "uv": [ 10, 15, 11, 16 ], "texture": "#antqueen" },
				"east": { "uv": [ 11, 15, 12, 16 ], "texture": "#antqueen" }
			}
		},
		{
			"__comment": "Box2",
			"from": [ 7.6605, 0.0125, 3.2625 ],
			"to": [ 8.65325, 1.1125, 3.8125 ],
			"rotation": { "origin": [ 7.6605, 0.0125, 3.2625 ], "axis": "x", "angle": 22.5 },
			"faces": {
				"down": { "uv": [ 12, 15, 13, 16 ], "texture": "#antqueen" },
				"up": { "uv": [ 13, 15, 14, 16 ], "texture": "#antqueen" },
				"north": { "uv": [ 14, 15, 15, 16 ], "texture": "#antqueen" },
				"south": { "uv": [ 15, 15, 16, 16 ], "texture": "#antqueen" },
				"west": { "uv": [ 0, 14, 1, 15 ], "texture": "#antqueen" },
				"east": { "uv": [ 0, 13, 1, 14 ], "texture": "#antqueen" }
			}
		},
		{
			"__comment": "Box2",
			"from": [ 7.75, -0.25, 4.25 ],
			"to": [ 8.639462, 0.5527386, 5.139461 ],
			"rotation": { "origin": [ 7.75, -0.25, 4.25 ], "axis": "x", "angle": -22.5 },
			"faces": {
				"down": { "uv": [ 0, 12, 1, 13 ], "texture": "#antqueen" },
				"up": { "uv": [ 0, 11, 1, 12 ], "texture": "#antqueen" },
				"north": { "uv": [ 0, 10, 1, 11 ], "texture": "#antqueen" },
				"south": { "uv": [ 0, 9, 1, 10 ], "texture": "#antqueen" },
				"west": { "uv": [ 0, 8, 1, 9 ], "texture": "#antqueen" },
				"east": { "uv": [ 0, 7, 1, 8 ], "texture": "#antqueen" }
			}
		},
		{
			"__comment": "Box2",
			"from": [ 7.6664, -0.375, 6.7078 ],
			"to": [ 8.644807, 0.5080125, 7.686207 ],
			"rotation": { "origin": [ 7.666375, -0.375, 6.70775 ], "axis": "x", "angle": -45 },
			"faces": {
				"down": { "uv": [ 0, 6, 1, 7 ], "texture": "#antqueen" },
				"up": { "uv": [ 0, 5, 1, 6 ], "texture": "#antqueen" },
				"north": { "uv": [ 0, 4, 1, 5 ], "texture": "#antqueen" },
				"south": { "uv": [ 0, 3, 1, 4 ], "texture": "#antqueen" },
				"west": { "uv": [ 0, 2, 1, 3 ], "texture": "#antqueen" },
				"east": { "uv": [ 0, 1, 1, 2 ], "texture": "#antqueen" }
			}
		},
		{
			"__comment": "Box2",
			"from": [ 7.74, -0.125, 5.25 ],
			"to": [ 8.511847, 0.5384203, 5.985092 ],
			"rotation": { "origin": [ 7.74, -0.125, 5.25 ], "axis": "x", "angle": -45 },
			"faces": {
				"down": { "uv": [ 0, 0, 1, 1 ], "texture": "#antqueen" },
				"up": { "uv": [ 1, 14, 2, 15 ], "texture": "#antqueen" },
				"north": { "uv": [ 2, 14, 3, 15 ], "texture": "#antqueen" },
				"south": { "uv": [ 3, 14, 4, 15 ], "texture": "#antqueen" },
				"west": { "uv": [ 4, 14, 5, 15 ], "texture": "#antqueen" },
				"east": { "uv": [ 5, 14, 6, 15 ], "texture": "#antqueen" }
			}
		},
		{
			"__comment": "Box1",
			"from": [ 7.7705, 1.25, 2.5947 ],
			"to": [ 7.84383, 1.32333, 3.399955 ],
			"faces": {
				"down": { "uv": [ 10, 14, 11, 15 ], "texture": "#antqueen", "rotation": 270 },
				"up": { "uv": [ 10, 14, 11, 15 ], "texture": "#antqueen", "rotation": 270 },
				"north": { "uv": [ 10, 14, 11, 15 ], "texture": "#antqueen", "rotation": 270 },
				"south": { "uv": [ 10, 14, 11, 15 ], "texture": "#antqueen", "rotation": 270 },
				"west": { "uv": [ 10, 14, 11, 15 ], "texture": "#antqueen", "rotation": 270 },
				"east": { "uv": [ 10, 14, 11, 15 ], "texture": "#antqueen", "rotation": 270 }
			}
		},
		{
			"__comment": "Box1",
			"from": [ 8.495, -0.25, 5.375 ],
			"to": [ 9.5885, 0.04524496, 5.670245 ],
			"rotation": { "origin": [ 8.495, -0.25, 4.25 ], "axis": "z", "angle": 45 },
			"faces": {
				"down": { "uv": [ 12, 14, 13, 15 ], "texture": "#antqueen", "rotation": 180 },
				"up": { "uv": [ 13, 14, 14, 15 ], "texture": "#antqueen", "rotation": 180 },
				"north": { "uv": [ 14, 14, 15, 15 ], "texture": "#antqueen", "rotation": 180 },
				"south": { "uv": [ 15, 14, 16, 15 ], "texture": "#antqueen", "rotation": 180 },
				"west": { "uv": [ 1, 13, 2, 14 ], "texture": "#antqueen" },
				"east": { "uv": [ 1, 12, 2, 13 ], "texture": "#antqueen" }
			}
		},
		{
			"__comment": "Box1",
			"from": [ 8.495, -0.25, 4.625 ],
			"to": [ 9.5885, 0.04524496, 4.920245 ],
			"rotation": { "origin": [ 8.495, -0.25, 4 ], "axis": "z", "angle": 45 },
			"faces": {
				"down": { "uv": [ 1, 11, 2, 12 ], "texture": "#antqueen", "rotation": 180 },
				"up": { "uv": [ 1, 10, 2, 11 ], "texture": "#antqueen", "rotation": 180 },
				"north": { "uv": [ 1, 9, 2, 10 ], "texture": "#antqueen", "rotation": 180 },
				"south": { "uv": [ 1, 8, 2, 9 ], "texture": "#antqueen", "rotation": 180 },
				"west": { "uv": [ 1, 7, 2, 8 ], "texture": "#antqueen" },
				"east": { "uv": [ 1, 6, 2, 7 ], "texture": "#antqueen" }
			}
		},
		{
			"__comment": "Box1",
			"from": [ 7, 0.5, 4 ],
			"to": [ 8.0935, 0.7952449, 4.295245 ],
			"rotation": { "origin": [ 7, 0.5, 4 ], "axis": "z", "angle": -45 },
			"faces": {
				"down": { "uv": [ 1, 5, 2, 6 ], "texture": "#antqueen", "rotation": 180 },
				"up": { "uv": [ 1, 4, 2, 5 ], "texture": "#antqueen", "rotation": 180 },
				"north": { "uv": [ 1, 3, 2, 4 ], "texture": "#antqueen", "rotation": 180 },
				"south": { "uv": [ 1, 2, 2, 3 ], "texture": "#antqueen", "rotation": 180 },
				"west": { "uv": [ 1, 1, 2, 2 ], "texture": "#antqueen" },
				"east": { "uv": [ 1, 0, 2, 1 ], "texture": "#antqueen" }
			}
		},
		{
			"__comment": "Box1",
			"from": [ 7, 0.5, 4.875 ],
			"to": [ 8.0935, 0.7952449, 5.170245 ],
			"rotation": { "origin": [ 7, 0.5, 4.875 ], "axis": "z", "angle": -45 },
			"faces": {
				"down": { "uv": [ 2, 13, 3, 14 ], "texture": "#antqueen", "rotation": 180 },
				"up": { "uv": [ 3, 13, 4, 14 ], "texture": "#antqueen", "rotation": 180 },
				"north": { "uv": [ 4, 13, 5, 14 ], "texture": "#antqueen", "rotation": 180 },
				"south": { "uv": [ 5, 13, 6, 14 ], "texture": "#antqueen", "rotation": 180 },
				"west": { "uv": [ 6, 13, 7, 14 ], "texture": "#antqueen" },
				"east": { "uv": [ 7, 13, 8, 14 ], "texture": "#antqueen" }
			}
		},
		{
			"__comment": "Box1",
			"from": [ 9.0721, -0.825, 4.2637 ],
			"to": [ 9.287333, 0.5639678, 4.478933 ],
			"rotation": { "origin": [ 9, 0.375, 5 ], "axis": "z", "angle": 22.5 },
			"faces": {
				"down": { "uv": [ 5, 12, 6, 13 ], "texture": "#antqueen", "rotation": 90 },
				"up": { "uv": [ 5, 12, 6, 13 ], "texture": "#antqueen", "rotation": 90 },
				"north": { "uv": [ 5, 12, 6, 13 ], "texture": "#antqueen", "rotation": 90 },
				"south": { "uv": [ 5, 12, 6, 13 ], "texture": "#antqueen", "rotation": 90 },
				"west": { "uv": [ 5, 12, 6, 13 ], "texture": "#antqueen", "rotation": 90 },
				"east": { "uv": [ 5, 12, 6, 13 ], "texture": "#antqueen", "rotation": 90 }
			}
		},
		{
			"__comment": "Box1",
			"from": [ 7, 0.5, 5.125 ],
			"to": [ 8.0935, 0.7952449, 5.420245 ],
			"rotation": { "origin": [ 7, 0.5, 5.125 ], "axis": "z", "angle": -45 },
			"faces": {
				"down": { "uv": [ 14, 13, 15, 14 ], "texture": "#antqueen", "rotation": 180 },
				"up": { "uv": [ 15, 13, 16, 14 ], "texture": "#antqueen", "rotation": 180 },
				"north": { "uv": [ 2, 12, 3, 13 ], "texture": "#antqueen", "rotation": 180 },
				"south": { "uv": [ 2, 11, 3, 12 ], "texture": "#antqueen", "rotation": 180 },
				"west": { "uv": [ 2, 10, 3, 11 ], "texture": "#antqueen" },
				"east": { "uv": [ 2, 9, 3, 10 ], "texture": "#antqueen" }
			}
		},
		{
			"__comment": "Box1",
			"from": [ 8.9297, -0.9356, 5.5876 ],
			"to": [ 9.168848, 0.8694264, 5.826748 ],
			"rotation": { "origin": [ 8.875, 0.5, 5.875 ], "axis": "x", "angle": -45 },
			"faces": {
				"down": { "uv": [ 5, 12, 6, 13 ], "texture": "#antqueen", "rotation": 90 },
				"up": { "uv": [ 5, 12, 6, 13 ], "texture": "#antqueen", "rotation": 90 },
				"north": { "uv": [ 5, 12, 6, 13 ], "texture": "#antqueen", "rotation": 90 },
				"south": { "uv": [ 5, 12, 6, 13 ], "texture": "#antqueen", "rotation": 90 },
				"west": { "uv": [ 5, 12, 6, 13 ], "texture": "#antqueen", "rotation": 90 },
				"east": { "uv": [ 5, 12, 6, 13 ], "texture": "#antqueen", "rotation": 90 }
			}
		},
		{
			"__comment": "Box1",
			"from": [ 9.0721, -0.825, 4.6387 ],
			"to": [ 9.287333, 0.5639678, 4.853933 ],
			"rotation": { "origin": [ 9, 0.375, 4.75 ], "axis": "z", "angle": 22.5 },
			"faces": {
				"down": { "uv": [ 5, 12, 6, 13 ], "texture": "#antqueen", "rotation": 90 },
				"up": { "uv": [ 5, 12, 6, 13 ], "texture": "#antqueen", "rotation": 90 },
				"north": { "uv": [ 5, 12, 6, 13 ], "texture": "#antqueen", "rotation": 90 },
				"south": { "uv": [ 5, 12, 6, 13 ], "texture": "#antqueen", "rotation": 90 },
				"west": { "uv": [ 5, 12, 6, 13 ], "texture": "#antqueen", "rotation": 90 },
				"east": { "uv": [ 5, 12, 6, 13 ], "texture": "#antqueen", "rotation": 90 }
			}
		},
		{
			"__comment": "Box1",
			"from": [ 6.9471, -0.575, 4.8887 ],
			"to": [ 7.162333, 0.8139678, 5.103933 ],
			"rotation": { "origin": [ 6.875, 0.625, 5 ], "axis": "z", "angle": -22.5 },
			"faces": {
				"down": { "uv": [ 5, 12, 6, 13 ], "texture": "#antqueen", "rotation": 90 },
				"up": { "uv": [ 5, 12, 6, 13 ], "texture": "#antqueen", "rotation": 90 },
				"north": { "uv": [ 5, 12, 6, 13 ], "texture": "#antqueen", "rotation": 90 },
				"south": { "uv": [ 5, 12, 6, 13 ], "texture": "#antqueen", "rotation": 90 },
				"west": { "uv": [ 5, 12, 6, 13 ], "texture": "#antqueen", "rotation": 90 },
				"east": { "uv": [ 5, 12, 6, 13 ], "texture": "#antqueen", "rotation": 90 }
			}
		},
		{
			"__comment": "Box1",
			"from": [ 6.9471, -0.575, 4.0137 ],
			"to": [ 7.162333, 0.8139678, 4.228933 ],
			"rotation": { "origin": [ 6.875, 0.625, 4.125 ], "axis": "z", "angle": -22.5 },
			"faces": {
				"down": { "uv": [ 5, 12, 6, 13 ], "texture": "#antqueen", "rotation": 90 },
				"up": { "uv": [ 5, 12, 6, 13 ], "texture": "#antqueen", "rotation": 90 },
				"north": { "uv": [ 5, 12, 6, 13 ], "texture": "#antqueen", "rotation": 90 },
				"south": { "uv": [ 5, 12, 6, 13 ], "texture": "#antqueen", "rotation": 90 },
				"west": { "uv": [ 5, 12, 6, 13 ], "texture": "#antqueen", "rotation": 90 },
				"east": { "uv": [ 5, 12, 6, 13 ], "texture": "#antqueen", "rotation": 90 }
			}
		},
		{
			"__comment": "Box1",
			"from": [ 6.9297, -0.9356, 5.3376 ],
			"to": [ 7.168849, 0.8694264, 5.576748 ],
			"rotation": { "origin": [ 6.875, 0.5, 5.625 ], "axis": "x", "angle": -45 },
			"faces": {
				"down": { "uv": [ 5, 12, 6, 13 ], "texture": "#antqueen", "rotation": 90 },
				"up": { "uv": [ 5, 12, 6, 13 ], "texture": "#antqueen", "rotation": 90 },
				"north": { "uv": [ 5, 12, 6, 13 ], "texture": "#antqueen", "rotation": 90 },
				"south": { "uv": [ 5, 12, 6, 13 ], "texture": "#antqueen", "rotation": 90 },
				"west": { "uv": [ 5, 12, 6, 13 ], "texture": "#antqueen", "rotation": 90 },
				"east": { "uv": [ 5, 12, 6, 13 ], "texture": "#antqueen", "rotation": 90 }
			}
		},
		{
			"__comment": "Box1",
			"from": [ 7.875, -0.125, 3.125 ],
			"to": [ 8.425, 0.425, 3.675 ],
			"rotation": { "origin": [ 7.875, -0.125, 3.125 ], "axis": "x", "angle": 22.5 },
			"faces": {
				"down": { "uv": [ 3, 3, 4, 4 ], "texture": "#antqueen" },
				"up": { "uv": [ 3, 2, 4, 3 ], "texture": "#antqueen" },
				"north": { "uv": [ 3, 1, 4, 2 ], "texture": "#antqueen" },
				"south": { "uv": [ 3, 0, 4, 1 ], "texture": "#antqueen" },
				"west": { "uv": [ 4, 11, 5, 12 ], "texture": "#antqueen" },
				"east": { "uv": [ 5, 11, 6, 12 ], "texture": "#antqueen" }
			}
		},
		{
			"__comment": "Box1",
			"from": [ 7.7375, 0.8375, 3.675 ],
			"to": [ 7.880723, 1.3875, 3.818223 ],
			"rotation": { "origin": [ 7.7375, 0.8375, 3.675 ], "axis": "x", "angle": -45 },
			"faces": {
				"down": { "uv": [ 5, 12, 6, 13 ], "texture": "#antqueen", "rotation": 90 },
				"up": { "uv": [ 5, 12, 6, 13 ], "texture": "#antqueen", "rotation": 90 },
				"north": { "uv": [ 5, 12, 6, 13 ], "texture": "#antqueen", "rotation": 90 },
				"south": { "uv": [ 5, 12, 6, 13 ], "texture": "#antqueen", "rotation": 90 },
				"west": { "uv": [ 5, 12, 6, 13 ], "texture": "#antqueen", "rotation": 90 },
				"east": { "uv": [ 5, 12, 6, 13 ], "texture": "#antqueen", "rotation": 90 }
			}
		},
		{
			"__comment": "Box1",
			"from": [ 8.425, 0.8375, 3.675 ],
			"to": [ 8.568224, 1.3875, 3.818223 ],
			"rotation": { "origin": [ 8.425, 0.8375, 3.675 ], "axis": "x", "angle": -45 },
			"faces": {
				"down": { "uv": [ 5, 12, 6, 13 ], "texture": "#antqueen", "rotation": 90 },
				"up": { "uv": [ 5, 12, 6, 13 ], "texture": "#antqueen", "rotation": 90 },
				"north": { "uv": [ 5, 12, 6, 13 ], "texture": "#antqueen", "rotation": 90 },
				"south": { "uv": [ 5, 12, 6, 13 ], "texture": "#antqueen", "rotation": 90 },
				"west": { "uv": [ 5, 12, 6, 13 ], "texture": "#antqueen", "rotation": 90 },
				"east": { "uv": [ 5, 12, 6, 13 ], "texture": "#antqueen", "rotation": 90 }
			}
		},
		{
			"__comment": "Box1",
			"from": [ 8.469, 1.25, 2.5947 ],
			"to": [ 8.54233, 1.32333, 3.399955 ],
			"faces": {
				"down": { "uv": [ 10, 14, 11, 15 ], "texture": "#antqueen", "rotation": 270 },
				"up": { "uv": [ 10, 14, 11, 15 ], "texture": "#antqueen", "rotation": 270 },
				"north": { "uv": [ 10, 14, 11, 15 ], "texture": "#antqueen", "rotation": 270 },
				"south": { "uv": [ 10, 14, 11, 15 ], "texture": "#antqueen", "rotation": 270 },
				"west": { "uv": [ 10, 14, 11, 15 ], "texture": "#antqueen", "rotation": 270 },
				"east": { "uv": [ 10, 14, 11, 15 ], "texture": "#antqueen", "rotation": 270 }
			}
		}
	],
	"display": {
		"thirdperson_righthand": {
			"rotation":  [ 72, -2, 0 ],
			"translation":  [ 0.6956, -0.695, 9.0434 ]
		},
		"thirdperson_lefthand": {
			"rotation":  [ 72, -2, 0 ],
			"translation":  [ 0.6956, -0.695, 9.0434 ]
		},
		"firstperson_righthand": {
			"translation":  [ 13.217, 11.826, -6.26 ],
			"scale":  [ 2, 2, 2 ]
		},
		"firstperson_lefthand": {
			"translation":  [ 13.217, 11.826, -6.26 ],
			"scale":  [ 2, 2, 2 ]
		},
		"gui": {
			"rotation":  [ 92, 53, -53 ],
			"translation":  [ 12.521, 6.2611, 0 ],
			"scale":  [ 2, 2, 2 ]
		},
		"head": {
			"translation":  [ 0, -14.59, 0 ],
			"scale":  [ 3.5, 3.5, 3.5 ]
		},
		"ground": {
			"translation":  [ 0, 9.0434, 0 ],
			"scale":  [ 2, 2, 2 ]
		},
		"fixed": {
			"rotation":  [ -90, 0, 0 ],
			"translation":  [ 0.0003, 7.6521, -20.17 ],
			"scale":  [ 2.5, 2.5, 2.5 ]
		}
	}
}