{
	"__comment": "Cubik Studio - https://cubik.studio",
	"textures": {
		"baldeagle": "item/baldeagle"
	},
	"elements": [ 	 
		{
			"__comment": "Box1",
			"from": [ 8.5, 1.4375, 10 ],
			"to": [ 9, 1.9375, 13 ],
			"faces": {
				"down": { "uv": [ 15.5, 0, 16, 1.5 ], "texture": "#baldeagle", "rotation": 180 },
				"up": { "uv": [ 16, 0, 15.5, 1.5 ], "texture": "#baldeagle" },
				"north": { "uv": [ 13, 12.5, 13.5, 13 ], "texture": "#baldeagle", "rotation": 180 },
				"south": { "uv": [ 13.5, 12.5, 14, 13 ], "texture": "#baldeagle", "rotation": 180 },
				"west": { "uv": [ 13, 13, 11.5, 13.5 ], "texture": "#baldeagle" },
				"east": { "uv": [ 10, 13, 11.5, 13.5 ], "texture": "#baldeagle" }
			}
		},
		{
			"__comment": "Box1",
			"from": [ 5.375, 0.25, 5 ],
			"to": [ 7.875, 2.25, 9.8 ],
			"faces": {
				"down": { "uv": [ 10, 9.5, 9, 11.5 ], "texture": "#baldeagle", "rotation": 90 },
				"up": { "uv": [ 9, 9.5, 10, 11.5 ], "texture": "#baldeagle", "rotation": 90 },
				"north": { "uv": [ 8, 8.5, 9, 9.5 ], "texture": "#baldeagle" },
				"south": { "uv": [ 9, 8.5, 10, 9.5 ], "texture": "#baldeagle" },
				"west": { "uv": [ 9, 9.5, 10, 11.5 ], "texture": "#baldeagle" },
				"east": { "uv": [ 9, 9.5, 10, 11.5 ], "texture": "#baldeagle", "rotation": 180 }
			}
		},
		{
			"__comment": "PlaneY3",
			"from": [ 3.9375, 1.75, 5 ],
			"to": [ 8.9375, 1.751, 15 ],
			"faces": {
				"down": { "uv": [ 10, 16, 5, 13.5 ], "texture": "#baldeagle", "rotation": 270 },
				"up": { "uv": [ 10, 13.5, 5, 16 ], "texture": "#baldeagle", "rotation": 90 }
			}
		},
		{
			"__comment": "Box1",
			"from": [ 5.625, 0.4375, 9.8 ],
			"to": [ 7.625, 1.8375, 11.5496 ],
			"faces": {
				"down": { "uv": [ 12, 14, 11, 15 ], "texture": "#baldeagle", "rotation": 90 },
				"up": { "uv": [ 11, 14, 12, 15 ], "texture": "#baldeagle", "rotation": 90 },
				"north": { "uv": [ 13, 13, 14, 13.5 ], "texture": "#baldeagle" },
				"south": { "uv": [ 8, 8, 9, 8.5 ], "texture": "#baldeagle" },
				"west": { "uv": [ 11, 14, 12, 15 ], "texture": "#baldeagle" },
				"east": { "uv": [ 11, 14, 12, 15 ], "texture": "#baldeagle", "rotation": 180 }
			}
		},
		{
			"__comment": "Box5",
			"from": [ 6.4375, 0.4072, 0.8308 ],
			"to": [ 6.6875, 0.7399499, 1.0808 ],
			"faces": {
				"down": { "uv": [ 11.5, 10.5, 11, 10 ], "texture": "#baldeagle" },
				"up": { "uv": [ 11, 9.5, 11.5, 10 ], "texture": "#baldeagle" },
				"north": { "uv": [ 15, 13, 14.5, 12.5 ], "texture": "#baldeagle" },
				"south": { "uv": [ 14, 12.5, 14.5, 13 ], "texture": "#baldeagle" },
				"west": { "uv": [ 11, 9, 11.5, 9.5 ], "texture": "#baldeagle", "rotation": 270 },
				"east": { "uv": [ 11, 8.5, 11.5, 9 ], "texture": "#baldeagle", "rotation": 90 }
			}
		},
		{
			"__comment": "Box5",
			"from": [ 5.6875, 0.5, 2.75 ],
			"to": [ 7.4925, 1.85375, 4.194 ],
			"faces": {
				"down": { "uv": [ 14, 12, 14.5, 12.5 ], "texture": "#baldeagle" },
				"up": { "uv": [ 14.5, 12, 15, 12.5 ], "texture": "#baldeagle" },
				"north": { "uv": [ 15, 12, 15.5, 12.5 ], "texture": "#baldeagle" },
				"south": { "uv": [ 15.5, 12, 16, 12.5 ], "texture": "#baldeagle" },
				"west": { "uv": [ 11.5, 10.5, 12, 11 ], "texture": "#baldeagle" },
				"east": { "uv": [ 12, 10.5, 11.5, 11 ], "texture": "#baldeagle" }
			}
		},
		{
			"__comment": "Box5",
			"from": [ 6.0625, 0.5625, 2.125 ],
			"to": [ 7.0125, 1.5125, 2.8375 ],
			"faces": {
				"down": { "uv": [ 11.5, 9.5, 12, 10 ], "texture": "#baldeagle" },
				"up": { "uv": [ 11.5, 9, 12, 9.5 ], "texture": "#baldeagle" },
				"north": { "uv": [ 12, 11.5, 12.5, 12 ], "texture": "#baldeagle" },
				"south": { "uv": [ 12.5, 11.5, 13, 12 ], "texture": "#baldeagle" },
				"west": { "uv": [ 13, 11.5, 13.5, 12 ], "texture": "#baldeagle" },
				"east": { "uv": [ 13.5, 11.5, 14, 12 ], "texture": "#baldeagle" }
			}
		},
		{
			"__comment": "Box5",
			"from": [ 6.2825, 0.625, 1.125 ],
			"to": [ 6.861312, 1.203812, 1.625 ],
			"faces": {
				"down": { "uv": [ 7.5, 9, 8, 9.5 ], "texture": "#baldeagle" },
				"up": { "uv": [ 7.5, 8.5, 8, 9 ], "texture": "#baldeagle" },
				"north": { "uv": [ 7.5, 8, 8, 8.5 ], "texture": "#baldeagle" },
				"south": { "uv": [ 15.5, 15, 16, 15.5 ], "texture": "#baldeagle" },
				"west": { "uv": [ 14, 13, 14.5, 13.5 ], "texture": "#baldeagle" },
				"east": { "uv": [ 14.5, 13, 15, 13.5 ], "texture": "#baldeagle" }
			}
		},
		{
			"__comment": "PlaneY3",
			"from": [ 5.5, 0.4375, 5.9375 ],
			"to": [ 8, 0.4385, 7.9375 ],
			"rotation": { "origin": [ 5.5, 0.4375, 5.9375 ], "axis": "x", "angle": 22.5 },
			"faces": {
				"down": { "uv": [ 13, 14, 14, 15 ], "texture": "#baldeagle" },
				"up": { "uv": [ 14, 15, 13, 14 ], "texture": "#baldeagle" }
			}
		},
		{
			"__comment": "PlaneY3",
			"from": [ 4.1874, 1.6875, 5.0625 ],
			"to": [ 9.1874, 1.6885, 15.0625 ],
			"faces": {
				"down": { "uv": [ 5, 16, 10, 13.5 ], "texture": "#baldeagle", "rotation": 90 },
				"up": { "uv": [ 5, 13.5, 10, 16 ], "texture": "#baldeagle", "rotation": 270 }
			}
		},
		{
			"__comment": "Box5",
			"from": [ 6.1875, 0.625, 1.5 ],
			"to": [ 6.9375, 1.375, 2.25 ],
			"faces": {
				"down": { "uv": [ 15, 13, 15.5, 13.5 ], "texture": "#baldeagle" },
				"up": { "uv": [ 15.5, 13, 16, 13.5 ], "texture": "#baldeagle" },
				"north": { "uv": [ 10, 8.5, 10.5, 9 ], "texture": "#baldeagle" },
				"south": { "uv": [ 10, 8, 10.5, 8.5 ], "texture": "#baldeagle" },
				"west": { "uv": [ 10.5, 12.5, 11, 13 ], "texture": "#baldeagle" },
				"east": { "uv": [ 10.5, 12, 11, 12.5 ], "texture": "#baldeagle" }
			}
		},
		{
			"__comment": "Box12",
			"from": [ 7.25, -0.5625, 8.9375 ],
			"to": [ 7.75, 0.4375, 9.4375 ],
			"rotation": { "origin": [ 7.25, -0.5625, 8.9375 ], "axis": "x", "angle": -45 },
			"faces": {
				"down": { "uv": [ 10.5, 11.5, 11, 12 ], "texture": "#baldeagle" },
				"up": { "uv": [ 10.5, 11, 11, 11.5 ], "texture": "#baldeagle" },
				"north": { "uv": [ 11, 12.5, 11.5, 13 ], "texture": "#baldeagle" },
				"south": { "uv": [ 11, 12.5, 11.5, 13 ], "texture": "#baldeagle" },
				"west": { "uv": [ 11, 12.5, 11.5, 13 ], "texture": "#baldeagle" },
				"east": { "uv": [ 11, 12.5, 11.5, 13 ], "texture": "#baldeagle" }
			}
		},
		{
			"__comment": "Box12",
			"from": [ 5.5, -0.5625, 8.9375 ],
			"to": [ 6, 0.4375, 9.4375 ],
			"rotation": { "origin": [ 7.25, -0.5625, 8.9375 ], "axis": "x", "angle": -45 },
			"faces": {
				"down": { "uv": [ 10.5, 8.5, 11, 9 ], "texture": "#baldeagle" },
				"up": { "uv": [ 10.5, 8, 11, 8.5 ], "texture": "#baldeagle" },
				"north": { "uv": [ 11, 12.5, 11.5, 13 ], "texture": "#baldeagle" },
				"south": { "uv": [ 11.5, 12.5, 12, 13 ], "texture": "#baldeagle" },
				"west": { "uv": [ 12, 12.5, 12.5, 13 ], "texture": "#baldeagle" },
				"east": { "uv": [ 12.5, 12.5, 13, 13 ], "texture": "#baldeagle" }
			}
		},
		{
			"__comment": "PlaneY14",
			"from": [ 6.625, -1.8036, 9.0425 ],
			"to": [ 8.375, 0.6964, 9.042999 ],
			"rotation": { "origin": [ 7.25, -0.5625, 8.9375 ], "axis": "x", "angle": -22.5 },
			"faces": {
				"north": { "uv": [ 11, 1.5, 12, 0 ], "texture": "#baldeagle" },
				"south": { "uv": [ 12, 1.5, 11, 0 ], "texture": "#baldeagle" }
			}
		},
		{
			"__comment": "PlaneY14",
			"from": [ 4.8125, -1.8036, 9.0425 ],
			"to": [ 6.5625, 0.6964, 9.042999 ],
			"rotation": { "origin": [ 7.25, -0.5625, 8.9375 ], "axis": "x", "angle": -22.5 },
			"faces": {
				"north": { "uv": [ 12, 1.5, 11, 0 ], "texture": "#baldeagle" },
				"south": { "uv": [ 11, 1.5, 12, 0 ], "texture": "#baldeagle" }
			}
		},
		{
			"__comment": "Box5",
			"from": [ 6.3125, 0.6563, 0.7771 ],
			"to": [ 6.8125, 1.1563, 1.22835 ],
			"rotation": { "origin": [ 6.3125, 0.625, 0.875 ], "axis": "x", "angle": 22.5 },
			"faces": {
				"down": { "uv": [ 11.5, 12.5, 11, 12 ], "texture": "#baldeagle" },
				"up": { "uv": [ 11, 11.5, 11.5, 12 ], "texture": "#baldeagle" },
				"north": { "uv": [ 16, 13, 15.5, 12.5 ], "texture": "#baldeagle" },
				"south": { "uv": [ 15, 12.5, 15.5, 13 ], "texture": "#baldeagle" },
				"west": { "uv": [ 11, 11, 11.5, 11.5 ], "texture": "#baldeagle", "rotation": 270 },
				"east": { "uv": [ 11, 10.5, 11.5, 11 ], "texture": "#baldeagle", "rotation": 90 }
			}
		},
		{
			"__comment": "PlaneY3",
			"from": [ 6, 1.1225, 11.6875 ],
			"to": [ 9.5, 1.1235, 16.6875 ],
			"rotation": { "origin": [ 6, 1.1225, 11.6875 ], "axis": "y", "angle": 22.5 },
			"faces": {
				"down": { "uv": [ 8, 13.5, 5, 11.5 ], "texture": "#baldeagle" },
				"up": { "uv": [ 8, 11.5, 5, 13.5 ], "texture": "#baldeagle" }
			}
		},
		{
			"__comment": "PlaneY3",
			"from": [ 5.375, 0.4375, 4.1875 ],
			"to": [ 7.875, 0.4385, 6.1875 ],
			"rotation": { "origin": [ 5.375, 0.4375, 4.1875 ], "axis": "x", "angle": 22.5 },
			"faces": {
				"down": { "uv": [ 15, 14, 16, 15 ], "texture": "#baldeagle" },
				"up": { "uv": [ 16, 15, 15, 14 ], "texture": "#baldeagle" }
			}
		},
		{
			"__comment": "Box1",
			"from": [ 5.625, 0.3125, 4.125 ],
			"to": [ 7.525, 1.7375, 5.411062 ],
			"faces": {
				"down": { "uv": [ 11, 8, 11.5, 8.5 ], "texture": "#baldeagle", "rotation": 270 },
				"up": { "uv": [ 11.5, 12, 12, 12.5 ], "texture": "#baldeagle", "rotation": 90 },
				"north": { "uv": [ 12, 12, 12.5, 12.5 ], "texture": "#baldeagle" },
				"south": { "uv": [ 12.5, 12, 13, 12.5 ], "texture": "#baldeagle" },
				"west": { "uv": [ 13, 12, 13.5, 12.5 ], "texture": "#baldeagle" },
				"east": { "uv": [ 13.5, 12, 13, 12.5 ], "texture": "#baldeagle" }
			}
		},
		{
			"__comment": "Box1",
			"from": [ 8.125, 1.4375, 5 ],
			"to": [ 9.125, 1.9375, 10 ],
			"faces": {
				"down": { "uv": [ 0.5, 0, 0, 2 ], "texture": "#baldeagle", "rotation": 180 },
				"up": { "uv": [ 0.5, 0, 0, 2 ], "texture": "#baldeagle" },
				"north": { "uv": [ 11.5, 11.5, 12, 12 ], "texture": "#baldeagle", "rotation": 180 },
				"south": { "uv": [ 11.5, 11, 12, 11.5 ], "texture": "#baldeagle", "rotation": 180 },
				"west": { "uv": [ 7.5, 9, 5, 9.5 ], "texture": "#baldeagle" },
				"east": { "uv": [ 7.5, 8.5, 5, 9 ], "texture": "#baldeagle" }
			}
		},
		{
			"__comment": "Box1",
			"from": [ 4.125, 1.4374, 5.125 ],
			"to": [ 5.125, 1.9374, 10.125 ],
			"faces": {
				"down": { "uv": [ 0, 0, 0.5, 2 ], "texture": "#baldeagle" },
				"up": { "uv": [ 0, 0, 0.5, 2 ], "texture": "#baldeagle", "rotation": 180 },
				"north": { "uv": [ 11.5, 8, 12, 8.5 ], "texture": "#baldeagle" },
				"south": { "uv": [ 11.5, 8.5, 12, 9 ], "texture": "#baldeagle" },
				"west": { "uv": [ 5, 8.5, 7.5, 9 ], "texture": "#baldeagle" },
				"east": { "uv": [ 5, 9, 7.5, 9.5 ], "texture": "#baldeagle" }
			}
		},
		{
			"__comment": "Box1",
			"from": [ 4.125, 1.4375, 10.125 ],
			"to": [ 4.625, 1.9375, 13.125 ],
			"faces": {
				"down": { "uv": [ 15.5, 0, 16, 1.5 ], "texture": "#baldeagle" },
				"up": { "uv": [ 15.5, 0, 16, 1.5 ], "texture": "#baldeagle", "rotation": 180 },
				"north": { "uv": [ 14.5, 11.5, 15, 12 ], "texture": "#baldeagle" },
				"south": { "uv": [ 14, 11.5, 14.5, 12 ], "texture": "#baldeagle" },
				"west": { "uv": [ 10, 13, 11.5, 13.5 ], "texture": "#baldeagle" },
				"east": { "uv": [ 11.5, 13, 13, 13.5 ], "texture": "#baldeagle" }
			}
		},
		{
			"__comment": "PlaneY3",
			"from": [ 3.7469, 1.1875, 11.6281 ],
			"to": [ 7.2469, 1.1885, 16.6281 ],
			"rotation": { "origin": [ 7.375, 1.1875, 11.9375 ], "axis": "y", "angle": -22.5 },
			"faces": {
				"down": { "uv": [ 5, 13.5, 8, 11.5 ], "texture": "#baldeagle" },
				"up": { "uv": [ 5, 11.5, 8, 13.5 ], "texture": "#baldeagle" }
			}
		},
		{
			"__comment": "PlaneY3",
			"from": [ 5.625, 0.4375, 4.9375 ],
			"to": [ 8.125, 0.4385, 6.9375 ],
			"rotation": { "origin": [ 5.625, 0.4375, 4.9375 ], "axis": "x", "angle": 22.5 },
			"faces": {
				"down": { "uv": [ 13, 14, 14, 15 ], "texture": "#baldeagle" },
				"up": { "uv": [ 14, 15, 13, 14 ], "texture": "#baldeagle" }
			}
		}
	],
	"display": {
		"thirdperson_righthand": {
			"rotation":  [ 72, -2, 0 ],
			"translation":  [ 0, 2.0869, 0 ],
			"scale":  [ 0.5, 0.5, 0.5 ]
		},
		"thirdperson_lefthand": {
			"rotation":  [ 72, -2, 0 ],
			"translation":  [ 0, 2.0869, 0 ],
			"scale":  [ 0.5, 0.5, 0.5 ]
		},
		"gui": {
			"rotation":  [ 90, 0, 0 ],
			"scale":  [ 0.3, 0.3, 0.3 ]
		},
		"head": {
			"rotation":  [ -22, 0, 0 ],
			"translation":  [ 5.5651, 9.7521, -4.869 ],
			"scale":  [ 3.5, 3.5, 3.5 ]
		},
		"ground": {
			"translation":  [ 0, 2.7826, 0 ],
			"scale":  [ 0.5, 0.5, 0.5 ]
		},
		"fixed": {
			"rotation":  [ -90, 0, 0 ],
			"translation":  [ 0.6956, 1.3913, -11.82 ]
		}
	}
}