{
	"__comment": "Cubik Studio - https://cubik.studio",
	"textures": {
		"bear": "item/bear"
	},
	"elements": [ 	 
		{
			"__comment": "Box1",
			"from": [ 2.4278, 2.919, 16.8669 ],
			"to": [ 13.0153, 12.236, 22.3724 ],
			"rotation": { "origin": [ 4.65116, 8.119339, 2.293373 ], "axis": "x", "angle": 0 },
			"faces": {
				"down": { "uv": [ 5.5, 11.75, 8.5, 13.25 ], "texture": "#bear" },
				"up": { "uv": [ 5.5, 11.75, 8.5, 13.25 ], "texture": "#bear" },
				"north": { "uv": [ 0, 12, 3, 14.75 ], "texture": "#bear" },
				"south": { "uv": [ 3, 13.25, 6, 16 ], "texture": "#bear" },
				"west": { "uv": [ 14, 13.25, 15.5, 16 ], "texture": "#bear" },
				"east": { "uv": [ 15.5, 13.25, 14, 16 ], "texture": "#bear" }
			}
		},
		{
			"__comment": "Box1",
			"from": [ 6.2392, 6.6204, -3.9167 ],
			"to": [ 8.780199, 7.0439, -0.5287006 ],
			"faces": {
				"down": { "uv": [ 8.75, 1.75, 9.5, 2.75 ], "texture": "#bear" },
				"up": { "uv": [ 15.25, 7, 16, 8 ], "texture": "#bear" },
				"north": { "uv": [ 8, 13.25, 8.75, 13.5 ], "texture": "#bear" },
				"south": { "uv": [ 8.75, 13.25, 9.5, 13.5 ], "texture": "#bear" },
				"west": { "uv": [ 6, 13.25, 7, 13.5 ], "texture": "#bear" },
				"east": { "uv": [ 7, 13.25, 8, 13.5 ], "texture": "#bear" }
			}
		},
		{
			"__comment": "Box1",
			"from": [ 4.9504, 6.1859, 1.0407 ],
			"to": [ 10.0324, 10.8444, 3.5817 ],
			"rotation": { "origin": [ 4.65116, 6.369339, 1.543373 ], "axis": "x", "angle": 0 },
			"faces": {
				"down": { "uv": [ 6.75, 10.5, 8.25, 11.75 ], "texture": "#bear" },
				"up": { "uv": [ 6.75, 10.5, 8.25, 11.75 ], "texture": "#bear" },
				"north": { "uv": [ 2.5, 3.25, 4, 4.5 ], "texture": "#bear" },
				"south": { "uv": [ 2.5, 4.5, 4, 5.75 ], "texture": "#bear" },
				"west": { "uv": [ 4, 7.25, 5.25, 8.75 ], "texture": "#bear" },
				"east": { "uv": [ 5.25, 7.25, 4, 8.75 ], "texture": "#bear" }
			}
		},
		{
			"__comment": "Box1",
			"from": [ 10.9581, 1.4062, 5.3589 ],
			"to": [ 14.3461, 6.0647, 8.746901 ],
			"rotation": { "origin": [ 3.77616, 5.494339, 6.168373 ], "axis": "x", "angle": 0 },
			"faces": {
				"down": { "uv": [ 7.75, 0.5, 8.75, 1.5 ], "texture": "#bear" },
				"up": { "uv": [ 8.75, 6, 9.75, 7 ], "texture": "#bear" },
				"north": { "uv": [ 10.75, 8, 11.75, 9.25 ], "texture": "#bear" },
				"south": { "uv": [ 10.75, 8, 11.75, 9.25 ], "texture": "#bear" },
				"west": { "uv": [ 8.75, 8, 9.75, 9.25 ], "texture": "#bear" },
				"east": { "uv": [ 9.75, 8, 8.75, 9.25 ], "texture": "#bear" }
			}
		},
		{
			"__comment": "Box1",
			"from": [ 4.6512, 6.4674, 2.5646 ],
			"to": [ 10.1567, 11.5494, 7.2231 ],
			"faces": {
				"down": { "uv": [ 6.75, 10.5, 8.25, 11.75 ], "texture": "#bear" },
				"up": { "uv": [ 6.75, 10.5, 8.25, 11.75 ], "texture": "#bear" },
				"north": { "uv": [ 14, 11.75, 15.5, 13.25 ], "texture": "#bear" },
				"south": { "uv": [ 2.5, 5.75, 4, 7.25 ], "texture": "#bear" },
				"west": { "uv": [ 4, 7.25, 5.25, 8.75 ], "texture": "#bear" },
				"east": { "uv": [ 5.25, 7.25, 4, 8.75 ], "texture": "#bear" }
			}
		},
		{
			"__comment": "Box1",
			"from": [ 3.063, 4.1495, 5.9179 ],
			"to": [ 11.9565, 12.196, 11.4234 ],
			"rotation": { "origin": [ 4.65116, 6.119339, 2.293373 ], "axis": "x", "angle": 0 },
			"faces": {
				"down": { "uv": [ 0, 6.75, 2.5, 8.25 ], "texture": "#bear" },
				"up": { "uv": [ 0, 6.75, 2.5, 8.25 ], "texture": "#bear" },
				"north": { "uv": [ 11.5, 13.75, 14, 16 ], "texture": "#bear" },
				"south": { "uv": [ 0, 11, 2.5, 13.25 ], "texture": "#bear" },
				"west": { "uv": [ 2.5, 9.5, 4, 11.75 ], "texture": "#bear" },
				"east": { "uv": [ 4, 9.5, 2.5, 11.75 ], "texture": "#bear" }
			}
		},
		{
			"__comment": "Box1",
			"from": [ 2.8513, 3.6333, 11.3955 ],
			"to": [ 12.5918, 12.1033, 16.901 ],
			"rotation": { "origin": [ 4.65116, 7.119339, 2.293373 ], "axis": "x", "angle": 0 },
			"faces": {
				"down": { "uv": [ 11.25, 11.75, 14, 13.25 ], "texture": "#bear" },
				"up": { "uv": [ 11.25, 11.75, 14, 13.25 ], "texture": "#bear" },
				"north": { "uv": [ 6, 13.5, 8.75, 16 ], "texture": "#bear" },
				"south": { "uv": [ 8.75, 13.5, 11.5, 16 ], "texture": "#bear" },
				"west": { "uv": [ 0, 2.75, 1.5, 5.25 ], "texture": "#bear" },
				"east": { "uv": [ 1.5, 2.75, 0, 5.25 ], "texture": "#bear" }
			}
		},
		{
			"__comment": "Box1",
			"from": [ 4.8629, 6.2515, -0.669 ],
			"to": [ 10.3684, 10.91, 3.142498 ],
			"faces": {
				"down": { "uv": [ 9, 7, 10.25, 8 ], "texture": "#bear" },
				"up": { "uv": [ 9, 7, 10.25, 8 ], "texture": "#bear" },
				"north": { "uv": [ 6.5, 9.25, 7.75, 10.5 ], "texture": "#bear" },
				"south": { "uv": [ 7.75, 9.25, 9, 10.5 ], "texture": "#bear" },
				"west": { "uv": [ 7.75, 5.75, 8.75, 7 ], "texture": "#bear" },
				"east": { "uv": [ 8.75, 5.75, 7.75, 7 ], "texture": "#bear" }
			}
		},
		{
			"__comment": "Box1",
			"from": [ 9.6272, -1.7667, 18.8048 ],
			"to": [ 13.0152, 2.8918, 22.1928 ],
			"faces": {
				"down": { "uv": [ 7.75, 2.5, 8.75, 3.5 ], "texture": "#bear" },
				"up": { "uv": [ 7.75, 1.5, 8.75, 2.5 ], "texture": "#bear" },
				"north": { "uv": [ 14.5, 10.5, 15.75, 11.75 ], "texture": "#bear" },
				"south": { "uv": [ 14.5, 10.5, 15.75, 11.75 ], "texture": "#bear" },
				"west": { "uv": [ 1.5, 2.75, 2.5, 4 ], "texture": "#bear" },
				"east": { "uv": [ 2.5, 2.75, 1.5, 4 ], "texture": "#bear" }
			}
		},
		{
			"__comment": "Box1",
			"from": [ 9.3096, 2.3623, 18.0636 ],
			"to": [ 13.5446, 6.5973, 22.7221 ],
			"faces": {
				"down": { "uv": [ 14, 9.25, 15.25, 10.5 ], "texture": "#bear" },
				"up": { "uv": [ 6.5, 8, 7.75, 9.25 ], "texture": "#bear" },
				"north": { "uv": [ 14.5, 10.5, 15.75, 11.75 ], "texture": "#bear" },
				"south": { "uv": [ 14.5, 10.5, 15.75, 11.75 ], "texture": "#bear" },
				"west": { "uv": [ 6.5, 9.25, 5.25, 10.5 ], "texture": "#bear" },
				"east": { "uv": [ 6.5, 9.25, 5.25, 10.5 ], "texture": "#bear" }
			}
		},
		{
			"__comment": "Box1",
			"from": [ 9.5905, 4.6243, 4.8281 ],
			"to": [ 13.8255, 8.8593, 9.063099 ],
			"rotation": { "origin": [ 3.77616, 5.494339, 6.168373 ], "axis": "x", "angle": 0 },
			"faces": {
				"down": { "uv": [ 4, 4.5, 5.25, 5.75 ], "texture": "#bear" },
				"up": { "uv": [ 4, 3.25, 5.25, 4.5 ], "texture": "#bear" },
				"north": { "uv": [ 5.25, 4.25, 6.5, 5.5 ], "texture": "#bear" },
				"south": { "uv": [ 5.25, 4.25, 6.5, 5.5 ], "texture": "#bear" },
				"west": { "uv": [ 6.5, 1.75, 5.25, 3 ], "texture": "#bear" },
				"east": { "uv": [ 6.5, 1.75, 5.25, 3 ], "texture": "#bear" }
			}
		},
		{
			"__comment": "Box1",
			"from": [ 9.3096, -2.2961, 16.5814 ],
			"to": [ 13.5446, -0.6020999, 21.6634 ],
			"faces": {
				"down": { "uv": [ 10.75, 8, 11.75, 9.25 ], "texture": "#bear" },
				"up": { "uv": [ 10.75, 8, 11.75, 9.25 ], "texture": "#bear" },
				"north": { "uv": [ 10.75, 8, 11.75, 9.25 ], "texture": "#bear" },
				"south": { "uv": [ 10.75, 8, 11.75, 9.25 ], "texture": "#bear" },
				"west": { "uv": [ 10.75, 8, 11.75, 9.25 ], "texture": "#bear" },
				"east": { "uv": [ 10.75, 8, 11.75, 9.25 ], "texture": "#bear" }
			}
		},
		{
			"__comment": "Box1",
			"from": [ 0.4476, 0.6907, 5.818 ],
			"to": [ 3.8356, 5.3492, 9.206 ],
			"rotation": { "origin": [ 4.65116, 4.369339, 5.793373 ], "axis": "x", "angle": 22.5 },
			"faces": {
				"down": { "uv": [ 13.25, 7, 14.25, 8 ], "texture": "#bear" },
				"up": { "uv": [ 8.75, 5, 9.75, 6 ], "texture": "#bear" },
				"north": { "uv": [ 10.75, 8, 11.75, 9.25 ], "texture": "#bear" },
				"south": { "uv": [ 9.75, 8, 10.75, 9.25 ], "texture": "#bear" },
				"west": { "uv": [ 8.75, 8, 9.75, 9.25 ], "texture": "#bear" },
				"east": { "uv": [ 8.75, 8, 9.75, 9.25 ], "texture": "#bear" }
			}
		},
		{
			"__comment": "Box1",
			"from": [ 2.1101, -1.7667, 18.8048 ],
			"to": [ 5.4981, 2.8918, 22.1928 ],
			"faces": {
				"down": { "uv": [ 7.75, 3.5, 8.75, 4.5 ], "texture": "#bear" },
				"up": { "uv": [ 14.25, 7, 15.25, 8 ], "texture": "#bear" },
				"north": { "uv": [ 14.5, 10.5, 15.75, 11.75 ], "texture": "#bear" },
				"south": { "uv": [ 14.5, 10.5, 15.75, 11.75 ], "texture": "#bear" },
				"west": { "uv": [ 1.5, 2.75, 2.5, 4 ], "texture": "#bear" },
				"east": { "uv": [ 1.5, 2.75, 2.5, 4 ], "texture": "#bear" }
			}
		},
		{
			"__comment": "Box1",
			"from": [ 1.7925, 2.3623, 18.0636 ],
			"to": [ 6.0275, 6.5973, 22.7221 ],
			"faces": {
				"down": { "uv": [ 10.75, 10.5, 12, 11.75 ], "texture": "#bear" },
				"up": { "uv": [ 12, 10.5, 13.25, 11.75 ], "texture": "#bear" },
				"north": { "uv": [ 14.5, 10.5, 15.75, 11.75 ], "texture": "#bear" },
				"south": { "uv": [ 14.5, 10.5, 15.75, 11.75 ], "texture": "#bear" },
				"west": { "uv": [ 5.25, 9.25, 6.5, 10.5 ], "texture": "#bear" },
				"east": { "uv": [ 5.25, 9.25, 6.5, 10.5 ], "texture": "#bear" }
			}
		},
		{
			"__comment": "Box1",
			"from": [ 0.655, 3.9088, 5.2872 ],
			"to": [ 4.89, 8.1438, 9.5222 ],
			"rotation": { "origin": [ 4.65116, 4.369339, 5.793373 ], "axis": "x", "angle": 22.5 },
			"faces": {
				"down": { "uv": [ 5.25, 6.75, 6.5, 8 ], "texture": "#bear" },
				"up": { "uv": [ 5.25, 5.5, 6.5, 6.75 ], "texture": "#bear" },
				"north": { "uv": [ 5.25, 4.25, 6.5, 5.5 ], "texture": "#bear" },
				"south": { "uv": [ 5.25, 4.25, 6.5, 5.5 ], "texture": "#bear" },
				"west": { "uv": [ 5.25, 1.75, 6.5, 3 ], "texture": "#bear" },
				"east": { "uv": [ 5.25, 1.75, 6.5, 3 ], "texture": "#bear" }
			}
		},
		{
			"__comment": "Box1",
			"from": [ 1.7925, -2.2961, 16.5814 ],
			"to": [ 6.0275, -0.6020999, 21.6634 ],
			"faces": {
				"down": { "uv": [ 10.75, 8, 11.75, 9.25 ], "texture": "#bear" },
				"up": { "uv": [ 10.75, 8, 11.75, 9.25 ], "texture": "#bear" },
				"north": { "uv": [ 10.75, 8, 11.75, 9.25 ], "texture": "#bear" },
				"south": { "uv": [ 10.75, 8, 11.75, 9.25 ], "texture": "#bear" },
				"west": { "uv": [ 10.75, 8, 11.75, 9.25 ], "texture": "#bear" },
				"east": { "uv": [ 10.75, 8, 11.75, 9.25 ], "texture": "#bear" }
			}
		},
		{
			"__comment": "Box1",
			"from": [ -0.22, -0.1113, 0.929 ],
			"to": [ 4.015, 1.5827, 5.163999 ],
			"rotation": { "origin": [ 4.65116, 0.869339, 4.668373 ], "axis": "x", "angle": -22.5 },
			"faces": {
				"down": { "uv": [ 10.75, 8, 11.75, 9.25 ], "texture": "#bear" },
				"up": { "uv": [ 10.75, 8, 11.75, 9.25 ], "texture": "#bear" },
				"north": { "uv": [ 10.75, 8, 11.75, 9.25 ], "texture": "#bear" },
				"south": { "uv": [ 10.75, 8, 11.75, 9.25 ], "texture": "#bear" },
				"west": { "uv": [ 10.75, 8, 11.75, 9.25 ], "texture": "#bear" },
				"east": { "uv": [ 10.75, 8, 11.75, 9.25 ], "texture": "#bear" }
			}
		},
		{
			"__comment": "Box1",
			"from": [ 11.0596, 1.2931, 0.1772 ],
			"to": [ 15.2946, 2.987099, 4.412199 ],
			"rotation": { "origin": [ 3.77616, 5.494339, 6.168373 ], "axis": "x", "angle": -45 },
			"faces": {
				"down": { "uv": [ 10.75, 8, 11.75, 9.25 ], "texture": "#bear" },
				"up": { "uv": [ 10.75, 8, 11.75, 9.25 ], "texture": "#bear" },
				"north": { "uv": [ 10.75, 8, 11.75, 9.25 ], "texture": "#bear" },
				"south": { "uv": [ 10.75, 8, 11.75, 9.25 ], "texture": "#bear" },
				"west": { "uv": [ 10.75, 8, 11.75, 9.25 ], "texture": "#bear" },
				"east": { "uv": [ 10.75, 8, 11.75, 9.25 ], "texture": "#bear" }
			}
		},
		{
			"__comment": "Box20",
			"from": [ 8.674399, -1.9785, 15.4167 ],
			"to": [ 9.521399, -1.1315, 17.5342 ],
			"faces": {
				"down": { "uv": [ 9.5, 1.75, 9.75, 2.25 ], "texture": "#bear" },
				"up": { "uv": [ 9.5, 1.75, 9.75, 2.25 ], "texture": "#bear" },
				"north": { "uv": [ 9.5, 1.75, 9.75, 2.25 ], "texture": "#bear" },
				"south": { "uv": [ 9.5, 1.75, 9.75, 2.25 ], "texture": "#bear" },
				"west": { "uv": [ 9.5, 1.75, 9.75, 2.25 ], "texture": "#bear" },
				"east": { "uv": [ 9.5, 1.75, 9.75, 2.25 ], "texture": "#bear" }
			}
		},
		{
			"__comment": "Box20",
			"from": [ 8.8861, -1.7667, 13.7227 ],
			"to": [ 9.3096, -1.3432, 15.4167 ],
			"faces": {
				"down": { "uv": [ 9.5, 1.75, 9.75, 2.25 ], "texture": "#bear" },
				"up": { "uv": [ 9.5, 1.75, 9.75, 2.25 ], "texture": "#bear" },
				"north": { "uv": [ 9.5, 1.75, 9.75, 2.25 ], "texture": "#bear" },
				"south": { "uv": [ 9.5, 1.75, 9.75, 2.25 ], "texture": "#bear" },
				"west": { "uv": [ 9.5, 1.75, 9.75, 2.25 ], "texture": "#bear" },
				"east": { "uv": [ 9.5, 1.75, 9.75, 2.25 ], "texture": "#bear" }
			}
		},
		{
			"__comment": "Box20",
			"from": [ 11.4271, -1.9785, 14.7815 ],
			"to": [ 12.2741, -1.1315, 16.899 ],
			"faces": {
				"down": { "uv": [ 9.5, 1.75, 9.75, 2.25 ], "texture": "#bear" },
				"up": { "uv": [ 9.5, 1.75, 9.75, 2.25 ], "texture": "#bear" },
				"north": { "uv": [ 9.5, 1.75, 9.75, 2.25 ], "texture": "#bear" },
				"south": { "uv": [ 9.5, 1.75, 9.75, 2.25 ], "texture": "#bear" },
				"west": { "uv": [ 9.5, 1.75, 9.75, 2.25 ], "texture": "#bear" },
				"east": { "uv": [ 9.5, 1.75, 9.75, 2.25 ], "texture": "#bear" }
			}
		},
		{
			"__comment": "Box20",
			"from": [ 12.6977, -1.9785, 14.7815 ],
			"to": [ 13.5447, -1.1315, 16.899 ],
			"faces": {
				"down": { "uv": [ 9.5, 1.75, 9.75, 2.25 ], "texture": "#bear" },
				"up": { "uv": [ 9.5, 1.75, 9.75, 2.25 ], "texture": "#bear" },
				"north": { "uv": [ 9.5, 1.75, 9.75, 2.25 ], "texture": "#bear" },
				"south": { "uv": [ 9.5, 1.75, 9.75, 2.25 ], "texture": "#bear" },
				"west": { "uv": [ 9.5, 1.75, 9.75, 2.25 ], "texture": "#bear" },
				"east": { "uv": [ 9.5, 1.75, 9.75, 2.25 ], "texture": "#bear" }
			}
		},
		{
			"__comment": "Box20",
			"from": [ 10.0508, -1.9785, 14.7815 ],
			"to": [ 10.8978, -1.1315, 16.899 ],
			"faces": {
				"down": { "uv": [ 9.5, 1.75, 9.75, 2.25 ], "texture": "#bear" },
				"up": { "uv": [ 9.5, 1.75, 9.75, 2.25 ], "texture": "#bear" },
				"north": { "uv": [ 9.5, 1.75, 9.75, 2.25 ], "texture": "#bear" },
				"south": { "uv": [ 9.5, 1.75, 9.75, 2.25 ], "texture": "#bear" },
				"west": { "uv": [ 9.5, 1.75, 9.75, 2.25 ], "texture": "#bear" },
				"east": { "uv": [ 9.5, 1.75, 9.75, 2.25 ], "texture": "#bear" }
			}
		},
		{
			"__comment": "Box20",
			"from": [ 10.2625, -1.8727, 13.1934 ],
			"to": [ 10.686, -1.4492, 14.8874 ],
			"faces": {
				"down": { "uv": [ 9.5, 1.75, 9.75, 2.25 ], "texture": "#bear" },
				"up": { "uv": [ 9.5, 1.75, 9.75, 2.25 ], "texture": "#bear" },
				"north": { "uv": [ 9.5, 1.75, 9.75, 2.25 ], "texture": "#bear" },
				"south": { "uv": [ 9.5, 1.75, 9.75, 2.25 ], "texture": "#bear" },
				"west": { "uv": [ 9.5, 1.75, 9.75, 2.25 ], "texture": "#bear" },
				"east": { "uv": [ 9.5, 1.75, 9.75, 2.25 ], "texture": "#bear" }
			}
		},
		{
			"__comment": "Box20",
			"from": [ 11.6389, -1.8727, 13.1934 ],
			"to": [ 12.0624, -1.4492, 14.8874 ],
			"faces": {
				"down": { "uv": [ 9.5, 1.75, 9.75, 2.25 ], "texture": "#bear" },
				"up": { "uv": [ 9.5, 1.75, 9.75, 2.25 ], "texture": "#bear" },
				"north": { "uv": [ 9.5, 1.75, 9.75, 2.25 ], "texture": "#bear" },
				"south": { "uv": [ 9.5, 1.75, 9.75, 2.25 ], "texture": "#bear" },
				"west": { "uv": [ 9.5, 1.75, 9.75, 2.25 ], "texture": "#bear" },
				"east": { "uv": [ 9.5, 1.75, 9.75, 2.25 ], "texture": "#bear" }
			}
		},
		{
			"__comment": "Box20",
			"from": [ 12.9094, -1.8727, 13.1934 ],
			"to": [ 13.3329, -1.4492, 14.8874 ],
			"faces": {
				"down": { "uv": [ 9.5, 1.75, 9.75, 2.25 ], "texture": "#bear" },
				"up": { "uv": [ 9.5, 1.75, 9.75, 2.25 ], "texture": "#bear" },
				"north": { "uv": [ 9.5, 1.75, 9.75, 2.25 ], "texture": "#bear" },
				"south": { "uv": [ 9.5, 1.75, 9.75, 2.25 ], "texture": "#bear" },
				"west": { "uv": [ 9.5, 1.75, 9.75, 2.25 ], "texture": "#bear" },
				"east": { "uv": [ 9.5, 1.75, 9.75, 2.25 ], "texture": "#bear" }
			}
		},
		{
			"__comment": "Box20",
			"from": [ 1.5808, -1.9785, 14.7815 ],
			"to": [ 2.4278, -1.1315, 16.899 ],
			"faces": {
				"down": { "uv": [ 9.5, 1.75, 9.75, 2.25 ], "texture": "#bear" },
				"up": { "uv": [ 9.5, 1.75, 9.75, 2.25 ], "texture": "#bear" },
				"north": { "uv": [ 9.5, 1.75, 9.75, 2.25 ], "texture": "#bear" },
				"south": { "uv": [ 9.5, 1.75, 9.75, 2.25 ], "texture": "#bear" },
				"west": { "uv": [ 9.5, 1.75, 9.75, 2.25 ], "texture": "#bear" },
				"east": { "uv": [ 9.5, 1.75, 9.75, 2.25 ], "texture": "#bear" }
			}
		},
		{
			"__comment": "Box20",
			"from": [ 1.7925, -1.8727, 13.1934 ],
			"to": [ 2.216, -1.4492, 14.8874 ],
			"faces": {
				"down": { "uv": [ 9.5, 1.75, 9.75, 2.25 ], "texture": "#bear" },
				"up": { "uv": [ 9.5, 1.75, 9.75, 2.25 ], "texture": "#bear" },
				"north": { "uv": [ 9.5, 1.75, 9.75, 2.25 ], "texture": "#bear" },
				"south": { "uv": [ 9.5, 1.75, 9.75, 2.25 ], "texture": "#bear" },
				"west": { "uv": [ 9.5, 1.75, 9.75, 2.25 ], "texture": "#bear" },
				"east": { "uv": [ 9.5, 1.75, 9.75, 2.25 ], "texture": "#bear" }
			}
		},
		{
			"__comment": "Box20",
			"from": [ 2.9571, -1.9785, 14.7815 ],
			"to": [ 3.8041, -1.1315, 16.899 ],
			"faces": {
				"down": { "uv": [ 9.5, 1.75, 9.75, 2.25 ], "texture": "#bear" },
				"up": { "uv": [ 9.5, 1.75, 9.75, 2.25 ], "texture": "#bear" },
				"north": { "uv": [ 9.5, 1.75, 9.75, 2.25 ], "texture": "#bear" },
				"south": { "uv": [ 9.5, 1.75, 9.75, 2.25 ], "texture": "#bear" },
				"west": { "uv": [ 9.5, 1.75, 9.75, 2.25 ], "texture": "#bear" },
				"east": { "uv": [ 9.5, 1.75, 9.75, 2.25 ], "texture": "#bear" }
			}
		},
		{
			"__comment": "Box20",
			"from": [ 3.1689, -1.8727, 13.1934 ],
			"to": [ 3.5924, -1.4492, 14.8874 ],
			"faces": {
				"down": { "uv": [ 9.5, 1.75, 9.75, 2.25 ], "texture": "#bear" },
				"up": { "uv": [ 9.5, 1.75, 9.75, 2.25 ], "texture": "#bear" },
				"north": { "uv": [ 9.5, 1.75, 9.75, 2.25 ], "texture": "#bear" },
				"south": { "uv": [ 9.5, 1.75, 9.75, 2.25 ], "texture": "#bear" },
				"west": { "uv": [ 9.5, 1.75, 9.75, 2.25 ], "texture": "#bear" },
				"east": { "uv": [ 9.5, 1.75, 9.75, 2.25 ], "texture": "#bear" }
			}
		},
		{
			"__comment": "Box20",
			"from": [ 4.4394, -1.8727, 13.1934 ],
			"to": [ 4.8629, -1.4492, 14.8874 ],
			"faces": {
				"down": { "uv": [ 9.5, 1.75, 9.75, 2.25 ], "texture": "#bear" },
				"up": { "uv": [ 9.5, 1.75, 9.75, 2.25 ], "texture": "#bear" },
				"north": { "uv": [ 9.5, 1.75, 9.75, 2.25 ], "texture": "#bear" },
				"south": { "uv": [ 9.5, 1.75, 9.75, 2.25 ], "texture": "#bear" },
				"west": { "uv": [ 9.5, 1.75, 9.75, 2.25 ], "texture": "#bear" },
				"east": { "uv": [ 9.5, 1.75, 9.75, 2.25 ], "texture": "#bear" }
			}
		},
		{
			"__comment": "Box20",
			"from": [ 4.2276, -1.9785, 14.7815 ],
			"to": [ 5.0746, -1.1315, 16.899 ],
			"faces": {
				"down": { "uv": [ 9.5, 1.75, 9.75, 2.25 ], "texture": "#bear" },
				"up": { "uv": [ 9.5, 1.75, 9.75, 2.25 ], "texture": "#bear" },
				"north": { "uv": [ 9.5, 1.75, 9.75, 2.25 ], "texture": "#bear" },
				"south": { "uv": [ 9.5, 1.75, 9.75, 2.25 ], "texture": "#bear" },
				"west": { "uv": [ 9.5, 1.75, 9.75, 2.25 ], "texture": "#bear" },
				"east": { "uv": [ 9.5, 1.75, 9.75, 2.25 ], "texture": "#bear" }
			}
		},
		{
			"__comment": "Box20",
			"from": [ 5.8158, -1.9785, 15.4167 ],
			"to": [ 6.6628, -1.1315, 17.5342 ],
			"faces": {
				"down": { "uv": [ 9.5, 1.75, 9.75, 2.25 ], "texture": "#bear" },
				"up": { "uv": [ 9.5, 1.75, 9.75, 2.25 ], "texture": "#bear" },
				"north": { "uv": [ 9.5, 1.75, 9.75, 2.25 ], "texture": "#bear" },
				"south": { "uv": [ 9.5, 1.75, 9.75, 2.25 ], "texture": "#bear" },
				"west": { "uv": [ 9.5, 1.75, 9.75, 2.25 ], "texture": "#bear" },
				"east": { "uv": [ 9.5, 1.75, 9.75, 2.25 ], "texture": "#bear" }
			}
		},
		{
			"__comment": "Box20",
			"from": [ 6.0275, -1.7667, 13.7227 ],
			"to": [ 6.451, -1.3432, 15.4167 ],
			"faces": {
				"down": { "uv": [ 9.5, 1.75, 9.75, 2.25 ], "texture": "#bear" },
				"up": { "uv": [ 9.5, 1.75, 9.75, 2.25 ], "texture": "#bear" },
				"north": { "uv": [ 9.5, 1.75, 9.75, 2.25 ], "texture": "#bear" },
				"south": { "uv": [ 9.5, 1.75, 9.75, 2.25 ], "texture": "#bear" },
				"west": { "uv": [ 9.5, 1.75, 9.75, 2.25 ], "texture": "#bear" },
				"east": { "uv": [ 9.5, 1.75, 9.75, 2.25 ], "texture": "#bear" }
			}
		},
		{
			"__comment": "Box20",
			"from": [ -0.4317, 0.2065, -1.0827 ],
			"to": [ 0.4153, 1.0535, 1.034801 ],
			"rotation": { "origin": [ 4.65116, 0.869339, 4.668373 ], "axis": "x", "angle": -22.5 },
			"faces": {
				"down": { "uv": [ 9.5, 1.75, 9.75, 2.25 ], "texture": "#bear" },
				"up": { "uv": [ 9.5, 1.25, 9.75, 1.75 ], "texture": "#bear" },
				"north": { "uv": [ 11, 4.75, 11.25, 5 ], "texture": "#bear" },
				"south": { "uv": [ 11.25, 4.75, 11.5, 5 ], "texture": "#bear" },
				"west": { "uv": [ 9.75, 3.25, 10.25, 3.5 ], "texture": "#bear" },
				"east": { "uv": [ 9.75, 3, 10.25, 3.25 ], "texture": "#bear" }
			}
		},
		{
			"__comment": "Box20",
			"from": [ -0.22, -4.7193, 0.6781 ],
			"to": [ 0.2035, -3.0253, 1.1016 ],
			"rotation": { "origin": [ 4.65116, 0.869339, 4.668373 ], "axis": "x", "angle": 22.5 },
			"faces": {
				"down": { "uv": [ 9.75, 2.25, 9.5, 1.75 ], "texture": "#bear" },
				"up": { "uv": [ 9.5, 1.75, 9.75, 2.25 ], "texture": "#bear" },
				"north": { "uv": [ 9.75, 2.25, 9.5, 1.75 ], "texture": "#bear" },
				"south": { "uv": [ 9.5, 1.75, 9.75, 2.25 ], "texture": "#bear" },
				"west": { "uv": [ 9.5, 1.75, 9.75, 2.25 ], "texture": "#bear", "rotation": 270 },
				"east": { "uv": [ 9.5, 1.75, 9.75, 2.25 ], "texture": "#bear", "rotation": 90 }
			}
		},
		{
			"__comment": "Box20",
			"from": [ 1.1564, -4.7193, 0.6781 ],
			"to": [ 1.5799, -3.0253, 1.1016 ],
			"rotation": { "origin": [ 4.65116, 0.869339, 4.668373 ], "axis": "x", "angle": 22.5 },
			"faces": {
				"down": { "uv": [ 9.75, 2.25, 9.5, 1.75 ], "texture": "#bear" },
				"up": { "uv": [ 9.5, 1.75, 9.75, 2.25 ], "texture": "#bear" },
				"north": { "uv": [ 9.75, 2.25, 9.5, 1.75 ], "texture": "#bear" },
				"south": { "uv": [ 9.5, 1.75, 9.75, 2.25 ], "texture": "#bear" },
				"west": { "uv": [ 9.5, 1.75, 9.75, 2.25 ], "texture": "#bear", "rotation": 270 },
				"east": { "uv": [ 9.5, 1.75, 9.75, 2.25 ], "texture": "#bear", "rotation": 90 }
			}
		},
		{
			"__comment": "Box20",
			"from": [ 0.9446, 0.2065, -1.0827 ],
			"to": [ 1.7916, 1.0535, 1.034801 ],
			"rotation": { "origin": [ 4.65116, 0.869339, 4.668373 ], "axis": "x", "angle": -22.5 },
			"faces": {
				"down": { "uv": [ 9.5, 1.75, 9.75, 2.25 ], "texture": "#bear" },
				"up": { "uv": [ 9.5, 1.75, 9.75, 2.25 ], "texture": "#bear" },
				"north": { "uv": [ 9.5, 1.75, 9.75, 2.25 ], "texture": "#bear" },
				"south": { "uv": [ 9.5, 1.75, 9.75, 2.25 ], "texture": "#bear" },
				"west": { "uv": [ 9.5, 1.75, 9.75, 2.25 ], "texture": "#bear" },
				"east": { "uv": [ 9.5, 1.75, 9.75, 2.25 ], "texture": "#bear" }
			}
		},
		{
			"__comment": "Box20",
			"from": [ 2.2151, 0.2065, -1.0827 ],
			"to": [ 3.0621, 1.0535, 1.034801 ],
			"rotation": { "origin": [ 4.65116, 0.869339, 4.668373 ], "axis": "x", "angle": -22.5 },
			"faces": {
				"down": { "uv": [ 9.5, 1.75, 9.75, 2.25 ], "texture": "#bear" },
				"up": { "uv": [ 9.5, 1.75, 9.75, 2.25 ], "texture": "#bear" },
				"north": { "uv": [ 9.5, 1.75, 9.75, 2.25 ], "texture": "#bear" },
				"south": { "uv": [ 9.5, 1.75, 9.75, 2.25 ], "texture": "#bear" },
				"west": { "uv": [ 9.5, 1.75, 9.75, 2.25 ], "texture": "#bear" },
				"east": { "uv": [ 9.5, 1.75, 9.75, 2.25 ], "texture": "#bear" }
			}
		},
		{
			"__comment": "Box20",
			"from": [ 2.4269, -4.7193, 0.6781 ],
			"to": [ 2.8504, -3.0253, 1.1016 ],
			"rotation": { "origin": [ 4.65116, 0.869339, 4.668373 ], "axis": "x", "angle": 22.5 },
			"faces": {
				"down": { "uv": [ 9.75, 2.25, 9.5, 1.75 ], "texture": "#bear" },
				"up": { "uv": [ 9.5, 1.75, 9.75, 2.25 ], "texture": "#bear" },
				"north": { "uv": [ 9.75, 2.25, 9.5, 1.75 ], "texture": "#bear" },
				"south": { "uv": [ 9.5, 1.75, 9.75, 2.25 ], "texture": "#bear" },
				"west": { "uv": [ 9.5, 1.75, 9.75, 2.25 ], "texture": "#bear", "rotation": 270 },
				"east": { "uv": [ 9.5, 1.75, 9.75, 2.25 ], "texture": "#bear", "rotation": 90 }
			}
		},
		{
			"__comment": "Box20",
			"from": [ 3.8032, 0.2064, -0.4475 ],
			"to": [ 4.6502, 1.053398, 1.67 ],
			"rotation": { "origin": [ 4.65116, 0.869339, 4.668373 ], "axis": "x", "angle": -22.5 },
			"faces": {
				"down": { "uv": [ 9.5, 1.75, 9.75, 2.25 ], "texture": "#bear" },
				"up": { "uv": [ 9.5, 1.75, 9.75, 2.25 ], "texture": "#bear" },
				"north": { "uv": [ 9.5, 1.75, 9.75, 2.25 ], "texture": "#bear" },
				"south": { "uv": [ 9.5, 1.75, 9.75, 2.25 ], "texture": "#bear" },
				"west": { "uv": [ 9.5, 1.75, 9.75, 2.25 ], "texture": "#bear" },
				"east": { "uv": [ 9.5, 1.75, 9.75, 2.25 ], "texture": "#bear" }
			}
		},
		{
			"__comment": "Box20",
			"from": [ 4.015, -4.2649, 1.0769 ],
			"to": [ 4.4385, -2.5709, 1.5004 ],
			"rotation": { "origin": [ 4.65116, 0.869339, 4.668373 ], "axis": "x", "angle": 22.5 },
			"faces": {
				"down": { "uv": [ 9.75, 2.25, 9.5, 1.75 ], "texture": "#bear" },
				"up": { "uv": [ 9.5, 1.75, 9.75, 2.25 ], "texture": "#bear" },
				"north": { "uv": [ 9.75, 2.25, 9.5, 1.75 ], "texture": "#bear" },
				"south": { "uv": [ 9.5, 1.75, 9.75, 2.25 ], "texture": "#bear" },
				"west": { "uv": [ 9.5, 1.75, 9.75, 2.25 ], "texture": "#bear", "rotation": 270 },
				"east": { "uv": [ 9.5, 1.75, 9.75, 2.25 ], "texture": "#bear", "rotation": 90 }
			}
		},
		{
			"__comment": "Box20",
			"from": [ 10.4244, 1.6108, -1.1992 ],
			"to": [ 11.2714, 2.457799, 0.9183004 ],
			"rotation": { "origin": [ 3.77616, 5.494339, 6.168373 ], "axis": "x", "angle": -45 },
			"faces": {
				"down": { "uv": [ 9.5, 1.75, 9.75, 2.25 ], "texture": "#bear" },
				"up": { "uv": [ 9.5, 1.75, 9.75, 2.25 ], "texture": "#bear" },
				"north": { "uv": [ 9.5, 1.75, 9.75, 2.25 ], "texture": "#bear" },
				"south": { "uv": [ 9.5, 1.75, 9.75, 2.25 ], "texture": "#bear" },
				"west": { "uv": [ 9.5, 1.75, 9.75, 2.25 ], "texture": "#bear" },
				"east": { "uv": [ 9.5, 1.75, 9.75, 2.25 ], "texture": "#bear" }
			}
		},
		{
			"__comment": "Box20",
			"from": [ 10.6361, -4.1155, 6.2093 ],
			"to": [ 11.0596, -2.4215, 6.632801 ],
			"rotation": { "origin": [ 3.77616, 5.494339, 6.168373 ], "axis": "x", "angle": 22.5 },
			"faces": {
				"down": { "uv": [ 9.75, 2.25, 9.5, 1.75 ], "texture": "#bear" },
				"up": { "uv": [ 9.5, 1.75, 9.75, 2.25 ], "texture": "#bear" },
				"north": { "uv": [ 9.75, 2.25, 9.5, 1.75 ], "texture": "#bear" },
				"south": { "uv": [ 9.5, 1.75, 9.75, 2.25 ], "texture": "#bear" },
				"west": { "uv": [ 9.5, 1.75, 9.75, 2.25 ], "texture": "#bear", "rotation": 270 },
				"east": { "uv": [ 9.5, 1.75, 9.75, 2.25 ], "texture": "#bear", "rotation": 90 }
			}
		},
		{
			"__comment": "Box20",
			"from": [ 11.8008, 1.6108, -1.8344 ],
			"to": [ 12.6478, 2.457801, 0.2831006 ],
			"rotation": { "origin": [ 3.77616, 5.494339, 6.168373 ], "axis": "x", "angle": -45 },
			"faces": {
				"down": { "uv": [ 9.5, 1.75, 9.75, 2.25 ], "texture": "#bear" },
				"up": { "uv": [ 9.5, 1.75, 9.75, 2.25 ], "texture": "#bear" },
				"north": { "uv": [ 9.5, 1.75, 9.75, 2.25 ], "texture": "#bear" },
				"south": { "uv": [ 9.5, 1.75, 9.75, 2.25 ], "texture": "#bear" },
				"west": { "uv": [ 9.5, 1.75, 9.75, 2.25 ], "texture": "#bear" },
				"east": { "uv": [ 9.5, 1.75, 9.75, 2.25 ], "texture": "#bear" }
			}
		},
		{
			"__comment": "Box20",
			"from": [ 12.0125, -4.9625, 6.3152 ],
			"to": [ 12.436, -3.2685, 6.738699 ],
			"rotation": { "origin": [ 3.77616, 5.494339, 6.168373 ], "axis": "x", "angle": 22.5 },
			"faces": {
				"down": { "uv": [ 9.75, 2.25, 9.5, 1.75 ], "texture": "#bear" },
				"up": { "uv": [ 9.5, 1.75, 9.75, 2.25 ], "texture": "#bear" },
				"north": { "uv": [ 9.75, 2.25, 9.5, 1.75 ], "texture": "#bear" },
				"south": { "uv": [ 9.5, 1.75, 9.75, 2.25 ], "texture": "#bear" },
				"west": { "uv": [ 9.5, 1.75, 9.75, 2.25 ], "texture": "#bear", "rotation": 270 },
				"east": { "uv": [ 9.5, 1.75, 9.75, 2.25 ], "texture": "#bear", "rotation": 90 }
			}
		},
		{
			"__comment": "Box20",
			"from": [ 13.1771, 1.6108, -1.8344 ],
			"to": [ 14.0241, 2.457801, 0.2831006 ],
			"rotation": { "origin": [ 3.77616, 5.494339, 6.168373 ], "axis": "x", "angle": -45 },
			"faces": {
				"down": { "uv": [ 9.5, 1.75, 9.75, 2.25 ], "texture": "#bear" },
				"up": { "uv": [ 9.5, 1.75, 9.75, 2.25 ], "texture": "#bear" },
				"north": { "uv": [ 9.5, 1.75, 9.75, 2.25 ], "texture": "#bear" },
				"south": { "uv": [ 9.5, 1.75, 9.75, 2.25 ], "texture": "#bear" },
				"west": { "uv": [ 9.5, 1.75, 9.75, 2.25 ], "texture": "#bear" },
				"east": { "uv": [ 9.5, 1.75, 9.75, 2.25 ], "texture": "#bear" }
			}
		},
		{
			"__comment": "Box20",
			"from": [ 13.3889, -4.9625, 6.3152 ],
			"to": [ 13.8124, -3.2685, 6.738699 ],
			"rotation": { "origin": [ 3.77616, 5.494339, 6.168373 ], "axis": "x", "angle": 22.5 },
			"faces": {
				"down": { "uv": [ 9.75, 2.25, 9.5, 1.75 ], "texture": "#bear" },
				"up": { "uv": [ 9.5, 1.75, 9.75, 2.25 ], "texture": "#bear" },
				"north": { "uv": [ 9.75, 2.25, 9.5, 1.75 ], "texture": "#bear" },
				"south": { "uv": [ 9.5, 1.75, 9.75, 2.25 ], "texture": "#bear" },
				"west": { "uv": [ 9.5, 1.75, 9.75, 2.25 ], "texture": "#bear", "rotation": 270 },
				"east": { "uv": [ 9.5, 1.75, 9.75, 2.25 ], "texture": "#bear", "rotation": 90 }
			}
		},
		{
			"__comment": "Box20",
			"from": [ 14.4477, 1.6108, -1.8344 ],
			"to": [ 15.2947, 2.457801, 0.2831006 ],
			"rotation": { "origin": [ 3.77616, 5.494339, 6.168373 ], "axis": "x", "angle": -45 },
			"faces": {
				"down": { "uv": [ 9.5, 1.75, 9.75, 2.25 ], "texture": "#bear" },
				"up": { "uv": [ 9.5, 1.75, 9.75, 2.25 ], "texture": "#bear" },
				"north": { "uv": [ 9.5, 1.75, 9.75, 2.25 ], "texture": "#bear" },
				"south": { "uv": [ 9.5, 1.75, 9.75, 2.25 ], "texture": "#bear" },
				"west": { "uv": [ 9.5, 1.75, 9.75, 2.25 ], "texture": "#bear" },
				"east": { "uv": [ 9.5, 1.75, 9.75, 2.25 ], "texture": "#bear" }
			}
		},
		{
			"__comment": "Box20",
			"from": [ 14.6594, -4.9625, 6.3152 ],
			"to": [ 15.0829, -3.2685, 6.738699 ],
			"rotation": { "origin": [ 3.77616, 5.494339, 6.168373 ], "axis": "x", "angle": 22.5 },
			"faces": {
				"down": { "uv": [ 9.75, 2.25, 9.5, 1.75 ], "texture": "#bear" },
				"up": { "uv": [ 9.5, 1.75, 9.75, 2.25 ], "texture": "#bear" },
				"north": { "uv": [ 9.75, 2.25, 9.5, 1.75 ], "texture": "#bear" },
				"south": { "uv": [ 9.5, 1.75, 9.75, 2.25 ], "texture": "#bear" },
				"west": { "uv": [ 9.5, 1.75, 9.75, 2.25 ], "texture": "#bear", "rotation": 270 },
				"east": { "uv": [ 9.5, 1.75, 9.75, 2.25 ], "texture": "#bear", "rotation": 90 }
			}
		},
		{
			"__comment": "Box52",
			"from": [ 10.0744, 9.2354, 2.2072 ],
			"to": [ 10.4979, 10.5059, 3.4777 ],
			"rotation": { "origin": [ 4.65116, 7.619339, 0.5433731 ], "axis": "x", "angle": -22.5 },
			"faces": {
				"down": { "uv": [ 11, 1.75, 11.25, 2 ], "texture": "#bear" },
				"up": { "uv": [ 11.25, 2.25, 11, 2 ], "texture": "#bear" },
				"north": { "uv": [ 11.25, 3.25, 11, 3 ], "texture": "#bear", "rotation": 270 },
				"south": { "uv": [ 11, 2.75, 11.25, 3 ], "texture": "#bear", "rotation": 90 },
				"west": { "uv": [ 11, 2.25, 11.25, 2.5 ], "texture": "#bear", "rotation": 90 },
				"east": { "uv": [ 11, 2.5, 11.25, 2.75 ], "texture": "#bear", "rotation": 270 }
			}
		},
		{
			"__comment": "Box52",
			"from": [ 4.7569, 9.5877, 2.1553 ],
			"to": [ 5.1804, 10.8582, 3.4258 ],
			"rotation": { "origin": [ 4.65116, 7.619339, 0.5433731 ], "axis": "x", "angle": -22.5 },
			"faces": {
				"down": { "uv": [ 11, 0.5, 11.25, 0.75 ], "texture": "#bear" },
				"up": { "uv": [ 11.25, 0.5, 11, 0.25 ], "texture": "#bear" },
				"north": { "uv": [ 11.25, 1.75, 11, 1.5 ], "texture": "#bear", "rotation": 90 },
				"south": { "uv": [ 11, 1.25, 11.25, 1.5 ], "texture": "#bear", "rotation": 270 },
				"west": { "uv": [ 11, 1, 11.25, 1.25 ], "texture": "#bear", "rotation": 90 },
				"east": { "uv": [ 11, 0.75, 11.25, 1 ], "texture": "#bear", "rotation": 270 }
			}
		},
		{
			"__comment": "Box1",
			"from": [ 6.2392, 7.3103, -4.057 ],
			"to": [ 8.780199, 9.427799, -0.6689987 ],
			"faces": {
				"down": { "uv": [ 8.75, 0.75, 9.5, 1.75 ], "texture": "#bear" },
				"up": { "uv": [ 8.75, 2.75, 9.5, 3.75 ], "texture": "#bear" },
				"north": { "uv": [ 9.75, 4, 10.5, 4.75 ], "texture": "#bear" },
				"south": { "uv": [ 9.75, 4.75, 10.5, 5.5 ], "texture": "#bear" },
				"west": { "uv": [ 8.75, 2.75, 9.5, 3.75 ], "texture": "#bear", "rotation": 90 },
				"east": { "uv": [ 8.75, 2.75, 9.5, 3.75 ], "texture": "#bear", "rotation": 90 }
			}
		},
		{
			"__comment": "Box55",
			"from": [ 6.5752, 0.1733, 12.8056 ],
			"to": [ 7.275199, 2.2733, 15.2556 ],
			"rotation": { "origin": [ 4.65116, 6.119339, 2.293373 ], "axis": "x", "angle": -22.5 },
			"faces": {
				"down": { "uv": [ 0, 14.5, 1, 16 ], "texture": "#bear" },
				"up": { "uv": [ 0, 14.5, 1, 16 ], "texture": "#bear" },
				"north": { "uv": [ 0, 14.5, 1, 16 ], "texture": "#bear" },
				"south": { "uv": [ 0, 14.5, 1, 16 ], "texture": "#bear" },
				"west": { "uv": [ 0, 14.5, 1, 16 ], "texture": "#bear" },
				"east": { "uv": [ 0, 14.5, 1, 16 ], "texture": "#bear" }
			}
		}
	],
	"display": {
		"thirdperson_righthand": {
			"rotation":  [ 72, -2, 0 ],
			"translation":  [ 0, 2.0869, 0 ],
			"scale":  [ 0.5, 0.5, 0.5 ]
		},
		"thirdperson_lefthand": {
			"rotation":  [ 72, -2, 0 ],
			"translation":  [ 0, 2.0869, 0 ],
			"scale":  [ 0.5, 0.5, 0.5 ]
		},
		"firstperson_righthand": {
			"translation":  [ 4.1739, 0, -6.956 ],
			"scale":  [ 0.5, 0.5, 0.5 ]
		},
		"firstperson_lefthand": {
			"translation":  [ 4.1739, 0, -6.956 ],
			"scale":  [ 0.5, 0.5, 0.5 ]
		},
		"gui": {
			"rotation":  [ 16, 135, 0 ],
			"scale":  [ 0.3, 0.3, 0.3 ]
		},
		"head": {
			"translation":  [ 1.3924, -3.48, -13.21 ],
			"scale":  [ 4, 4, 4 ]
		},
		"ground": {
			"translation":  [ 0, 5.5652, 0 ],
			"scale":  [ 0.5, 0.5, 0.5 ]
		},
		"fixed": {
			"rotation":  [ -90, 0, 0 ],
			"translation":  [ 0, -4.173, -29.2 ],
			"scale":  [ 2, 2, 2 ]
		}
	}
}