{
	"__comment": "Cubik Studio - https://cubik.studio",
	"textures": {
		"bear": "item/bear"
	},
	"elements": [ 	 
		{
			"__comment": "Box1",
			"from": [ 2.8815, 1.9361, 15.9155 ],
			"to": [ 13.469, 11.2531, 21.421 ],
			"faces": {
				"down": { "uv": [ 5.5, 11.75, 8.5, 13.25 ], "texture": "#bear" },
				"up": { "uv": [ 5.5, 11.75, 8.5, 13.25 ], "texture": "#bear" },
				"north": { "uv": [ 0, 13.25, 3, 16 ], "texture": "#bear" },
				"south": { "uv": [ 3, 13.25, 6, 16 ], "texture": "#bear" },
				"west": { "uv": [ 14, 13.25, 15.5, 16 ], "texture": "#bear" },
				"east": { "uv": [ 15.5, 13.25, 14, 16 ], "texture": "#bear" }
			}
		},
		{
			"__comment": "Box1",
			"from": [ 6.693, 8.165299, -5.8947 ],
			"to": [ 9.233999, 8.588799, -2.5067 ],
			"faces": {
				"down": { "uv": [ 8.75, 1.75, 9.5, 2.75 ], "texture": "#bear" },
				"up": { "uv": [ 15.25, 7, 16, 8 ], "texture": "#bear" },
				"north": { "uv": [ 8, 13.25, 8.75, 13.5 ], "texture": "#bear" },
				"south": { "uv": [ 8.75, 13.25, 9.5, 13.5 ], "texture": "#bear" },
				"west": { "uv": [ 6, 13.25, 7, 13.5 ], "texture": "#bear" },
				"east": { "uv": [ 7, 13.25, 8, 13.5 ], "texture": "#bear" }
			}
		},
		{
			"__comment": "Box1",
			"from": [ 5.3167, 7.5683, 0.0343 ],
			"to": [ 10.3987, 12.2268, 2.5753 ],
			"faces": {
				"down": { "uv": [ 6.75, 10.5, 8.25, 11.75 ], "texture": "#bear" },
				"up": { "uv": [ 6.75, 10.5, 8.25, 11.75 ], "texture": "#bear" },
				"north": { "uv": [ 2.5, 3.25, 4, 4.5 ], "texture": "#bear" },
				"south": { "uv": [ 2.5, 4.5, 4, 5.75 ], "texture": "#bear" },
				"west": { "uv": [ 4, 7.25, 5.25, 8.75 ], "texture": "#bear" },
				"east": { "uv": [ 5.25, 7.25, 4, 8.75 ], "texture": "#bear" }
			}
		},
		{
			"__comment": "Box1",
			"from": [ 10.1868, 1.9561, 2.6278 ],
			"to": [ 13.5748, 5.3441, 7.2863 ],
			"rotation": { "origin": [ 2.24625, 5.89211, 4.432374 ], "axis": "x", "angle": 22.5 },
			"faces": {
				"down": { "uv": [ 10.75, 8, 11.75, 9.25 ], "texture": "#bear" },
				"up": { "uv": [ 11.75, 9.25, 10.75, 8 ], "texture": "#bear" },
				"north": { "uv": [ 8.75, 1.5, 7.75, 0.5 ], "texture": "#bear" },
				"south": { "uv": [ 8.75, 6, 9.75, 7 ], "texture": "#bear" },
				"west": { "uv": [ 8.75, 8, 9.75, 9.25 ], "texture": "#bear", "rotation": 90 },
				"east": { "uv": [ 9.75, 8, 8.75, 9.25 ], "texture": "#bear", "rotation": 270 }
			}
		},
		{
			"__comment": "Box1",
			"from": [ 5.1049, 7.1064, 0.6695 ],
			"to": [ 10.6104, 12.1884, 5.328001 ],
			"faces": {
				"down": { "uv": [ 6.75, 10.5, 8.25, 11.75 ], "texture": "#bear" },
				"up": { "uv": [ 6.75, 10.5, 8.25, 11.75 ], "texture": "#bear" },
				"north": { "uv": [ 14, 11.75, 15.5, 13.25 ], "texture": "#bear" },
				"south": { "uv": [ 2.5, 5.75, 4, 7.25 ], "texture": "#bear" },
				"west": { "uv": [ 4, 7.25, 5.25, 8.75 ], "texture": "#bear" },
				"east": { "uv": [ 5.25, 7.25, 4, 8.75 ], "texture": "#bear" }
			}
		},
		{
			"__comment": "Box1",
			"from": [ 3.5168, 3.5464, 5.328 ],
			"to": [ 12.4103, 11.5929, 10.8335 ],
			"faces": {
				"down": { "uv": [ 0, 6.75, 2.5, 8.25 ], "texture": "#bear" },
				"up": { "uv": [ 0, 6.75, 2.5, 8.25 ], "texture": "#bear" },
				"north": { "uv": [ 11.5, 13.75, 14, 16 ], "texture": "#bear" },
				"south": { "uv": [ 0, 11, 2.5, 13.25 ], "texture": "#bear" },
				"west": { "uv": [ 2.5, 9.5, 4, 11.75 ], "texture": "#bear" },
				"east": { "uv": [ 4, 9.5, 2.5, 11.75 ], "texture": "#bear" }
			}
		},
		{
			"__comment": "Box1",
			"from": [ 3.305, 2.6662, 10.41 ],
			"to": [ 13.0455, 11.1362, 15.9155 ],
			"faces": {
				"down": { "uv": [ 11.25, 11.75, 14, 13.25 ], "texture": "#bear" },
				"up": { "uv": [ 11.25, 11.75, 14, 13.25 ], "texture": "#bear" },
				"north": { "uv": [ 6, 13.5, 8.75, 16 ], "texture": "#bear" },
				"south": { "uv": [ 8.75, 13.5, 11.5, 16 ], "texture": "#bear" },
				"west": { "uv": [ 0, 2.75, 1.5, 5.25 ], "texture": "#bear" },
				"east": { "uv": [ 1.5, 2.75, 0, 5.25 ], "texture": "#bear" }
			}
		},
		{
			"__comment": "Box1",
			"from": [ 5.3167, 7.6359, -2.7185 ],
			"to": [ 10.8222, 12.2944, 1.093 ],
			"faces": {
				"down": { "uv": [ 9, 7, 10.25, 8 ], "texture": "#bear" },
				"up": { "uv": [ 9, 7, 10.25, 8 ], "texture": "#bear" },
				"north": { "uv": [ 6.5, 9.25, 7.75, 10.5 ], "texture": "#bear" },
				"south": { "uv": [ 7.75, 9.25, 9, 10.5 ], "texture": "#bear" },
				"west": { "uv": [ 7.75, 5.75, 8.75, 7 ], "texture": "#bear" },
				"east": { "uv": [ 8.75, 5.75, 7.75, 7 ], "texture": "#bear" }
			}
		},
		{
			"__comment": "Box1",
			"from": [ 10.081, -3.1546, 18.7059 ],
			"to": [ 13.469, 1.5039, 22.0939 ],
			"rotation": { "origin": [ 2.24625, 0.9744848, 17.96475 ], "axis": "x", "angle": -45 },
			"faces": {
				"down": { "uv": [ 7.75, 2.5, 8.75, 3.5 ], "texture": "#bear" },
				"up": { "uv": [ 7.75, 1.5, 8.75, 2.5 ], "texture": "#bear" },
				"north": { "uv": [ 14.5, 10.5, 15.75, 11.75 ], "texture": "#bear" },
				"south": { "uv": [ 14.5, 10.5, 15.75, 11.75 ], "texture": "#bear" },
				"west": { "uv": [ 1.5, 2.75, 2.5, 4 ], "texture": "#bear" },
				"east": { "uv": [ 2.5, 2.75, 1.5, 4 ], "texture": "#bear" }
			}
		},
		{
			"__comment": "Box1",
			"from": [ 9.7633, 0.9744, 17.9647 ],
			"to": [ 13.9983, 5.2094, 22.6232 ],
			"rotation": { "origin": [ 2.24625, 0.9744848, 17.96475 ], "axis": "x", "angle": -45 },
			"faces": {
				"down": { "uv": [ 14, 9.25, 15.25, 10.5 ], "texture": "#bear" },
				"up": { "uv": [ 6.5, 8, 7.75, 9.25 ], "texture": "#bear" },
				"north": { "uv": [ 14.5, 10.5, 15.75, 11.75 ], "texture": "#bear" },
				"south": { "uv": [ 14.5, 10.5, 15.75, 11.75 ], "texture": "#bear" },
				"west": { "uv": [ 6.5, 9.25, 5.25, 10.5 ], "texture": "#bear" },
				"east": { "uv": [ 6.5, 9.25, 5.25, 10.5 ], "texture": "#bear" }
			}
		},
		{
			"__comment": "Box1",
			"from": [ 9.8692, 0.6571, 4.8073 ],
			"to": [ 14.1042, 4.8921, 9.042299 ],
			"rotation": { "origin": [ 2.24625, 4.89211, 4.807374 ], "axis": "x", "angle": -22.5 },
			"faces": {
				"down": { "uv": [ 5.25, 4.25, 6.5, 5.5 ], "texture": "#bear" },
				"up": { "uv": [ 6.5, 5.5, 5.25, 4.25 ], "texture": "#bear" },
				"north": { "uv": [ 5.25, 5.75, 4, 4.5 ], "texture": "#bear" },
				"south": { "uv": [ 4, 3.25, 5.25, 4.5 ], "texture": "#bear" },
				"west": { "uv": [ 6.5, 1.75, 5.25, 3 ], "texture": "#bear", "rotation": 90 },
				"east": { "uv": [ 6.5, 1.75, 5.25, 3 ], "texture": "#bear", "rotation": 270 }
			}
		},
		{
			"__comment": "Box1",
			"from": [ 9.7633, -2.2578, 21.5418 ],
			"to": [ 13.9983, 2.824201, 23.2358 ],
			"rotation": { "origin": [ 2.24625, -0.7755148, 18.57725 ], "axis": "x", "angle": 22.5 },
			"faces": {
				"down": { "uv": [ 11.75, 9.25, 10.75, 8 ], "texture": "#bear" },
				"up": { "uv": [ 10.75, 8, 11.75, 9.25 ], "texture": "#bear" },
				"north": { "uv": [ 11.75, 9.25, 10.75, 8 ], "texture": "#bear" },
				"south": { "uv": [ 10.75, 8, 11.75, 9.25 ], "texture": "#bear" },
				"west": { "uv": [ 10.75, 8, 11.75, 9.25 ], "texture": "#bear", "rotation": 270 },
				"east": { "uv": [ 10.75, 8, 11.75, 9.25 ], "texture": "#bear", "rotation": 90 }
			}
		},
		{
			"__comment": "Box1",
			"from": [ 2.5639, 3.3311, 2.8527 ],
			"to": [ 5.9519, 6.7191, 7.5112 ],
			"rotation": { "origin": [ 2.24625, 7.26711, 4.657374 ], "axis": "x", "angle": 22.5 },
			"faces": {
				"down": { "uv": [ 9.75, 8, 10.75, 9.25 ], "texture": "#bear" },
				"up": { "uv": [ 11.75, 9.25, 10.75, 8 ], "texture": "#bear" },
				"north": { "uv": [ 14.25, 8, 13.25, 7 ], "texture": "#bear" },
				"south": { "uv": [ 8.75, 5, 9.75, 6 ], "texture": "#bear" },
				"west": { "uv": [ 8.75, 8, 9.75, 9.25 ], "texture": "#bear", "rotation": 90 },
				"east": { "uv": [ 8.75, 8, 9.75, 9.25 ], "texture": "#bear", "rotation": 270 }
			}
		},
		{
			"__comment": "Box1",
			"from": [ 2.5638, 2.6782, 18.6329 ],
			"to": [ 5.9518, 6.0662, 23.2914 ],
			"rotation": { "origin": [ 2.24625, 3.174485, 18.91475 ], "axis": "x", "angle": 22.5 },
			"faces": {
				"down": { "uv": [ 15.75, 11.75, 14.5, 10.5 ], "texture": "#bear" },
				"up": { "uv": [ 14.5, 10.5, 15.75, 11.75 ], "texture": "#bear" },
				"north": { "uv": [ 15.25, 8, 14.25, 7 ], "texture": "#bear" },
				"south": { "uv": [ 7.75, 3.5, 8.75, 4.5 ], "texture": "#bear" },
				"west": { "uv": [ 1.5, 2.75, 2.5, 4 ], "texture": "#bear", "rotation": 270 },
				"east": { "uv": [ 1.5, 2.75, 2.5, 4 ], "texture": "#bear", "rotation": 90 }
			}
		},
		{
			"__comment": "Box1",
			"from": [ 2.2463, 1.937, 14.9272 ],
			"to": [ 6.4813, 6.5955, 19.1622 ],
			"rotation": { "origin": [ 2.24625, 3.174485, 18.91475 ], "axis": "x", "angle": 22.5 },
			"faces": {
				"down": { "uv": [ 15.75, 11.75, 14.5, 10.5 ], "texture": "#bear" },
				"up": { "uv": [ 14.5, 10.5, 15.75, 11.75 ], "texture": "#bear" },
				"north": { "uv": [ 13.25, 11.75, 12, 10.5 ], "texture": "#bear" },
				"south": { "uv": [ 10.75, 10.5, 12, 11.75 ], "texture": "#bear" },
				"west": { "uv": [ 5.25, 9.25, 6.5, 10.5 ], "texture": "#bear", "rotation": 270 },
				"east": { "uv": [ 5.25, 9.25, 6.5, 10.5 ], "texture": "#bear", "rotation": 90 }
			}
		},
		{
			"__comment": "Box1",
			"from": [ 2.2463, 2.8446, 5.5573 ],
			"to": [ 6.4813, 7.0796, 9.792299 ],
			"faces": {
				"down": { "uv": [ 5.25, 4.25, 6.5, 5.5 ], "texture": "#bear" },
				"up": { "uv": [ 6.5, 5.5, 5.25, 4.25 ], "texture": "#bear" },
				"north": { "uv": [ 6.5, 8, 5.25, 6.75 ], "texture": "#bear" },
				"south": { "uv": [ 5.25, 5.5, 6.5, 6.75 ], "texture": "#bear" },
				"west": { "uv": [ 5.25, 1.75, 6.5, 3 ], "texture": "#bear", "rotation": 90 },
				"east": { "uv": [ 5.25, 1.75, 6.5, 3 ], "texture": "#bear", "rotation": 270 }
			}
		},
		{
			"__comment": "Box1",
			"from": [ 2.2463, -3.0578, 23.5042 ],
			"to": [ 6.4813, 2.0242, 25.1982 ],
			"rotation": { "origin": [ 2.24625, -1.575515, 20.53975 ], "axis": "x", "angle": -22.5 },
			"faces": {
				"down": { "uv": [ 11.75, 9.25, 10.75, 8 ], "texture": "#bear" },
				"up": { "uv": [ 10.75, 8, 11.75, 9.25 ], "texture": "#bear" },
				"north": { "uv": [ 11.75, 9.25, 10.75, 8 ], "texture": "#bear" },
				"south": { "uv": [ 10.75, 8, 11.75, 9.25 ], "texture": "#bear" },
				"west": { "uv": [ 10.75, 8, 11.75, 9.25 ], "texture": "#bear", "rotation": 270 },
				"east": { "uv": [ 10.75, 8, 11.75, 9.25 ], "texture": "#bear", "rotation": 90 }
			}
		},
		{
			"__comment": "Box1",
			"from": [ 2.2463, 4.9645, -1.3214 ],
			"to": [ 6.4813, 6.6585, 2.9136 ],
			"rotation": { "origin": [ 2.24625, 8.64211, 2.657374 ], "axis": "x", "angle": 0 },
			"faces": {
				"down": { "uv": [ 10.75, 8, 11.75, 9.25 ], "texture": "#bear" },
				"up": { "uv": [ 10.75, 8, 11.75, 9.25 ], "texture": "#bear" },
				"north": { "uv": [ 10.75, 8, 11.75, 9.25 ], "texture": "#bear" },
				"south": { "uv": [ 10.75, 8, 11.75, 9.25 ], "texture": "#bear" },
				"west": { "uv": [ 10.75, 8, 11.75, 9.25 ], "texture": "#bear" },
				"east": { "uv": [ 10.75, 8, 11.75, 9.25 ], "texture": "#bear" }
			}
		},
		{
			"__comment": "Box1",
			"from": [ 9.7633, 4.802, -1.1213 ],
			"to": [ 13.9983, 6.496, 3.1137 ],
			"rotation": { "origin": [ 9.76334, 4.80202, -1.12132 ], "axis": "x", "angle": 22.5 },
			"faces": {
				"down": { "uv": [ 10.75, 8, 11.75, 9.25 ], "texture": "#bear" },
				"up": { "uv": [ 10.75, 8, 11.75, 9.25 ], "texture": "#bear" },
				"north": { "uv": [ 10.75, 8, 11.75, 9.25 ], "texture": "#bear" },
				"south": { "uv": [ 10.75, 8, 11.75, 9.25 ], "texture": "#bear" },
				"west": { "uv": [ 10.75, 8, 11.75, 9.25 ], "texture": "#bear" },
				"east": { "uv": [ 10.75, 8, 11.75, 9.25 ], "texture": "#bear" }
			}
		},
		{
			"__comment": "Box20",
			"from": [ 9.1282, -3.8914, 18.1178 ],
			"to": [ 9.9752, -3.0444, 20.2353 ],
			"rotation": { "origin": [ 2.24625, 0.4494849, 20.76475 ], "axis": "x", "angle": -22.5 },
			"faces": {
				"down": { "uv": [ 9.5, 1.75, 9.75, 2.25 ], "texture": "#bear" },
				"up": { "uv": [ 9.5, 1.75, 9.75, 2.25 ], "texture": "#bear" },
				"north": { "uv": [ 9.5, 1.75, 9.75, 2.25 ], "texture": "#bear" },
				"south": { "uv": [ 9.5, 1.75, 9.75, 2.25 ], "texture": "#bear" },
				"west": { "uv": [ 9.5, 1.75, 9.75, 2.25 ], "texture": "#bear" },
				"east": { "uv": [ 9.5, 1.75, 9.75, 2.25 ], "texture": "#bear" }
			}
		},
		{
			"__comment": "Box20",
			"from": [ 9.3398, -3.6796, 16.4238 ],
			"to": [ 9.7633, -3.2561, 18.1178 ],
			"rotation": { "origin": [ 2.24625, 0.4494849, 20.76475 ], "axis": "x", "angle": -22.5 },
			"faces": {
				"down": { "uv": [ 9.5, 1.75, 9.75, 2.25 ], "texture": "#bear" },
				"up": { "uv": [ 9.5, 1.75, 9.75, 2.25 ], "texture": "#bear" },
				"north": { "uv": [ 9.5, 1.75, 9.75, 2.25 ], "texture": "#bear" },
				"south": { "uv": [ 9.5, 1.75, 9.75, 2.25 ], "texture": "#bear" },
				"west": { "uv": [ 9.5, 1.75, 9.75, 2.25 ], "texture": "#bear" },
				"east": { "uv": [ 9.5, 1.75, 9.75, 2.25 ], "texture": "#bear" }
			}
		},
		{
			"__comment": "Box20",
			"from": [ 11.8808, -3.8914, 17.4826 ],
			"to": [ 12.7278, -3.0444, 19.6001 ],
			"rotation": { "origin": [ 2.24625, 0.4494849, 20.76475 ], "axis": "x", "angle": -22.5 },
			"faces": {
				"down": { "uv": [ 9.5, 1.75, 9.75, 2.25 ], "texture": "#bear" },
				"up": { "uv": [ 9.5, 1.75, 9.75, 2.25 ], "texture": "#bear" },
				"north": { "uv": [ 9.5, 1.75, 9.75, 2.25 ], "texture": "#bear" },
				"south": { "uv": [ 9.5, 1.75, 9.75, 2.25 ], "texture": "#bear" },
				"west": { "uv": [ 9.5, 1.75, 9.75, 2.25 ], "texture": "#bear" },
				"east": { "uv": [ 9.5, 1.75, 9.75, 2.25 ], "texture": "#bear" }
			}
		},
		{
			"__comment": "Box20",
			"from": [ 13.1514, -3.8914, 17.4826 ],
			"to": [ 13.9984, -3.0444, 19.6001 ],
			"rotation": { "origin": [ 2.24625, 0.4494849, 20.76475 ], "axis": "x", "angle": -22.5 },
			"faces": {
				"down": { "uv": [ 9.5, 1.75, 9.75, 2.25 ], "texture": "#bear" },
				"up": { "uv": [ 9.5, 1.75, 9.75, 2.25 ], "texture": "#bear" },
				"north": { "uv": [ 9.5, 1.75, 9.75, 2.25 ], "texture": "#bear" },
				"south": { "uv": [ 9.5, 1.75, 9.75, 2.25 ], "texture": "#bear" },
				"west": { "uv": [ 9.5, 1.75, 9.75, 2.25 ], "texture": "#bear" },
				"east": { "uv": [ 9.5, 1.75, 9.75, 2.25 ], "texture": "#bear" }
			}
		},
		{
			"__comment": "Box20",
			"from": [ 10.5045, -3.8914, 17.4826 ],
			"to": [ 11.3515, -3.0444, 19.6001 ],
			"rotation": { "origin": [ 2.24625, 0.4494849, 20.76475 ], "axis": "x", "angle": -22.5 },
			"faces": {
				"down": { "uv": [ 9.5, 1.75, 9.75, 2.25 ], "texture": "#bear" },
				"up": { "uv": [ 9.5, 1.75, 9.75, 2.25 ], "texture": "#bear" },
				"north": { "uv": [ 9.5, 1.75, 9.75, 2.25 ], "texture": "#bear" },
				"south": { "uv": [ 9.5, 1.75, 9.75, 2.25 ], "texture": "#bear" },
				"west": { "uv": [ 9.5, 1.75, 9.75, 2.25 ], "texture": "#bear" },
				"east": { "uv": [ 9.5, 1.75, 9.75, 2.25 ], "texture": "#bear" }
			}
		},
		{
			"__comment": "Box20",
			"from": [ 10.7162, -3.7855, 15.8944 ],
			"to": [ 11.1397, -3.362, 17.5884 ],
			"rotation": { "origin": [ 2.24625, 0.4494849, 20.76475 ], "axis": "x", "angle": -22.5 },
			"faces": {
				"down": { "uv": [ 9.5, 1.75, 9.75, 2.25 ], "texture": "#bear" },
				"up": { "uv": [ 9.5, 1.75, 9.75, 2.25 ], "texture": "#bear" },
				"north": { "uv": [ 9.5, 1.75, 9.75, 2.25 ], "texture": "#bear" },
				"south": { "uv": [ 9.5, 1.75, 9.75, 2.25 ], "texture": "#bear" },
				"west": { "uv": [ 9.5, 1.75, 9.75, 2.25 ], "texture": "#bear" },
				"east": { "uv": [ 9.5, 1.75, 9.75, 2.25 ], "texture": "#bear" }
			}
		},
		{
			"__comment": "Box20",
			"from": [ 12.0927, -3.7855, 15.8944 ],
			"to": [ 12.5162, -3.362, 17.5884 ],
			"rotation": { "origin": [ 2.24625, 0.4494849, 20.76475 ], "axis": "x", "angle": -22.5 },
			"faces": {
				"down": { "uv": [ 9.5, 1.75, 9.75, 2.25 ], "texture": "#bear" },
				"up": { "uv": [ 9.5, 1.75, 9.75, 2.25 ], "texture": "#bear" },
				"north": { "uv": [ 9.5, 1.75, 9.75, 2.25 ], "texture": "#bear" },
				"south": { "uv": [ 9.5, 1.75, 9.75, 2.25 ], "texture": "#bear" },
				"west": { "uv": [ 9.5, 1.75, 9.75, 2.25 ], "texture": "#bear" },
				"east": { "uv": [ 9.5, 1.75, 9.75, 2.25 ], "texture": "#bear" }
			}
		},
		{
			"__comment": "Box20",
			"from": [ 13.3632, -3.7855, 15.8944 ],
			"to": [ 13.7867, -3.362, 17.5884 ],
			"rotation": { "origin": [ 2.24625, 0.4494849, 20.76475 ], "axis": "x", "angle": -22.5 },
			"faces": {
				"down": { "uv": [ 9.5, 1.75, 9.75, 2.25 ], "texture": "#bear" },
				"up": { "uv": [ 9.5, 1.75, 9.75, 2.25 ], "texture": "#bear" },
				"north": { "uv": [ 9.5, 1.75, 9.75, 2.25 ], "texture": "#bear" },
				"south": { "uv": [ 9.5, 1.75, 9.75, 2.25 ], "texture": "#bear" },
				"west": { "uv": [ 9.5, 1.75, 9.75, 2.25 ], "texture": "#bear" },
				"east": { "uv": [ 9.5, 1.75, 9.75, 2.25 ], "texture": "#bear" }
			}
		},
		{
			"__comment": "Box20",
			"from": [ 2.0345, -4.8577, 24.0336 ],
			"to": [ 2.8815, -2.7402, 24.8806 ],
			"rotation": { "origin": [ 2.24625, -1.575515, 20.53975 ], "axis": "x", "angle": -22.5 },
			"faces": {
				"down": { "uv": [ 9.75, 2.25, 9.5, 1.75 ], "texture": "#bear" },
				"up": { "uv": [ 9.5, 1.75, 9.75, 2.25 ], "texture": "#bear" },
				"north": { "uv": [ 9.75, 2.25, 9.5, 1.75 ], "texture": "#bear" },
				"south": { "uv": [ 9.5, 1.75, 9.75, 2.25 ], "texture": "#bear" },
				"west": { "uv": [ 9.5, 1.75, 9.75, 2.25 ], "texture": "#bear", "rotation": 270 },
				"east": { "uv": [ 9.5, 1.75, 9.75, 2.25 ], "texture": "#bear", "rotation": 90 }
			}
		},
		{
			"__comment": "Box20",
			"from": [ 2.2463, -6.4459, 24.3512 ],
			"to": [ 2.6698, -4.7519, 24.7747 ],
			"rotation": { "origin": [ 2.24625, -1.575515, 20.53975 ], "axis": "x", "angle": -22.5 },
			"faces": {
				"down": { "uv": [ 9.75, 2.25, 9.5, 1.75 ], "texture": "#bear" },
				"up": { "uv": [ 9.5, 1.75, 9.75, 2.25 ], "texture": "#bear" },
				"north": { "uv": [ 9.75, 2.25, 9.5, 1.75 ], "texture": "#bear" },
				"south": { "uv": [ 9.5, 1.75, 9.75, 2.25 ], "texture": "#bear" },
				"west": { "uv": [ 9.5, 1.75, 9.75, 2.25 ], "texture": "#bear", "rotation": 270 },
				"east": { "uv": [ 9.5, 1.75, 9.75, 2.25 ], "texture": "#bear", "rotation": 90 }
			}
		},
		{
			"__comment": "Box20",
			"from": [ 3.4108, -4.8577, 24.0336 ],
			"to": [ 4.2578, -2.7402, 24.8806 ],
			"rotation": { "origin": [ 2.24625, -1.575515, 20.53975 ], "axis": "x", "angle": -22.5 },
			"faces": {
				"down": { "uv": [ 9.75, 2.25, 9.5, 1.75 ], "texture": "#bear" },
				"up": { "uv": [ 9.5, 1.75, 9.75, 2.25 ], "texture": "#bear" },
				"north": { "uv": [ 9.75, 2.25, 9.5, 1.75 ], "texture": "#bear" },
				"south": { "uv": [ 9.5, 1.75, 9.75, 2.25 ], "texture": "#bear" },
				"west": { "uv": [ 9.5, 1.75, 9.75, 2.25 ], "texture": "#bear", "rotation": 270 },
				"east": { "uv": [ 9.5, 1.75, 9.75, 2.25 ], "texture": "#bear", "rotation": 90 }
			}
		},
		{
			"__comment": "Box20",
			"from": [ 3.6227, -6.4459, 24.3512 ],
			"to": [ 4.0462, -4.7519, 24.7747 ],
			"rotation": { "origin": [ 2.24625, -1.575515, 20.53975 ], "axis": "x", "angle": -22.5 },
			"faces": {
				"down": { "uv": [ 9.75, 2.25, 9.5, 1.75 ], "texture": "#bear" },
				"up": { "uv": [ 9.5, 1.75, 9.75, 2.25 ], "texture": "#bear" },
				"north": { "uv": [ 9.75, 2.25, 9.5, 1.75 ], "texture": "#bear" },
				"south": { "uv": [ 9.5, 1.75, 9.75, 2.25 ], "texture": "#bear" },
				"west": { "uv": [ 9.5, 1.75, 9.75, 2.25 ], "texture": "#bear", "rotation": 270 },
				"east": { "uv": [ 9.5, 1.75, 9.75, 2.25 ], "texture": "#bear", "rotation": 90 }
			}
		},
		{
			"__comment": "Box20",
			"from": [ 4.8932, -6.4459, 24.3512 ],
			"to": [ 5.3167, -4.7519, 24.7747 ],
			"rotation": { "origin": [ 2.24625, -1.575515, 20.53975 ], "axis": "x", "angle": -22.5 },
			"faces": {
				"down": { "uv": [ 9.75, 2.25, 9.5, 1.75 ], "texture": "#bear" },
				"up": { "uv": [ 9.5, 1.75, 9.75, 2.25 ], "texture": "#bear" },
				"north": { "uv": [ 9.75, 2.25, 9.5, 1.75 ], "texture": "#bear" },
				"south": { "uv": [ 9.5, 1.75, 9.75, 2.25 ], "texture": "#bear" },
				"west": { "uv": [ 9.5, 1.75, 9.75, 2.25 ], "texture": "#bear", "rotation": 270 },
				"east": { "uv": [ 9.5, 1.75, 9.75, 2.25 ], "texture": "#bear", "rotation": 90 }
			}
		},
		{
			"__comment": "Box20",
			"from": [ 4.6813, -4.8577, 24.0336 ],
			"to": [ 5.5283, -2.7402, 24.8806 ],
			"rotation": { "origin": [ 2.24625, -1.575515, 20.53975 ], "axis": "x", "angle": -22.5 },
			"faces": {
				"down": { "uv": [ 9.75, 2.25, 9.5, 1.75 ], "texture": "#bear" },
				"up": { "uv": [ 9.5, 1.75, 9.75, 2.25 ], "texture": "#bear" },
				"north": { "uv": [ 9.75, 2.25, 9.5, 1.75 ], "texture": "#bear" },
				"south": { "uv": [ 9.5, 1.75, 9.75, 2.25 ], "texture": "#bear" },
				"west": { "uv": [ 9.5, 1.75, 9.75, 2.25 ], "texture": "#bear", "rotation": 270 },
				"east": { "uv": [ 9.5, 1.75, 9.75, 2.25 ], "texture": "#bear", "rotation": 90 }
			}
		},
		{
			"__comment": "Box20",
			"from": [ 6.2695, -4.2224, 24.0336 ],
			"to": [ 7.1165, -2.1049, 24.8806 ],
			"rotation": { "origin": [ 2.24625, -1.575515, 20.53975 ], "axis": "x", "angle": -22.5 },
			"faces": {
				"down": { "uv": [ 9.75, 2.25, 9.5, 1.75 ], "texture": "#bear" },
				"up": { "uv": [ 9.5, 1.75, 9.75, 2.25 ], "texture": "#bear" },
				"north": { "uv": [ 9.75, 2.25, 9.5, 1.75 ], "texture": "#bear" },
				"south": { "uv": [ 9.5, 1.75, 9.75, 2.25 ], "texture": "#bear" },
				"west": { "uv": [ 9.5, 1.75, 9.75, 2.25 ], "texture": "#bear", "rotation": 270 },
				"east": { "uv": [ 9.5, 1.75, 9.75, 2.25 ], "texture": "#bear", "rotation": 90 }
			}
		},
		{
			"__comment": "Box20",
			"from": [ 6.4813, -5.9164, 24.2454 ],
			"to": [ 6.9048, -4.2224, 24.6689 ],
			"rotation": { "origin": [ 2.24625, -1.575515, 20.53975 ], "axis": "x", "angle": -22.5 },
			"faces": {
				"down": { "uv": [ 9.75, 2.25, 9.5, 1.75 ], "texture": "#bear" },
				"up": { "uv": [ 9.5, 1.75, 9.75, 2.25 ], "texture": "#bear" },
				"north": { "uv": [ 9.75, 2.25, 9.5, 1.75 ], "texture": "#bear" },
				"south": { "uv": [ 9.5, 1.75, 9.75, 2.25 ], "texture": "#bear" },
				"west": { "uv": [ 9.5, 1.75, 9.75, 2.25 ], "texture": "#bear", "rotation": 270 },
				"east": { "uv": [ 9.5, 1.75, 9.75, 2.25 ], "texture": "#bear", "rotation": 90 }
			}
		},
		{
			"__comment": "Box20",
			"from": [ 2.0345, 5.2822, -3.3329 ],
			"to": [ 2.8815, 6.1292, -1.2154 ],
			"rotation": { "origin": [ 2.24625, 8.64211, 2.657374 ], "axis": "x", "angle": 0 },
			"faces": {
				"down": { "uv": [ 9.5, 1.75, 9.75, 2.25 ], "texture": "#bear" },
				"up": { "uv": [ 9.5, 1.25, 9.75, 1.75 ], "texture": "#bear" },
				"north": { "uv": [ 11, 4.75, 11.25, 5 ], "texture": "#bear" },
				"south": { "uv": [ 11.25, 4.75, 11.5, 5 ], "texture": "#bear" },
				"west": { "uv": [ 9.75, 3.25, 10.25, 3.5 ], "texture": "#bear" },
				"east": { "uv": [ 9.75, 3, 10.25, 3.25 ], "texture": "#bear" }
			}
		},
		{
			"__comment": "Box20",
			"from": [ 2.2463, 5.388, -4.921 ],
			"to": [ 2.6698, 5.8115, -3.227 ],
			"rotation": { "origin": [ 2.24625, 8.64211, 2.657374 ], "axis": "x", "angle": 0 },
			"faces": {
				"down": { "uv": [ 9.5, 1.75, 9.75, 2.25 ], "texture": "#bear" },
				"up": { "uv": [ 9.5, 1.75, 9.75, 2.25 ], "texture": "#bear" },
				"north": { "uv": [ 9.5, 1.75, 9.75, 2.25 ], "texture": "#bear" },
				"south": { "uv": [ 9.5, 1.75, 9.75, 2.25 ], "texture": "#bear" },
				"west": { "uv": [ 9.5, 1.75, 9.75, 2.25 ], "texture": "#bear" },
				"east": { "uv": [ 9.5, 1.75, 9.75, 2.25 ], "texture": "#bear" }
			}
		},
		{
			"__comment": "Box20",
			"from": [ 3.6227, 5.388, -4.921 ],
			"to": [ 4.0462, 5.8115, -3.227 ],
			"rotation": { "origin": [ 2.24625, 8.64211, 2.657374 ], "axis": "x", "angle": 0 },
			"faces": {
				"down": { "uv": [ 9.5, 1.75, 9.75, 2.25 ], "texture": "#bear" },
				"up": { "uv": [ 9.5, 1.75, 9.75, 2.25 ], "texture": "#bear" },
				"north": { "uv": [ 9.5, 1.75, 9.75, 2.25 ], "texture": "#bear" },
				"south": { "uv": [ 9.5, 1.75, 9.75, 2.25 ], "texture": "#bear" },
				"west": { "uv": [ 9.5, 1.75, 9.75, 2.25 ], "texture": "#bear" },
				"east": { "uv": [ 9.5, 1.75, 9.75, 2.25 ], "texture": "#bear" }
			}
		},
		{
			"__comment": "Box20",
			"from": [ 3.4108, 5.2822, -3.3329 ],
			"to": [ 4.2578, 6.1292, -1.2154 ],
			"rotation": { "origin": [ 2.24625, 8.64211, 2.657374 ], "axis": "x", "angle": 0 },
			"faces": {
				"down": { "uv": [ 9.5, 1.75, 9.75, 2.25 ], "texture": "#bear" },
				"up": { "uv": [ 9.5, 1.75, 9.75, 2.25 ], "texture": "#bear" },
				"north": { "uv": [ 9.5, 1.75, 9.75, 2.25 ], "texture": "#bear" },
				"south": { "uv": [ 9.5, 1.75, 9.75, 2.25 ], "texture": "#bear" },
				"west": { "uv": [ 9.5, 1.75, 9.75, 2.25 ], "texture": "#bear" },
				"east": { "uv": [ 9.5, 1.75, 9.75, 2.25 ], "texture": "#bear" }
			}
		},
		{
			"__comment": "Box20",
			"from": [ 4.6813, 5.2822, -3.3329 ],
			"to": [ 5.5283, 6.1292, -1.2154 ],
			"rotation": { "origin": [ 2.24625, 8.64211, 2.657374 ], "axis": "x", "angle": 0 },
			"faces": {
				"down": { "uv": [ 9.5, 1.75, 9.75, 2.25 ], "texture": "#bear" },
				"up": { "uv": [ 9.5, 1.75, 9.75, 2.25 ], "texture": "#bear" },
				"north": { "uv": [ 9.5, 1.75, 9.75, 2.25 ], "texture": "#bear" },
				"south": { "uv": [ 9.5, 1.75, 9.75, 2.25 ], "texture": "#bear" },
				"west": { "uv": [ 9.5, 1.75, 9.75, 2.25 ], "texture": "#bear" },
				"east": { "uv": [ 9.5, 1.75, 9.75, 2.25 ], "texture": "#bear" }
			}
		},
		{
			"__comment": "Box20",
			"from": [ 4.8932, 5.388, -4.921 ],
			"to": [ 5.3167, 5.8115, -3.227 ],
			"rotation": { "origin": [ 2.24625, 8.64211, 2.657374 ], "axis": "x", "angle": 0 },
			"faces": {
				"down": { "uv": [ 9.5, 1.75, 9.75, 2.25 ], "texture": "#bear" },
				"up": { "uv": [ 9.5, 1.75, 9.75, 2.25 ], "texture": "#bear" },
				"north": { "uv": [ 9.5, 1.75, 9.75, 2.25 ], "texture": "#bear" },
				"south": { "uv": [ 9.5, 1.75, 9.75, 2.25 ], "texture": "#bear" },
				"west": { "uv": [ 9.5, 1.75, 9.75, 2.25 ], "texture": "#bear" },
				"east": { "uv": [ 9.5, 1.75, 9.75, 2.25 ], "texture": "#bear" }
			}
		},
		{
			"__comment": "Box20",
			"from": [ 6.2695, 5.2821, -2.6977 ],
			"to": [ 7.1165, 6.1291, -0.5802 ],
			"rotation": { "origin": [ 2.24625, 8.64211, 2.657374 ], "axis": "x", "angle": 0 },
			"faces": {
				"down": { "uv": [ 9.5, 1.75, 9.75, 2.25 ], "texture": "#bear" },
				"up": { "uv": [ 9.5, 1.75, 9.75, 2.25 ], "texture": "#bear" },
				"north": { "uv": [ 9.5, 1.75, 9.75, 2.25 ], "texture": "#bear" },
				"south": { "uv": [ 9.5, 1.75, 9.75, 2.25 ], "texture": "#bear" },
				"west": { "uv": [ 9.5, 1.75, 9.75, 2.25 ], "texture": "#bear" },
				"east": { "uv": [ 9.5, 1.75, 9.75, 2.25 ], "texture": "#bear" }
			}
		},
		{
			"__comment": "Box20",
			"from": [ 6.4813, 5.4939, -4.3917 ],
			"to": [ 6.9048, 5.9174, -2.6977 ],
			"rotation": { "origin": [ 2.24625, 8.64211, 2.657374 ], "axis": "x", "angle": 0 },
			"faces": {
				"down": { "uv": [ 9.5, 1.75, 9.75, 2.25 ], "texture": "#bear" },
				"up": { "uv": [ 9.5, 1.75, 9.75, 2.25 ], "texture": "#bear" },
				"north": { "uv": [ 9.5, 1.75, 9.75, 2.25 ], "texture": "#bear" },
				"south": { "uv": [ 9.5, 1.75, 9.75, 2.25 ], "texture": "#bear" },
				"west": { "uv": [ 9.5, 1.75, 9.75, 2.25 ], "texture": "#bear" },
				"east": { "uv": [ 9.5, 1.75, 9.75, 2.25 ], "texture": "#bear" }
			}
		},
		{
			"__comment": "Box20",
			"from": [ 9.1282, 4.8571, -2.4977 ],
			"to": [ 9.9752, 5.7041, -0.3801999 ],
			"rotation": { "origin": [ 9.76334, 4.80202, -1.12132 ], "axis": "x", "angle": 22.5 },
			"faces": {
				"down": { "uv": [ 9.5, 1.75, 9.75, 2.25 ], "texture": "#bear" },
				"up": { "uv": [ 9.5, 1.75, 9.75, 2.25 ], "texture": "#bear" },
				"north": { "uv": [ 9.5, 1.75, 9.75, 2.25 ], "texture": "#bear" },
				"south": { "uv": [ 9.5, 1.75, 9.75, 2.25 ], "texture": "#bear" },
				"west": { "uv": [ 9.5, 1.75, 9.75, 2.25 ], "texture": "#bear" },
				"east": { "uv": [ 9.5, 1.75, 9.75, 2.25 ], "texture": "#bear" }
			}
		},
		{
			"__comment": "Box20",
			"from": [ 9.3398, 5.0689, -3.8741 ],
			"to": [ 9.7633, 5.4924, -2.1801 ],
			"rotation": { "origin": [ 9.76334, 4.80202, -1.12132 ], "axis": "x", "angle": 22.5 },
			"faces": {
				"down": { "uv": [ 9.5, 1.75, 9.75, 2.25 ], "texture": "#bear" },
				"up": { "uv": [ 9.5, 1.75, 9.75, 2.25 ], "texture": "#bear" },
				"north": { "uv": [ 9.5, 1.75, 9.75, 2.25 ], "texture": "#bear" },
				"south": { "uv": [ 9.5, 1.75, 9.75, 2.25 ], "texture": "#bear" },
				"west": { "uv": [ 9.5, 1.75, 9.75, 2.25 ], "texture": "#bear" },
				"east": { "uv": [ 9.5, 1.75, 9.75, 2.25 ], "texture": "#bear" }
			}
		},
		{
			"__comment": "Box20",
			"from": [ 10.5045, 5.1197, -3.1329 ],
			"to": [ 11.3515, 5.9667, -1.0154 ],
			"rotation": { "origin": [ 9.76334, 4.80202, -1.12132 ], "axis": "x", "angle": 22.5 },
			"faces": {
				"down": { "uv": [ 9.5, 1.75, 9.75, 2.25 ], "texture": "#bear" },
				"up": { "uv": [ 9.5, 1.75, 9.75, 2.25 ], "texture": "#bear" },
				"north": { "uv": [ 9.5, 1.75, 9.75, 2.25 ], "texture": "#bear" },
				"south": { "uv": [ 9.5, 1.75, 9.75, 2.25 ], "texture": "#bear" },
				"west": { "uv": [ 9.5, 1.75, 9.75, 2.25 ], "texture": "#bear" },
				"east": { "uv": [ 9.5, 1.75, 9.75, 2.25 ], "texture": "#bear" }
			}
		},
		{
			"__comment": "Box20",
			"from": [ 10.7162, 5.2255, -4.721 ],
			"to": [ 11.1397, 5.649, -3.027 ],
			"rotation": { "origin": [ 9.76334, 4.80202, -1.12132 ], "axis": "x", "angle": 22.5 },
			"faces": {
				"down": { "uv": [ 9.5, 1.75, 9.75, 2.25 ], "texture": "#bear" },
				"up": { "uv": [ 9.5, 1.75, 9.75, 2.25 ], "texture": "#bear" },
				"north": { "uv": [ 9.5, 1.75, 9.75, 2.25 ], "texture": "#bear" },
				"south": { "uv": [ 9.5, 1.75, 9.75, 2.25 ], "texture": "#bear" },
				"west": { "uv": [ 9.5, 1.75, 9.75, 2.25 ], "texture": "#bear" },
				"east": { "uv": [ 9.5, 1.75, 9.75, 2.25 ], "texture": "#bear" }
			}
		},
		{
			"__comment": "Box20",
			"from": [ 11.8808, 5.1197, -3.1329 ],
			"to": [ 12.7278, 5.9667, -1.0154 ],
			"rotation": { "origin": [ 9.76334, 4.80202, -1.12132 ], "axis": "x", "angle": 22.5 },
			"faces": {
				"down": { "uv": [ 9.5, 1.75, 9.75, 2.25 ], "texture": "#bear" },
				"up": { "uv": [ 9.5, 1.75, 9.75, 2.25 ], "texture": "#bear" },
				"north": { "uv": [ 9.5, 1.75, 9.75, 2.25 ], "texture": "#bear" },
				"south": { "uv": [ 9.5, 1.75, 9.75, 2.25 ], "texture": "#bear" },
				"west": { "uv": [ 9.5, 1.75, 9.75, 2.25 ], "texture": "#bear" },
				"east": { "uv": [ 9.5, 1.75, 9.75, 2.25 ], "texture": "#bear" }
			}
		},
		{
			"__comment": "Box20",
			"from": [ 12.0927, 5.2255, -4.721 ],
			"to": [ 12.5162, 5.649, -3.027 ],
			"rotation": { "origin": [ 9.76334, 4.80202, -1.12132 ], "axis": "x", "angle": 22.5 },
			"faces": {
				"down": { "uv": [ 9.5, 1.75, 9.75, 2.25 ], "texture": "#bear" },
				"up": { "uv": [ 9.5, 1.75, 9.75, 2.25 ], "texture": "#bear" },
				"north": { "uv": [ 9.5, 1.75, 9.75, 2.25 ], "texture": "#bear" },
				"south": { "uv": [ 9.5, 1.75, 9.75, 2.25 ], "texture": "#bear" },
				"west": { "uv": [ 9.5, 1.75, 9.75, 2.25 ], "texture": "#bear" },
				"east": { "uv": [ 9.5, 1.75, 9.75, 2.25 ], "texture": "#bear" }
			}
		},
		{
			"__comment": "Box20",
			"from": [ 13.1514, 5.1197, -3.1329 ],
			"to": [ 13.9984, 5.9667, -1.0154 ],
			"rotation": { "origin": [ 9.76334, 4.80202, -1.12132 ], "axis": "x", "angle": 22.5 },
			"faces": {
				"down": { "uv": [ 9.5, 1.75, 9.75, 2.25 ], "texture": "#bear" },
				"up": { "uv": [ 9.5, 1.75, 9.75, 2.25 ], "texture": "#bear" },
				"north": { "uv": [ 9.5, 1.75, 9.75, 2.25 ], "texture": "#bear" },
				"south": { "uv": [ 9.5, 1.75, 9.75, 2.25 ], "texture": "#bear" },
				"west": { "uv": [ 9.5, 1.75, 9.75, 2.25 ], "texture": "#bear" },
				"east": { "uv": [ 9.5, 1.75, 9.75, 2.25 ], "texture": "#bear" }
			}
		},
		{
			"__comment": "Box20",
			"from": [ 13.3632, 5.2255, -4.721 ],
			"to": [ 13.7867, 5.649, -3.027 ],
			"rotation": { "origin": [ 9.76334, 4.80202, -1.12132 ], "axis": "x", "angle": 22.5 },
			"faces": {
				"down": { "uv": [ 9.5, 1.75, 9.75, 2.25 ], "texture": "#bear" },
				"up": { "uv": [ 9.5, 1.75, 9.75, 2.25 ], "texture": "#bear" },
				"north": { "uv": [ 9.5, 1.75, 9.75, 2.25 ], "texture": "#bear" },
				"south": { "uv": [ 9.5, 1.75, 9.75, 2.25 ], "texture": "#bear" },
				"west": { "uv": [ 9.5, 1.75, 9.75, 2.25 ], "texture": "#bear" },
				"east": { "uv": [ 9.5, 1.75, 9.75, 2.25 ], "texture": "#bear" }
			}
		},
		{
			"__comment": "Box52",
			"from": [ 9.5517, 12.2944, -0.9187 ],
			"to": [ 10.8222, 13.5649, -0.4952 ],
			"rotation": { "origin": [ 9.551625, 12.29436, -0.9186249 ], "axis": "z", "angle": -22.5 },
			"faces": {
				"down": { "uv": [ 11, 3, 11.25, 3.25 ], "texture": "#bear" },
				"up": { "uv": [ 11, 2.75, 11.25, 3 ], "texture": "#bear" },
				"north": { "uv": [ 11, 2.5, 11.25, 2.75 ], "texture": "#bear" },
				"south": { "uv": [ 11, 2.25, 11.25, 2.5 ], "texture": "#bear" },
				"west": { "uv": [ 11, 2, 11.25, 2.25 ], "texture": "#bear" },
				"east": { "uv": [ 11, 1.75, 11.25, 2 ], "texture": "#bear" }
			}
		},
		{
			"__comment": "Box52",
			"from": [ 5.2108, 11.8709, -0.9187 ],
			"to": [ 6.4813, 13.1414, -0.4952 ],
			"rotation": { "origin": [ 5.21075, 11.87086, -0.9186249 ], "axis": "z", "angle": 22.5 },
			"faces": {
				"down": { "uv": [ 11, 1.5, 11.25, 1.75 ], "texture": "#bear" },
				"up": { "uv": [ 11, 1.25, 11.25, 1.5 ], "texture": "#bear" },
				"north": { "uv": [ 11, 1, 11.25, 1.25 ], "texture": "#bear" },
				"south": { "uv": [ 11, 0.75, 11.25, 1 ], "texture": "#bear" },
				"west": { "uv": [ 11, 0.5, 11.25, 0.75 ], "texture": "#bear" },
				"east": { "uv": [ 11, 0.25, 11.25, 0.5 ], "texture": "#bear" }
			}
		},
		{
			"__comment": "Box1",
			"from": [ 6.693, 8.6946, -6.1065 ],
			"to": [ 9.233999, 10.8121, -2.718497 ],
			"faces": {
				"down": { "uv": [ 8.75, 0.75, 9.5, 1.75 ], "texture": "#bear" },
				"up": { "uv": [ 8.75, 2.75, 9.5, 3.75 ], "texture": "#bear" },
				"north": { "uv": [ 9.75, 4, 10.5, 4.75 ], "texture": "#bear" },
				"south": { "uv": [ 9.75, 4.75, 10.5, 5.5 ], "texture": "#bear" },
				"west": { "uv": [ 8.75, 2.75, 9.5, 3.75 ], "texture": "#bear", "rotation": 90 },
				"east": { "uv": [ 8.75, 2.75, 9.5, 3.75 ], "texture": "#bear", "rotation": 90 }
			}
		},
		{
			"__comment": "Box55",
			"from": [ 8.254, 5.5499, 6.623 ],
			"to": [ 8.954, 7.9999, 9.773 ],
			"faces": {
				"down": { "uv": [ 0, 14.5, 1, 16 ], "texture": "#bear" },
				"up": { "uv": [ 0, 14.5, 1, 16 ], "texture": "#bear" },
				"north": { "uv": [ 0, 14.5, 1, 16 ], "texture": "#bear" },
				"south": { "uv": [ 0, 14.5, 1, 16 ], "texture": "#bear" },
				"west": { "uv": [ 0, 14.5, 1, 16 ], "texture": "#bear" },
				"east": { "uv": [ 0, 14.5, 1, 16 ], "texture": "#bear" }
			}
		}
	],
	"display": {
		"thirdperson_righthand": {
			"rotation":  [ 72, -2, 0 ],
			"translation":  [ 0, 2.0869, 0 ],
			"scale":  [ 0.5, 0.5, 0.5 ]
		},
		"thirdperson_lefthand": {
			"rotation":  [ 72, -2, 0 ],
			"translation":  [ 0, 2.0869, 0 ],
			"scale":  [ 0.5, 0.5, 0.5 ]
		},
		"firstperson_righthand": {
			"translation":  [ 4.1739, 0, -6.956 ],
			"scale":  [ 0.5, 0.5, 0.5 ]
		},
		"firstperson_lefthand": {
			"translation":  [ 4.1739, 0, -6.956 ],
			"scale":  [ 0.5, 0.5, 0.5 ]
		},
		"gui": {
			"rotation":  [ 16, 135, 0 ],
			"scale":  [ 0.3, 0.3, 0.3 ]
		},
		"head": {
			"translation":  [ 2.7837, 4.8691, 0 ],
			"scale":  [ 4, 4, 4 ]
		},
		"ground": {
			"translation":  [ 0, 5.5652, 0 ],
			"scale":  [ 0.5, 0.5, 0.5 ]
		},
		"fixed": {
			"rotation":  [ -90, 0, 0 ],
			"translation":  [ 0, -4.173, -29.2 ],
			"scale":  [ 2, 2, 2 ]
		}
	}
}