{
	"__comment": "Cubik Studio - https://cubik.studio",
	"textures": {
		"bear": "item/bear"
	},
	"elements": [ 	 
		{
			"__comment": "Box1",
			"from": [ 2.7, 0.4625, 14.525 ],
			"to": [ 13.2875, 9.7795, 20.0305 ],
			"faces": {
				"down": { "uv": [ 5.5, 11.75, 8.5, 13.25 ], "texture": "#bear" },
				"up": { "uv": [ 5.5, 11.75, 8.5, 13.25 ], "texture": "#bear" },
				"north": { "uv": [ 0, 13.25, 3, 16 ], "texture": "#bear" },
				"south": { "uv": [ 3, 13.25, 6, 16 ], "texture": "#bear" },
				"west": { "uv": [ 14, 13.25, 15.5, 16 ], "texture": "#bear" },
				"east": { "uv": [ 15.5, 13.25, 14, 16 ], "texture": "#bear" }
			}
		},
		{
			"__comment": "Box1",
			"from": [ 6.5115, 4.5917, -7.2852 ],
			"to": [ 9.0525, 5.0152, -3.8972 ],
			"faces": {
				"down": { "uv": [ 8.75, 1.75, 9.5, 2.75 ], "texture": "#bear" },
				"up": { "uv": [ 15.25, 7, 16, 8 ], "texture": "#bear" },
				"north": { "uv": [ 8, 13.25, 8.75, 13.5 ], "texture": "#bear" },
				"south": { "uv": [ 8.75, 13.25, 9.5, 13.5 ], "texture": "#bear" },
				"west": { "uv": [ 6, 13.25, 7, 13.5 ], "texture": "#bear" },
				"east": { "uv": [ 7, 13.25, 8, 13.5 ], "texture": "#bear" }
			}
		},
		{
			"__comment": "Box1",
			"from": [ 5.1352, 3.7447, -1.3562 ],
			"to": [ 10.2172, 8.4032, 1.1848 ],
			"faces": {
				"down": { "uv": [ 6.75, 10.5, 8.25, 11.75 ], "texture": "#bear" },
				"up": { "uv": [ 6.75, 10.5, 8.25, 11.75 ], "texture": "#bear" },
				"north": { "uv": [ 2.5, 3.25, 4, 4.5 ], "texture": "#bear" },
				"south": { "uv": [ 2.5, 4.5, 4, 5.75 ], "texture": "#bear" },
				"west": { "uv": [ 4, 7.25, 5.25, 8.75 ], "texture": "#bear" },
				"east": { "uv": [ 5.25, 7.25, 4, 8.75 ], "texture": "#bear" }
			}
		},
		{
			"__comment": "Box1",
			"from": [ 10.0053, -1.6238, 4.5126 ],
			"to": [ 13.3933, 3.0347, 7.900599 ],
			"rotation": { "origin": [ 2.06475, 1.3935, 4.466874 ], "axis": "x", "angle": -22.5 },
			"faces": {
				"down": { "uv": [ 7.75, 0.5, 8.75, 1.5 ], "texture": "#bear" },
				"up": { "uv": [ 8.75, 6, 9.75, 7 ], "texture": "#bear" },
				"north": { "uv": [ 10.75, 8, 11.75, 9.25 ], "texture": "#bear" },
				"south": { "uv": [ 10.75, 8, 11.75, 9.25 ], "texture": "#bear" },
				"west": { "uv": [ 8.75, 8, 9.75, 9.25 ], "texture": "#bear" },
				"east": { "uv": [ 9.75, 8, 8.75, 9.25 ], "texture": "#bear" }
			}
		},
		{
			"__comment": "Box1",
			"from": [ 4.9234, 3.5328, -0.721 ],
			"to": [ 10.4289, 8.614799, 3.937502 ],
			"faces": {
				"down": { "uv": [ 6.75, 10.5, 8.25, 11.75 ], "texture": "#bear" },
				"up": { "uv": [ 6.75, 10.5, 8.25, 11.75 ], "texture": "#bear" },
				"north": { "uv": [ 14, 11.75, 15.5, 13.25 ], "texture": "#bear" },
				"south": { "uv": [ 2.5, 5.75, 4, 7.25 ], "texture": "#bear" },
				"west": { "uv": [ 4, 7.25, 5.25, 8.75 ], "texture": "#bear" },
				"east": { "uv": [ 5.25, 7.25, 4, 8.75 ], "texture": "#bear" }
			}
		},
		{
			"__comment": "Box1",
			"from": [ 3.3352, 1.5352, 3.9375 ],
			"to": [ 12.2287, 9.5817, 9.443001 ],
			"faces": {
				"down": { "uv": [ 0, 6.75, 2.5, 8.25 ], "texture": "#bear" },
				"up": { "uv": [ 0, 6.75, 2.5, 8.25 ], "texture": "#bear" },
				"north": { "uv": [ 11.5, 13.75, 14, 16 ], "texture": "#bear" },
				"south": { "uv": [ 0, 11, 2.5, 13.25 ], "texture": "#bear" },
				"west": { "uv": [ 2.5, 9.5, 4, 11.75 ], "texture": "#bear" },
				"east": { "uv": [ 4, 9.5, 2.5, 11.75 ], "texture": "#bear" }
			}
		},
		{
			"__comment": "Box1",
			"from": [ 3.1235, 2.1801, 9.0195 ],
			"to": [ 12.864, 10.6501, 14.525 ],
			"faces": {
				"down": { "uv": [ 11.25, 11.75, 14, 13.25 ], "texture": "#bear" },
				"up": { "uv": [ 11.25, 11.75, 14, 13.25 ], "texture": "#bear" },
				"north": { "uv": [ 6, 13.5, 8.75, 16 ], "texture": "#bear" },
				"south": { "uv": [ 8.75, 13.5, 11.5, 16 ], "texture": "#bear" },
				"west": { "uv": [ 0, 2.75, 1.5, 5.25 ], "texture": "#bear" },
				"east": { "uv": [ 1.5, 2.75, 0, 5.25 ], "texture": "#bear" }
			}
		},
		{
			"__comment": "Box1",
			"from": [ 5.1352, 4.0622, -4.109 ],
			"to": [ 10.6407, 8.7207, -0.2974989 ],
			"faces": {
				"down": { "uv": [ 9, 7, 10.25, 8 ], "texture": "#bear" },
				"up": { "uv": [ 9, 7, 10.25, 8 ], "texture": "#bear" },
				"north": { "uv": [ 6.5, 9.25, 7.75, 10.5 ], "texture": "#bear" },
				"south": { "uv": [ 7.75, 9.25, 9, 10.5 ], "texture": "#bear" },
				"west": { "uv": [ 7.75, 5.75, 8.75, 7 ], "texture": "#bear" },
				"east": { "uv": [ 8.75, 5.75, 7.75, 7 ], "texture": "#bear" }
			}
		},
		{
			"__comment": "Box1",
			"from": [ 9.8995, -2.1782, 13.8154 ],
			"to": [ 13.2875, 2.4803, 17.2034 ],
			"rotation": { "origin": [ 2.06475, 1.950875, 13.07425 ], "axis": "x", "angle": 22.5 },
			"faces": {
				"down": { "uv": [ 7.75, 2.5, 8.75, 3.5 ], "texture": "#bear" },
				"up": { "uv": [ 7.75, 1.5, 8.75, 2.5 ], "texture": "#bear" },
				"north": { "uv": [ 14.5, 10.5, 15.75, 11.75 ], "texture": "#bear" },
				"south": { "uv": [ 14.5, 10.5, 15.75, 11.75 ], "texture": "#bear" },
				"west": { "uv": [ 1.5, 2.75, 2.5, 4 ], "texture": "#bear" },
				"east": { "uv": [ 2.5, 2.75, 1.5, 4 ], "texture": "#bear" }
			}
		},
		{
			"__comment": "Box1",
			"from": [ 9.5818, 1.9508, 13.0742 ],
			"to": [ 13.8168, 6.185799, 17.7327 ],
			"rotation": { "origin": [ 2.06475, 1.950875, 13.07425 ], "axis": "x", "angle": 22.5 },
			"faces": {
				"down": { "uv": [ 14, 9.25, 15.25, 10.5 ], "texture": "#bear" },
				"up": { "uv": [ 6.5, 8, 7.75, 9.25 ], "texture": "#bear" },
				"north": { "uv": [ 14.5, 10.5, 15.75, 11.75 ], "texture": "#bear" },
				"south": { "uv": [ 14.5, 10.5, 15.75, 11.75 ], "texture": "#bear" },
				"west": { "uv": [ 6.5, 9.25, 5.25, 10.5 ], "texture": "#bear" },
				"east": { "uv": [ 6.5, 9.25, 5.25, 10.5 ], "texture": "#bear" }
			}
		},
		{
			"__comment": "Box1",
			"from": [ 9.687699, 1.3935, 0.2318 ],
			"to": [ 13.9227, 5.6285, 4.4668 ],
			"rotation": { "origin": [ 2.06475, 1.3935, 4.466874 ], "axis": "x", "angle": 22.5 },
			"faces": {
				"down": { "uv": [ 6.5, 5.5, 5.25, 4.25 ], "texture": "#bear" },
				"up": { "uv": [ 5.25, 4.25, 6.5, 5.5 ], "texture": "#bear" },
				"north": { "uv": [ 5.25, 4.5, 4, 3.25 ], "texture": "#bear" },
				"south": { "uv": [ 4, 4.5, 5.25, 5.75 ], "texture": "#bear" },
				"west": { "uv": [ 6.5, 1.75, 5.25, 3 ], "texture": "#bear", "rotation": 270 },
				"east": { "uv": [ 6.5, 1.75, 5.25, 3 ], "texture": "#bear", "rotation": 90 }
			}
		},
		{
			"__comment": "Box1",
			"from": [ 9.5818, -3.9432, 10.2096 ],
			"to": [ 13.8168, -2.2492, 15.2916 ],
			"faces": {
				"down": { "uv": [ 10.75, 8, 11.75, 9.25 ], "texture": "#bear" },
				"up": { "uv": [ 10.75, 8, 11.75, 9.25 ], "texture": "#bear" },
				"north": { "uv": [ 10.75, 8, 11.75, 9.25 ], "texture": "#bear" },
				"south": { "uv": [ 10.75, 8, 11.75, 9.25 ], "texture": "#bear" },
				"west": { "uv": [ 10.75, 8, 11.75, 9.25 ], "texture": "#bear" },
				"east": { "uv": [ 10.75, 8, 11.75, 9.25 ], "texture": "#bear" }
			}
		},
		{
			"__comment": "Box1",
			"from": [ 2.3824, -3.4527, 4.0444 ],
			"to": [ 5.7704, 1.205802, 7.4324 ],
			"rotation": { "origin": [ 2.06475, 0.956, 3.154374 ], "axis": "x", "angle": -22.5 },
			"faces": {
				"down": { "uv": [ 13.25, 7, 14.25, 8 ], "texture": "#bear" },
				"up": { "uv": [ 8.75, 5, 9.75, 6 ], "texture": "#bear" },
				"north": { "uv": [ 10.75, 8, 11.75, 9.25 ], "texture": "#bear" },
				"south": { "uv": [ 9.75, 8, 10.75, 9.25 ], "texture": "#bear" },
				"west": { "uv": [ 8.75, 8, 9.75, 9.25 ], "texture": "#bear" },
				"east": { "uv": [ 8.75, 8, 9.75, 9.25 ], "texture": "#bear" }
			}
		},
		{
			"__comment": "Box1",
			"from": [ 2.3823, -3.7658, 14.3766 ],
			"to": [ 5.7703, 0.8926997, 17.7646 ],
			"faces": {
				"down": { "uv": [ 7.75, 3.5, 8.75, 4.5 ], "texture": "#bear" },
				"up": { "uv": [ 14.25, 7, 15.25, 8 ], "texture": "#bear" },
				"north": { "uv": [ 14.5, 10.5, 15.75, 11.75 ], "texture": "#bear" },
				"south": { "uv": [ 14.5, 10.5, 15.75, 11.75 ], "texture": "#bear" },
				"west": { "uv": [ 1.5, 2.75, 2.5, 4 ], "texture": "#bear" },
				"east": { "uv": [ 1.5, 2.75, 2.5, 4 ], "texture": "#bear" }
			}
		},
		{
			"__comment": "Box1",
			"from": [ 2.0648, 1.0909, 13.9368 ],
			"to": [ 6.2998, 5.3259, 18.5953 ],
			"rotation": { "origin": [ 2.06475, 1.338375, 15.17425 ], "axis": "x", "angle": 45 },
			"faces": {
				"down": { "uv": [ 10.75, 10.5, 12, 11.75 ], "texture": "#bear" },
				"up": { "uv": [ 12, 10.5, 13.25, 11.75 ], "texture": "#bear" },
				"north": { "uv": [ 14.5, 10.5, 15.75, 11.75 ], "texture": "#bear" },
				"south": { "uv": [ 14.5, 10.5, 15.75, 11.75 ], "texture": "#bear" },
				"west": { "uv": [ 5.25, 9.25, 6.5, 10.5 ], "texture": "#bear" },
				"east": { "uv": [ 5.25, 9.25, 6.5, 10.5 ], "texture": "#bear" }
			}
		},
		{
			"__comment": "Box1",
			"from": [ 2.0648, 0.9559, 3.1543 ],
			"to": [ 6.2998, 5.1909, 7.389298 ],
			"rotation": { "origin": [ 2.06475, 0.956, 3.154374 ], "axis": "x", "angle": -22.5 },
			"faces": {
				"down": { "uv": [ 5.25, 6.75, 6.5, 8 ], "texture": "#bear" },
				"up": { "uv": [ 5.25, 5.5, 6.5, 6.75 ], "texture": "#bear" },
				"north": { "uv": [ 5.25, 4.25, 6.5, 5.5 ], "texture": "#bear" },
				"south": { "uv": [ 5.25, 4.25, 6.5, 5.5 ], "texture": "#bear" },
				"west": { "uv": [ 5.25, 1.75, 6.5, 3 ], "texture": "#bear" },
				"east": { "uv": [ 5.25, 1.75, 6.5, 3 ], "texture": "#bear" }
			}
		},
		{
			"__comment": "Box1",
			"from": [ 2.0648, -4.1076, 13.6919 ],
			"to": [ 6.2998, -2.413599, 18.7739 ],
			"rotation": { "origin": [ 2.06475, 1.338375, 15.17425 ], "axis": "x", "angle": 22.5 },
			"faces": {
				"down": { "uv": [ 10.75, 8, 11.75, 9.25 ], "texture": "#bear" },
				"up": { "uv": [ 10.75, 8, 11.75, 9.25 ], "texture": "#bear" },
				"north": { "uv": [ 10.75, 8, 11.75, 9.25 ], "texture": "#bear" },
				"south": { "uv": [ 10.75, 8, 11.75, 9.25 ], "texture": "#bear" },
				"west": { "uv": [ 10.75, 8, 11.75, 9.25 ], "texture": "#bear" },
				"east": { "uv": [ 10.75, 8, 11.75, 9.25 ], "texture": "#bear" }
			}
		},
		{
			"__comment": "Box1",
			"from": [ 2.0648, -2.4768, 8.105 ],
			"to": [ 6.2998, 1.7582, 9.799 ],
			"rotation": { "origin": [ 2.06475, 0.956, 3.154374 ], "axis": "x", "angle": 22.5 },
			"faces": {
				"down": { "uv": [ 11.75, 9.25, 10.75, 8 ], "texture": "#bear" },
				"up": { "uv": [ 10.75, 8, 11.75, 9.25 ], "texture": "#bear" },
				"north": { "uv": [ 11.75, 9.25, 10.75, 8 ], "texture": "#bear" },
				"south": { "uv": [ 10.75, 8, 11.75, 9.25 ], "texture": "#bear" },
				"west": { "uv": [ 10.75, 8, 11.75, 9.25 ], "texture": "#bear", "rotation": 270 },
				"east": { "uv": [ 10.75, 8, 11.75, 9.25 ], "texture": "#bear", "rotation": 90 }
			}
		},
		{
			"__comment": "Box1",
			"from": [ 9.5818, 0.6114, 6.7137 ],
			"to": [ 13.8168, 2.3054, 10.9487 ],
			"rotation": { "origin": [ 2.06475, 1.3935, 4.466874 ], "axis": "x", "angle": 45 },
			"faces": {
				"down": { "uv": [ 10.75, 8, 11.75, 9.25 ], "texture": "#bear" },
				"up": { "uv": [ 10.75, 8, 11.75, 9.25 ], "texture": "#bear" },
				"north": { "uv": [ 11.75, 9.25, 10.75, 8 ], "texture": "#bear" },
				"south": { "uv": [ 11.75, 9.25, 10.75, 8 ], "texture": "#bear" },
				"west": { "uv": [ 10.75, 8, 11.75, 9.25 ], "texture": "#bear", "rotation": 180 },
				"east": { "uv": [ 10.75, 8, 11.75, 9.25 ], "texture": "#bear", "rotation": 180 }
			}
		},
		{
			"__comment": "Box20",
			"from": [ 8.9467, -3.509, 9.5758 ],
			"to": [ 9.7937, -2.662, 11.6933 ],
			"faces": {
				"down": { "uv": [ 9.5, 1.75, 9.75, 2.25 ], "texture": "#bear" },
				"up": { "uv": [ 9.5, 1.75, 9.75, 2.25 ], "texture": "#bear" },
				"north": { "uv": [ 9.5, 1.75, 9.75, 2.25 ], "texture": "#bear" },
				"south": { "uv": [ 9.5, 1.75, 9.75, 2.25 ], "texture": "#bear" },
				"west": { "uv": [ 9.5, 1.75, 9.75, 2.25 ], "texture": "#bear" },
				"east": { "uv": [ 9.5, 1.75, 9.75, 2.25 ], "texture": "#bear" }
			}
		},
		{
			"__comment": "Box20",
			"from": [ 9.158299, -3.2973, 7.8818 ],
			"to": [ 9.5818, -2.8738, 9.5758 ],
			"faces": {
				"down": { "uv": [ 9.5, 1.75, 9.75, 2.25 ], "texture": "#bear" },
				"up": { "uv": [ 9.5, 1.75, 9.75, 2.25 ], "texture": "#bear" },
				"north": { "uv": [ 9.5, 1.75, 9.75, 2.25 ], "texture": "#bear" },
				"south": { "uv": [ 9.5, 1.75, 9.75, 2.25 ], "texture": "#bear" },
				"west": { "uv": [ 9.5, 1.75, 9.75, 2.25 ], "texture": "#bear" },
				"east": { "uv": [ 9.5, 1.75, 9.75, 2.25 ], "texture": "#bear" }
			}
		},
		{
			"__comment": "Box20",
			"from": [ 11.6993, -3.509, 8.940499 ],
			"to": [ 12.5463, -2.662, 11.058 ],
			"faces": {
				"down": { "uv": [ 9.5, 1.75, 9.75, 2.25 ], "texture": "#bear" },
				"up": { "uv": [ 9.5, 1.75, 9.75, 2.25 ], "texture": "#bear" },
				"north": { "uv": [ 9.5, 1.75, 9.75, 2.25 ], "texture": "#bear" },
				"south": { "uv": [ 9.5, 1.75, 9.75, 2.25 ], "texture": "#bear" },
				"west": { "uv": [ 9.5, 1.75, 9.75, 2.25 ], "texture": "#bear" },
				"east": { "uv": [ 9.5, 1.75, 9.75, 2.25 ], "texture": "#bear" }
			}
		},
		{
			"__comment": "Box20",
			"from": [ 12.9699, -3.509, 8.940499 ],
			"to": [ 13.8169, -2.662, 11.058 ],
			"faces": {
				"down": { "uv": [ 9.5, 1.75, 9.75, 2.25 ], "texture": "#bear" },
				"up": { "uv": [ 9.5, 1.75, 9.75, 2.25 ], "texture": "#bear" },
				"north": { "uv": [ 9.5, 1.75, 9.75, 2.25 ], "texture": "#bear" },
				"south": { "uv": [ 9.5, 1.75, 9.75, 2.25 ], "texture": "#bear" },
				"west": { "uv": [ 9.5, 1.75, 9.75, 2.25 ], "texture": "#bear" },
				"east": { "uv": [ 9.5, 1.75, 9.75, 2.25 ], "texture": "#bear" }
			}
		},
		{
			"__comment": "Box20",
			"from": [ 10.323, -3.509, 8.940499 ],
			"to": [ 11.17, -2.662, 11.058 ],
			"faces": {
				"down": { "uv": [ 9.5, 1.75, 9.75, 2.25 ], "texture": "#bear" },
				"up": { "uv": [ 9.5, 1.75, 9.75, 2.25 ], "texture": "#bear" },
				"north": { "uv": [ 9.5, 1.75, 9.75, 2.25 ], "texture": "#bear" },
				"south": { "uv": [ 9.5, 1.75, 9.75, 2.25 ], "texture": "#bear" },
				"west": { "uv": [ 9.5, 1.75, 9.75, 2.25 ], "texture": "#bear" },
				"east": { "uv": [ 9.5, 1.75, 9.75, 2.25 ], "texture": "#bear" }
			}
		},
		{
			"__comment": "Box20",
			"from": [ 10.5348, -3.4032, 7.3524 ],
			"to": [ 10.9583, -2.9797, 9.0464 ],
			"faces": {
				"down": { "uv": [ 9.5, 1.75, 9.75, 2.25 ], "texture": "#bear" },
				"up": { "uv": [ 9.5, 1.75, 9.75, 2.25 ], "texture": "#bear" },
				"north": { "uv": [ 9.5, 1.75, 9.75, 2.25 ], "texture": "#bear" },
				"south": { "uv": [ 9.5, 1.75, 9.75, 2.25 ], "texture": "#bear" },
				"west": { "uv": [ 9.5, 1.75, 9.75, 2.25 ], "texture": "#bear" },
				"east": { "uv": [ 9.5, 1.75, 9.75, 2.25 ], "texture": "#bear" }
			}
		},
		{
			"__comment": "Box20",
			"from": [ 11.9112, -3.4032, 7.3524 ],
			"to": [ 12.3347, -2.9797, 9.0464 ],
			"faces": {
				"down": { "uv": [ 9.5, 1.75, 9.75, 2.25 ], "texture": "#bear" },
				"up": { "uv": [ 9.5, 1.75, 9.75, 2.25 ], "texture": "#bear" },
				"north": { "uv": [ 9.5, 1.75, 9.75, 2.25 ], "texture": "#bear" },
				"south": { "uv": [ 9.5, 1.75, 9.75, 2.25 ], "texture": "#bear" },
				"west": { "uv": [ 9.5, 1.75, 9.75, 2.25 ], "texture": "#bear" },
				"east": { "uv": [ 9.5, 1.75, 9.75, 2.25 ], "texture": "#bear" }
			}
		},
		{
			"__comment": "Box20",
			"from": [ 13.1817, -3.4032, 7.3524 ],
			"to": [ 13.6052, -2.9797, 9.0464 ],
			"faces": {
				"down": { "uv": [ 9.5, 1.75, 9.75, 2.25 ], "texture": "#bear" },
				"up": { "uv": [ 9.5, 1.75, 9.75, 2.25 ], "texture": "#bear" },
				"north": { "uv": [ 9.5, 1.75, 9.75, 2.25 ], "texture": "#bear" },
				"south": { "uv": [ 9.5, 1.75, 9.75, 2.25 ], "texture": "#bear" },
				"west": { "uv": [ 9.5, 1.75, 9.75, 2.25 ], "texture": "#bear" },
				"east": { "uv": [ 9.5, 1.75, 9.75, 2.25 ], "texture": "#bear" }
			}
		},
		{
			"__comment": "Box20",
			"from": [ 1.853, -3.79, 11.8921 ],
			"to": [ 2.7, -2.943, 14.0096 ],
			"rotation": { "origin": [ 2.06475, 1.338375, 15.17425 ], "axis": "x", "angle": 22.5 },
			"faces": {
				"down": { "uv": [ 9.5, 1.75, 9.75, 2.25 ], "texture": "#bear" },
				"up": { "uv": [ 9.5, 1.75, 9.75, 2.25 ], "texture": "#bear" },
				"north": { "uv": [ 9.5, 1.75, 9.75, 2.25 ], "texture": "#bear" },
				"south": { "uv": [ 9.5, 1.75, 9.75, 2.25 ], "texture": "#bear" },
				"west": { "uv": [ 9.5, 1.75, 9.75, 2.25 ], "texture": "#bear" },
				"east": { "uv": [ 9.5, 1.75, 9.75, 2.25 ], "texture": "#bear" }
			}
		},
		{
			"__comment": "Box20",
			"from": [ 2.0648, -3.6841, 10.3039 ],
			"to": [ 2.4883, -3.2606, 11.9979 ],
			"rotation": { "origin": [ 2.06475, 1.338375, 15.17425 ], "axis": "x", "angle": 22.5 },
			"faces": {
				"down": { "uv": [ 9.5, 1.75, 9.75, 2.25 ], "texture": "#bear" },
				"up": { "uv": [ 9.5, 1.75, 9.75, 2.25 ], "texture": "#bear" },
				"north": { "uv": [ 9.5, 1.75, 9.75, 2.25 ], "texture": "#bear" },
				"south": { "uv": [ 9.5, 1.75, 9.75, 2.25 ], "texture": "#bear" },
				"west": { "uv": [ 9.5, 1.75, 9.75, 2.25 ], "texture": "#bear" },
				"east": { "uv": [ 9.5, 1.75, 9.75, 2.25 ], "texture": "#bear" }
			}
		},
		{
			"__comment": "Box20",
			"from": [ 3.2293, -3.79, 11.8921 ],
			"to": [ 4.0763, -2.943, 14.0096 ],
			"rotation": { "origin": [ 2.06475, 1.338375, 15.17425 ], "axis": "x", "angle": 22.5 },
			"faces": {
				"down": { "uv": [ 9.5, 1.75, 9.75, 2.25 ], "texture": "#bear" },
				"up": { "uv": [ 9.5, 1.75, 9.75, 2.25 ], "texture": "#bear" },
				"north": { "uv": [ 9.5, 1.75, 9.75, 2.25 ], "texture": "#bear" },
				"south": { "uv": [ 9.5, 1.75, 9.75, 2.25 ], "texture": "#bear" },
				"west": { "uv": [ 9.5, 1.75, 9.75, 2.25 ], "texture": "#bear" },
				"east": { "uv": [ 9.5, 1.75, 9.75, 2.25 ], "texture": "#bear" }
			}
		},
		{
			"__comment": "Box20",
			"from": [ 3.4412, -3.6841, 10.3039 ],
			"to": [ 3.8647, -3.2606, 11.9979 ],
			"rotation": { "origin": [ 2.06475, 1.338375, 15.17425 ], "axis": "x", "angle": 22.5 },
			"faces": {
				"down": { "uv": [ 9.5, 1.75, 9.75, 2.25 ], "texture": "#bear" },
				"up": { "uv": [ 9.5, 1.75, 9.75, 2.25 ], "texture": "#bear" },
				"north": { "uv": [ 9.5, 1.75, 9.75, 2.25 ], "texture": "#bear" },
				"south": { "uv": [ 9.5, 1.75, 9.75, 2.25 ], "texture": "#bear" },
				"west": { "uv": [ 9.5, 1.75, 9.75, 2.25 ], "texture": "#bear" },
				"east": { "uv": [ 9.5, 1.75, 9.75, 2.25 ], "texture": "#bear" }
			}
		},
		{
			"__comment": "Box20",
			"from": [ 4.7117, -3.6841, 10.3039 ],
			"to": [ 5.1352, -3.2606, 11.9979 ],
			"rotation": { "origin": [ 2.06475, 1.338375, 15.17425 ], "axis": "x", "angle": 22.5 },
			"faces": {
				"down": { "uv": [ 9.5, 1.75, 9.75, 2.25 ], "texture": "#bear" },
				"up": { "uv": [ 9.5, 1.75, 9.75, 2.25 ], "texture": "#bear" },
				"north": { "uv": [ 9.5, 1.75, 9.75, 2.25 ], "texture": "#bear" },
				"south": { "uv": [ 9.5, 1.75, 9.75, 2.25 ], "texture": "#bear" },
				"west": { "uv": [ 9.5, 1.75, 9.75, 2.25 ], "texture": "#bear" },
				"east": { "uv": [ 9.5, 1.75, 9.75, 2.25 ], "texture": "#bear" }
			}
		},
		{
			"__comment": "Box20",
			"from": [ 4.4998, -3.79, 11.8921 ],
			"to": [ 5.346799, -2.943, 14.0096 ],
			"rotation": { "origin": [ 2.06475, 1.338375, 15.17425 ], "axis": "x", "angle": 22.5 },
			"faces": {
				"down": { "uv": [ 9.5, 1.75, 9.75, 2.25 ], "texture": "#bear" },
				"up": { "uv": [ 9.5, 1.75, 9.75, 2.25 ], "texture": "#bear" },
				"north": { "uv": [ 9.5, 1.75, 9.75, 2.25 ], "texture": "#bear" },
				"south": { "uv": [ 9.5, 1.75, 9.75, 2.25 ], "texture": "#bear" },
				"west": { "uv": [ 9.5, 1.75, 9.75, 2.25 ], "texture": "#bear" },
				"east": { "uv": [ 9.5, 1.75, 9.75, 2.25 ], "texture": "#bear" }
			}
		},
		{
			"__comment": "Box20",
			"from": [ 6.088, -3.79, 12.5273 ],
			"to": [ 6.935, -2.943, 14.6448 ],
			"rotation": { "origin": [ 2.06475, 1.338375, 15.17425 ], "axis": "x", "angle": 22.5 },
			"faces": {
				"down": { "uv": [ 9.5, 1.75, 9.75, 2.25 ], "texture": "#bear" },
				"up": { "uv": [ 9.5, 1.75, 9.75, 2.25 ], "texture": "#bear" },
				"north": { "uv": [ 9.5, 1.75, 9.75, 2.25 ], "texture": "#bear" },
				"south": { "uv": [ 9.5, 1.75, 9.75, 2.25 ], "texture": "#bear" },
				"west": { "uv": [ 9.5, 1.75, 9.75, 2.25 ], "texture": "#bear" },
				"east": { "uv": [ 9.5, 1.75, 9.75, 2.25 ], "texture": "#bear" }
			}
		},
		{
			"__comment": "Box20",
			"from": [ 6.2997, -3.5782, 10.8333 ],
			"to": [ 6.7232, -3.1547, 12.5273 ],
			"rotation": { "origin": [ 2.06475, 1.338375, 15.17425 ], "axis": "x", "angle": 22.5 },
			"faces": {
				"down": { "uv": [ 9.5, 1.75, 9.75, 2.25 ], "texture": "#bear" },
				"up": { "uv": [ 9.5, 1.75, 9.75, 2.25 ], "texture": "#bear" },
				"north": { "uv": [ 9.5, 1.75, 9.75, 2.25 ], "texture": "#bear" },
				"south": { "uv": [ 9.5, 1.75, 9.75, 2.25 ], "texture": "#bear" },
				"west": { "uv": [ 9.5, 1.75, 9.75, 2.25 ], "texture": "#bear" },
				"east": { "uv": [ 9.5, 1.75, 9.75, 2.25 ], "texture": "#bear" }
			}
		},
		{
			"__comment": "Box20",
			"from": [ 1.853, -8.5133, 6.4469 ],
			"to": [ 2.7, -6.395801, 7.2939 ],
			"rotation": { "origin": [ 2.06475, -4.469, 0.9668741 ], "axis": "x", "angle": -22.5 },
			"faces": {
				"down": { "uv": [ 11.25, 5, 11, 4.75 ], "texture": "#bear" },
				"up": { "uv": [ 11.25, 4.75, 11.5, 5 ], "texture": "#bear" },
				"north": { "uv": [ 9.75, 1.75, 9.5, 1.25 ], "texture": "#bear" },
				"south": { "uv": [ 9.5, 1.75, 9.75, 2.25 ], "texture": "#bear" },
				"west": { "uv": [ 9.75, 3.25, 10.25, 3.5 ], "texture": "#bear", "rotation": 270 },
				"east": { "uv": [ 9.75, 3, 10.25, 3.25 ], "texture": "#bear", "rotation": 90 }
			}
		},
		{
			"__comment": "Box20",
			"from": [ 2.0648, -10.1014, 6.7646 ],
			"to": [ 2.4883, -8.407398, 7.188099 ],
			"rotation": { "origin": [ 2.06475, -4.469, 0.9668741 ], "axis": "x", "angle": -22.5 },
			"faces": {
				"down": { "uv": [ 9.75, 2.25, 9.5, 1.75 ], "texture": "#bear" },
				"up": { "uv": [ 9.5, 1.75, 9.75, 2.25 ], "texture": "#bear" },
				"north": { "uv": [ 9.75, 2.25, 9.5, 1.75 ], "texture": "#bear" },
				"south": { "uv": [ 9.5, 1.75, 9.75, 2.25 ], "texture": "#bear" },
				"west": { "uv": [ 9.5, 1.75, 9.75, 2.25 ], "texture": "#bear", "rotation": 270 },
				"east": { "uv": [ 9.5, 1.75, 9.75, 2.25 ], "texture": "#bear", "rotation": 90 }
			}
		},
		{
			"__comment": "Box20",
			"from": [ 3.4412, -10.1014, 6.7646 ],
			"to": [ 3.8647, -8.407398, 7.188099 ],
			"rotation": { "origin": [ 2.06475, -4.469, 0.9668741 ], "axis": "x", "angle": -22.5 },
			"faces": {
				"down": { "uv": [ 9.75, 2.25, 9.5, 1.75 ], "texture": "#bear" },
				"up": { "uv": [ 9.5, 1.75, 9.75, 2.25 ], "texture": "#bear" },
				"north": { "uv": [ 9.75, 2.25, 9.5, 1.75 ], "texture": "#bear" },
				"south": { "uv": [ 9.5, 1.75, 9.75, 2.25 ], "texture": "#bear" },
				"west": { "uv": [ 9.5, 1.75, 9.75, 2.25 ], "texture": "#bear", "rotation": 270 },
				"east": { "uv": [ 9.5, 1.75, 9.75, 2.25 ], "texture": "#bear", "rotation": 90 }
			}
		},
		{
			"__comment": "Box20",
			"from": [ 3.2293, -8.5133, 6.4469 ],
			"to": [ 4.0763, -6.395801, 7.2939 ],
			"rotation": { "origin": [ 2.06475, -4.469, 0.9668741 ], "axis": "x", "angle": -22.5 },
			"faces": {
				"down": { "uv": [ 9.75, 2.25, 9.5, 1.75 ], "texture": "#bear" },
				"up": { "uv": [ 9.5, 1.75, 9.75, 2.25 ], "texture": "#bear" },
				"north": { "uv": [ 9.75, 2.25, 9.5, 1.75 ], "texture": "#bear" },
				"south": { "uv": [ 9.5, 1.75, 9.75, 2.25 ], "texture": "#bear" },
				"west": { "uv": [ 9.5, 1.75, 9.75, 2.25 ], "texture": "#bear", "rotation": 270 },
				"east": { "uv": [ 9.5, 1.75, 9.75, 2.25 ], "texture": "#bear", "rotation": 90 }
			}
		},
		{
			"__comment": "Box20",
			"from": [ 4.4998, -8.5133, 6.4469 ],
			"to": [ 5.346799, -6.395801, 7.2939 ],
			"rotation": { "origin": [ 2.06475, -4.469, 0.9668741 ], "axis": "x", "angle": -22.5 },
			"faces": {
				"down": { "uv": [ 9.75, 2.25, 9.5, 1.75 ], "texture": "#bear" },
				"up": { "uv": [ 9.5, 1.75, 9.75, 2.25 ], "texture": "#bear" },
				"north": { "uv": [ 9.75, 2.25, 9.5, 1.75 ], "texture": "#bear" },
				"south": { "uv": [ 9.5, 1.75, 9.75, 2.25 ], "texture": "#bear" },
				"west": { "uv": [ 9.5, 1.75, 9.75, 2.25 ], "texture": "#bear", "rotation": 270 },
				"east": { "uv": [ 9.5, 1.75, 9.75, 2.25 ], "texture": "#bear", "rotation": 90 }
			}
		},
		{
			"__comment": "Box20",
			"from": [ 4.7117, -10.1014, 6.7646 ],
			"to": [ 5.1352, -8.407398, 7.188099 ],
			"rotation": { "origin": [ 2.06475, -4.469, 0.9668741 ], "axis": "x", "angle": -22.5 },
			"faces": {
				"down": { "uv": [ 9.75, 2.25, 9.5, 1.75 ], "texture": "#bear" },
				"up": { "uv": [ 9.5, 1.75, 9.75, 2.25 ], "texture": "#bear" },
				"north": { "uv": [ 9.75, 2.25, 9.5, 1.75 ], "texture": "#bear" },
				"south": { "uv": [ 9.5, 1.75, 9.75, 2.25 ], "texture": "#bear" },
				"west": { "uv": [ 9.5, 1.75, 9.75, 2.25 ], "texture": "#bear", "rotation": 270 },
				"east": { "uv": [ 9.5, 1.75, 9.75, 2.25 ], "texture": "#bear", "rotation": 90 }
			}
		},
		{
			"__comment": "Box20",
			"from": [ 6.088, -7.8781, 6.4469 ],
			"to": [ 6.935, -5.7606, 7.2939 ],
			"rotation": { "origin": [ 2.06475, -4.469, 0.9668741 ], "axis": "x", "angle": -22.5 },
			"faces": {
				"down": { "uv": [ 9.75, 2.25, 9.5, 1.75 ], "texture": "#bear" },
				"up": { "uv": [ 9.5, 1.75, 9.75, 2.25 ], "texture": "#bear" },
				"north": { "uv": [ 9.75, 2.25, 9.5, 1.75 ], "texture": "#bear" },
				"south": { "uv": [ 9.5, 1.75, 9.75, 2.25 ], "texture": "#bear" },
				"west": { "uv": [ 9.5, 1.75, 9.75, 2.25 ], "texture": "#bear", "rotation": 270 },
				"east": { "uv": [ 9.5, 1.75, 9.75, 2.25 ], "texture": "#bear", "rotation": 90 }
			}
		},
		{
			"__comment": "Box20",
			"from": [ 6.2997, -9.571899, 6.6585 ],
			"to": [ 6.7232, -7.877899, 7.081999 ],
			"rotation": { "origin": [ 2.06475, -4.469, 0.9668741 ], "axis": "x", "angle": -22.5 },
			"faces": {
				"down": { "uv": [ 9.75, 2.25, 9.5, 1.75 ], "texture": "#bear" },
				"up": { "uv": [ 9.5, 1.75, 9.75, 2.25 ], "texture": "#bear" },
				"north": { "uv": [ 9.75, 2.25, 9.5, 1.75 ], "texture": "#bear" },
				"south": { "uv": [ 9.5, 1.75, 9.75, 2.25 ], "texture": "#bear" },
				"west": { "uv": [ 9.5, 1.75, 9.75, 2.25 ], "texture": "#bear", "rotation": 270 },
				"east": { "uv": [ 9.5, 1.75, 9.75, 2.25 ], "texture": "#bear", "rotation": 90 }
			}
		},
		{
			"__comment": "Box20",
			"from": [ 8.9467, 1.4032, 10.2076 ],
			"to": [ 9.7937, 2.2502, 12.3251 ],
			"rotation": { "origin": [ 2.06475, 1.3935, 4.466874 ], "axis": "x", "angle": 45 },
			"faces": {
				"down": { "uv": [ 9.5, 1.75, 9.75, 2.25 ], "texture": "#bear" },
				"up": { "uv": [ 9.5, 1.75, 9.75, 2.25 ], "texture": "#bear" },
				"north": { "uv": [ 9.75, 2.25, 9.5, 1.75 ], "texture": "#bear" },
				"south": { "uv": [ 9.75, 2.25, 9.5, 1.75 ], "texture": "#bear" },
				"west": { "uv": [ 9.5, 1.75, 9.75, 2.25 ], "texture": "#bear", "rotation": 180 },
				"east": { "uv": [ 9.5, 1.75, 9.75, 2.25 ], "texture": "#bear", "rotation": 180 }
			}
		},
		{
			"__comment": "Box20",
			"from": [ 9.158299, 1.6149, 12.0073 ],
			"to": [ 9.5818, 2.0384, 13.7013 ],
			"rotation": { "origin": [ 2.06475, 1.3935, 4.466874 ], "axis": "x", "angle": 45 },
			"faces": {
				"down": { "uv": [ 9.5, 1.75, 9.75, 2.25 ], "texture": "#bear" },
				"up": { "uv": [ 9.5, 1.75, 9.75, 2.25 ], "texture": "#bear" },
				"north": { "uv": [ 9.75, 2.25, 9.5, 1.75 ], "texture": "#bear" },
				"south": { "uv": [ 9.75, 2.25, 9.5, 1.75 ], "texture": "#bear" },
				"west": { "uv": [ 9.5, 1.75, 9.75, 2.25 ], "texture": "#bear", "rotation": 180 },
				"east": { "uv": [ 9.5, 1.75, 9.75, 2.25 ], "texture": "#bear", "rotation": 180 }
			}
		},
		{
			"__comment": "Box20",
			"from": [ 10.323, 1.1407, 10.8428 ],
			"to": [ 11.17, 1.9877, 12.9603 ],
			"rotation": { "origin": [ 2.06475, 1.3935, 4.466874 ], "axis": "x", "angle": 45 },
			"faces": {
				"down": { "uv": [ 9.5, 1.75, 9.75, 2.25 ], "texture": "#bear" },
				"up": { "uv": [ 9.5, 1.75, 9.75, 2.25 ], "texture": "#bear" },
				"north": { "uv": [ 9.75, 2.25, 9.5, 1.75 ], "texture": "#bear" },
				"south": { "uv": [ 9.75, 2.25, 9.5, 1.75 ], "texture": "#bear" },
				"west": { "uv": [ 9.5, 1.75, 9.75, 2.25 ], "texture": "#bear", "rotation": 180 },
				"east": { "uv": [ 9.5, 1.75, 9.75, 2.25 ], "texture": "#bear", "rotation": 180 }
			}
		},
		{
			"__comment": "Box20",
			"from": [ 10.5348, 1.4583, 12.8542 ],
			"to": [ 10.9583, 1.8818, 14.5482 ],
			"rotation": { "origin": [ 2.06475, 1.3935, 4.466874 ], "axis": "x", "angle": 45 },
			"faces": {
				"down": { "uv": [ 9.5, 1.75, 9.75, 2.25 ], "texture": "#bear" },
				"up": { "uv": [ 9.5, 1.75, 9.75, 2.25 ], "texture": "#bear" },
				"north": { "uv": [ 9.75, 2.25, 9.5, 1.75 ], "texture": "#bear" },
				"south": { "uv": [ 9.75, 2.25, 9.5, 1.75 ], "texture": "#bear" },
				"west": { "uv": [ 9.5, 1.75, 9.75, 2.25 ], "texture": "#bear", "rotation": 180 },
				"east": { "uv": [ 9.5, 1.75, 9.75, 2.25 ], "texture": "#bear", "rotation": 180 }
			}
		},
		{
			"__comment": "Box20",
			"from": [ 11.6993, 1.1407, 10.8428 ],
			"to": [ 12.5463, 1.9877, 12.9603 ],
			"rotation": { "origin": [ 2.06475, 1.3935, 4.466874 ], "axis": "x", "angle": 45 },
			"faces": {
				"down": { "uv": [ 9.5, 1.75, 9.75, 2.25 ], "texture": "#bear" },
				"up": { "uv": [ 9.5, 1.75, 9.75, 2.25 ], "texture": "#bear" },
				"north": { "uv": [ 9.75, 2.25, 9.5, 1.75 ], "texture": "#bear" },
				"south": { "uv": [ 9.75, 2.25, 9.5, 1.75 ], "texture": "#bear" },
				"west": { "uv": [ 9.5, 1.75, 9.75, 2.25 ], "texture": "#bear", "rotation": 180 },
				"east": { "uv": [ 9.5, 1.75, 9.75, 2.25 ], "texture": "#bear", "rotation": 180 }
			}
		},
		{
			"__comment": "Box20",
			"from": [ 11.9112, 1.4583, 12.8542 ],
			"to": [ 12.3347, 1.8818, 14.5482 ],
			"rotation": { "origin": [ 2.06475, 1.3935, 4.466874 ], "axis": "x", "angle": 45 },
			"faces": {
				"down": { "uv": [ 9.5, 1.75, 9.75, 2.25 ], "texture": "#bear" },
				"up": { "uv": [ 9.5, 1.75, 9.75, 2.25 ], "texture": "#bear" },
				"north": { "uv": [ 9.75, 2.25, 9.5, 1.75 ], "texture": "#bear" },
				"south": { "uv": [ 9.75, 2.25, 9.5, 1.75 ], "texture": "#bear" },
				"west": { "uv": [ 9.5, 1.75, 9.75, 2.25 ], "texture": "#bear", "rotation": 180 },
				"east": { "uv": [ 9.5, 1.75, 9.75, 2.25 ], "texture": "#bear", "rotation": 180 }
			}
		},
		{
			"__comment": "Box20",
			"from": [ 12.9699, 1.1407, 10.8428 ],
			"to": [ 13.8169, 1.9877, 12.9603 ],
			"rotation": { "origin": [ 2.06475, 1.3935, 4.466874 ], "axis": "x", "angle": 45 },
			"faces": {
				"down": { "uv": [ 9.5, 1.75, 9.75, 2.25 ], "texture": "#bear" },
				"up": { "uv": [ 9.5, 1.75, 9.75, 2.25 ], "texture": "#bear" },
				"north": { "uv": [ 9.75, 2.25, 9.5, 1.75 ], "texture": "#bear" },
				"south": { "uv": [ 9.75, 2.25, 9.5, 1.75 ], "texture": "#bear" },
				"west": { "uv": [ 9.5, 1.75, 9.75, 2.25 ], "texture": "#bear", "rotation": 180 },
				"east": { "uv": [ 9.5, 1.75, 9.75, 2.25 ], "texture": "#bear", "rotation": 180 }
			}
		},
		{
			"__comment": "Box20",
			"from": [ 13.1817, 1.4583, 12.8542 ],
			"to": [ 13.6052, 1.8818, 14.5482 ],
			"rotation": { "origin": [ 2.06475, 1.3935, 4.466874 ], "axis": "x", "angle": 45 },
			"faces": {
				"down": { "uv": [ 9.5, 1.75, 9.75, 2.25 ], "texture": "#bear" },
				"up": { "uv": [ 9.5, 1.75, 9.75, 2.25 ], "texture": "#bear" },
				"north": { "uv": [ 9.75, 2.25, 9.5, 1.75 ], "texture": "#bear" },
				"south": { "uv": [ 9.75, 2.25, 9.5, 1.75 ], "texture": "#bear" },
				"west": { "uv": [ 9.5, 1.75, 9.75, 2.25 ], "texture": "#bear", "rotation": 180 },
				"east": { "uv": [ 9.5, 1.75, 9.75, 2.25 ], "texture": "#bear", "rotation": 180 }
			}
		},
		{
			"__comment": "Box52",
			"from": [ 9.3702, 8.720799, -2.3092 ],
			"to": [ 10.6407, 9.991299, -1.8857 ],
			"rotation": { "origin": [ 9.370125, 8.72075, -2.309126 ], "axis": "z", "angle": -22.5 },
			"faces": {
				"down": { "uv": [ 11, 3, 11.25, 3.25 ], "texture": "#bear" },
				"up": { "uv": [ 11, 2.75, 11.25, 3 ], "texture": "#bear" },
				"north": { "uv": [ 11, 2.5, 11.25, 2.75 ], "texture": "#bear" },
				"south": { "uv": [ 11, 2.25, 11.25, 2.5 ], "texture": "#bear" },
				"west": { "uv": [ 11, 2, 11.25, 2.25 ], "texture": "#bear" },
				"east": { "uv": [ 11, 1.75, 11.25, 2 ], "texture": "#bear" }
			}
		},
		{
			"__comment": "Box52",
			"from": [ 5.0292, 8.2972, -2.3092 ],
			"to": [ 6.2997, 9.5677, -1.8857 ],
			"rotation": { "origin": [ 5.02925, 8.29725, -2.309126 ], "axis": "z", "angle": 22.5 },
			"faces": {
				"down": { "uv": [ 11, 1.5, 11.25, 1.75 ], "texture": "#bear" },
				"up": { "uv": [ 11, 1.25, 11.25, 1.5 ], "texture": "#bear" },
				"north": { "uv": [ 11, 1, 11.25, 1.25 ], "texture": "#bear" },
				"south": { "uv": [ 11, 0.75, 11.25, 1 ], "texture": "#bear" },
				"west": { "uv": [ 11, 0.5, 11.25, 0.75 ], "texture": "#bear" },
				"east": { "uv": [ 11, 0.25, 11.25, 0.5 ], "texture": "#bear" }
			}
		},
		{
			"__comment": "Box1",
			"from": [ 6.5115, 5.121, -7.497 ],
			"to": [ 9.0525, 7.2385, -4.108996 ],
			"faces": {
				"down": { "uv": [ 8.75, 0.75, 9.5, 1.75 ], "texture": "#bear" },
				"up": { "uv": [ 8.75, 2.75, 9.5, 3.75 ], "texture": "#bear" },
				"north": { "uv": [ 9.75, 4, 10.5, 4.75 ], "texture": "#bear" },
				"south": { "uv": [ 9.75, 4.75, 10.5, 5.5 ], "texture": "#bear" },
				"west": { "uv": [ 8.75, 2.75, 9.5, 3.75 ], "texture": "#bear", "rotation": 90 },
				"east": { "uv": [ 8.75, 2.75, 9.5, 3.75 ], "texture": "#bear", "rotation": 90 }
			}
		},
		{
			"__comment": "Box55",
			"from": [ 7.46, 5.0388, 9.17 ],
			"to": [ 8.16, 7.4888, 13.02 ],
			"faces": {
				"down": { "uv": [ 0, 14.5, 1, 16 ], "texture": "#bear" },
				"up": { "uv": [ 0, 14.5, 1, 16 ], "texture": "#bear" },
				"north": { "uv": [ 0, 14.5, 1, 16 ], "texture": "#bear" },
				"south": { "uv": [ 0, 14.5, 1, 16 ], "texture": "#bear" },
				"west": { "uv": [ 0, 14.5, 1, 16 ], "texture": "#bear" },
				"east": { "uv": [ 0, 14.5, 1, 16 ], "texture": "#bear" }
			}
		}
	],
	"display": {
		"thirdperson_righthand": {
			"rotation":  [ 72, -2, 0 ],
			"translation":  [ 0, 2.0869, 0 ],
			"scale":  [ 0.5, 0.5, 0.5 ]
		},
		"thirdperson_lefthand": {
			"rotation":  [ 72, -2, 0 ],
			"translation":  [ 0, 2.0869, 0 ],
			"scale":  [ 0.5, 0.5, 0.5 ]
		},
		"firstperson_righthand": {
			"translation":  [ 4.1739, 0, -6.956 ],
			"scale":  [ 0.5, 0.5, 0.5 ]
		},
		"firstperson_lefthand": {
			"translation":  [ 4.1739, 0, -6.956 ],
			"scale":  [ 0.5, 0.5, 0.5 ]
		},
		"gui": {
			"rotation":  [ 16, 135, 0 ],
			"scale":  [ 0.3, 0.3, 0.3 ]
		},
		"head": {
			"translation":  [ -0.694, 7.6516, 0 ],
			"scale":  [ 4, 4, 4 ]
		},
		"ground": {
			"translation":  [ 0, 5.5652, 0 ],
			"scale":  [ 0.5, 0.5, 0.5 ]
		},
		"fixed": {
			"rotation":  [ -90, 0, 0 ],
			"translation":  [ 0, -4.173, -29.2 ],
			"scale":  [ 2, 2, 2 ]
		}
	}
}