{
	"__comment": "Cubik Studio - https://cubik.studio",
	"textures": {
		"bear": "item/bear"
	},
	"elements": [ 	 
		{
			"__comment": "Box1",
			"from": [ 2.4278, 9.6923, 20.5813 ],
			"to": [ 13.0153, 19.0093, 26.0868 ],
			"rotation": { "origin": [ 4.65116, 18.11934, 7.918373 ], "axis": "x", "angle": 22.5 },
			"faces": {
				"down": { "uv": [ 5.5, 11.75, 8.5, 13.25 ], "texture": "#bear" },
				"up": { "uv": [ 5.5, 11.75, 8.5, 13.25 ], "texture": "#bear" },
				"north": { "uv": [ 0, 12, 3, 14.75 ], "texture": "#bear" },
				"south": { "uv": [ 3, 13.25, 6, 16 ], "texture": "#bear" },
				"west": { "uv": [ 14, 13.25, 15.5, 16 ], "texture": "#bear" },
				"east": { "uv": [ 15.5, 13.25, 14, 16 ], "texture": "#bear" }
			}
		},
		{
			"__comment": "Box1",
			"from": [ 6.2392, 8.9407, 6.8573 ],
			"to": [ 8.780199, 12.3287, 7.2808 ],
			"rotation": { "origin": [ 4.65116, 16.36934, 8.793373 ], "axis": "x", "angle": 45 },
			"faces": {
				"down": { "uv": [ 8.75, 13.5, 8, 13.25 ], "texture": "#bear" },
				"up": { "uv": [ 8.75, 13.25, 9.5, 13.5 ], "texture": "#bear" },
				"north": { "uv": [ 16, 8, 15.25, 7 ], "texture": "#bear" },
				"south": { "uv": [ 8.75, 1.75, 9.5, 2.75 ], "texture": "#bear" },
				"west": { "uv": [ 6, 13.25, 7, 13.5 ], "texture": "#bear", "rotation": 270 },
				"east": { "uv": [ 7, 13.25, 8, 13.5 ], "texture": "#bear", "rotation": 90 }
			}
		},
		{
			"__comment": "Box1",
			"from": [ 4.9504, 14.7091, 5.5051 ],
			"to": [ 10.0324, 19.3676, 8.0461 ],
			"rotation": { "origin": [ 4.65116, 18.11934, 7.918373 ], "axis": "x", "angle": 22.5 },
			"faces": {
				"down": { "uv": [ 6.75, 10.5, 8.25, 11.75 ], "texture": "#bear" },
				"up": { "uv": [ 6.75, 10.5, 8.25, 11.75 ], "texture": "#bear" },
				"north": { "uv": [ 2.5, 3.25, 4, 4.5 ], "texture": "#bear" },
				"south": { "uv": [ 2.5, 4.5, 4, 5.75 ], "texture": "#bear" },
				"west": { "uv": [ 4, 7.25, 5.25, 8.75 ], "texture": "#bear" },
				"east": { "uv": [ 5.25, 7.25, 4, 8.75 ], "texture": "#bear" }
			}
		},
		{
			"__comment": "Box1",
			"from": [ 11.8331, 10.9019, 2.9022 ],
			"to": [ 15.2211, 14.2899, 7.560699 ],
			"rotation": { "origin": [ 4.65116, 15.86934, 4.918373 ], "axis": "x", "angle": -22.5 },
			"faces": {
				"down": { "uv": [ 10.75, 8, 11.75, 9.25 ], "texture": "#bear" },
				"up": { "uv": [ 11.75, 9.25, 10.75, 8 ], "texture": "#bear" },
				"north": { "uv": [ 8.75, 1.5, 7.75, 0.5 ], "texture": "#bear" },
				"south": { "uv": [ 8.75, 6, 9.75, 7 ], "texture": "#bear" },
				"west": { "uv": [ 8.75, 8, 9.75, 9.25 ], "texture": "#bear", "rotation": 90 },
				"east": { "uv": [ 9.75, 8, 8.75, 9.25 ], "texture": "#bear", "rotation": 270 }
			}
		},
		{
			"__comment": "Box1",
			"from": [ 4.6512, 14.7174, 6.9396 ],
			"to": [ 10.1567, 19.7994, 11.5981 ],
			"faces": {
				"down": { "uv": [ 6.75, 10.5, 8.25, 11.75 ], "texture": "#bear" },
				"up": { "uv": [ 6.75, 10.5, 8.25, 11.75 ], "texture": "#bear" },
				"north": { "uv": [ 14, 11.75, 15.5, 13.25 ], "texture": "#bear" },
				"south": { "uv": [ 2.5, 5.75, 4, 7.25 ], "texture": "#bear" },
				"west": { "uv": [ 4, 7.25, 5.25, 8.75 ], "texture": "#bear" },
				"east": { "uv": [ 5.25, 7.25, 4, 8.75 ], "texture": "#bear" }
			}
		},
		{
			"__comment": "Box1",
			"from": [ 3.063, 12.9228, 9.632299 ],
			"to": [ 11.9565, 20.9693, 15.1378 ],
			"rotation": { "origin": [ 4.65116, 18.11934, 7.918373 ], "axis": "x", "angle": 22.5 },
			"faces": {
				"down": { "uv": [ 0, 6.75, 2.5, 8.25 ], "texture": "#bear" },
				"up": { "uv": [ 0, 6.75, 2.5, 8.25 ], "texture": "#bear" },
				"north": { "uv": [ 11.5, 13.75, 14, 16 ], "texture": "#bear" },
				"south": { "uv": [ 0, 11, 2.5, 13.25 ], "texture": "#bear" },
				"west": { "uv": [ 2.5, 9.5, 4, 11.75 ], "texture": "#bear" },
				"east": { "uv": [ 4, 9.5, 2.5, 11.75 ], "texture": "#bear" }
			}
		},
		{
			"__comment": "Box1",
			"from": [ 2.8513, 11.4066, 15.1098 ],
			"to": [ 12.5918, 19.8766, 20.6153 ],
			"rotation": { "origin": [ 4.65116, 18.11934, 7.918373 ], "axis": "x", "angle": 22.5 },
			"faces": {
				"down": { "uv": [ 11.25, 11.75, 14, 13.25 ], "texture": "#bear" },
				"up": { "uv": [ 11.25, 11.75, 14, 13.25 ], "texture": "#bear" },
				"north": { "uv": [ 6, 13.5, 8.75, 16 ], "texture": "#bear" },
				"south": { "uv": [ 8.75, 13.5, 11.5, 16 ], "texture": "#bear" },
				"west": { "uv": [ 0, 2.75, 1.5, 5.25 ], "texture": "#bear" },
				"east": { "uv": [ 1.5, 2.75, 0, 5.25 ], "texture": "#bear" }
			}
		},
		{
			"__comment": "Box1",
			"from": [ 4.8629, 15.8208, 3.0733 ],
			"to": [ 10.3684, 20.4793, 6.884798 ],
			"rotation": { "origin": [ 4.65116, 18.11934, 7.918373 ], "axis": "x", "angle": -22.5 },
			"faces": {
				"down": { "uv": [ 9, 7, 10.25, 8 ], "texture": "#bear" },
				"up": { "uv": [ 9, 7, 10.25, 8 ], "texture": "#bear" },
				"north": { "uv": [ 6.5, 9.25, 7.75, 10.5 ], "texture": "#bear" },
				"south": { "uv": [ 7.75, 9.25, 9, 10.5 ], "texture": "#bear" },
				"west": { "uv": [ 7.75, 5.75, 8.75, 7 ], "texture": "#bear" },
				"east": { "uv": [ 8.75, 5.75, 7.75, 7 ], "texture": "#bear" }
			}
		},
		{
			"__comment": "Box1",
			"from": [ 9.6272, -1.7667, 18.8048 ],
			"to": [ 13.0152, 2.8918, 22.1928 ],
			"faces": {
				"down": { "uv": [ 7.75, 2.5, 8.75, 3.5 ], "texture": "#bear" },
				"up": { "uv": [ 7.75, 1.5, 8.75, 2.5 ], "texture": "#bear" },
				"north": { "uv": [ 14.5, 10.5, 15.75, 11.75 ], "texture": "#bear" },
				"south": { "uv": [ 14.5, 10.5, 15.75, 11.75 ], "texture": "#bear" },
				"west": { "uv": [ 1.5, 2.75, 2.5, 4 ], "texture": "#bear" },
				"east": { "uv": [ 2.5, 2.75, 1.5, 4 ], "texture": "#bear" }
			}
		},
		{
			"__comment": "Box1",
			"from": [ 9.3096, 2.3623, 18.0636 ],
			"to": [ 13.5446, 6.5973, 22.7221 ],
			"faces": {
				"down": { "uv": [ 14, 9.25, 15.25, 10.5 ], "texture": "#bear" },
				"up": { "uv": [ 6.5, 8, 7.75, 9.25 ], "texture": "#bear" },
				"north": { "uv": [ 14.5, 10.5, 15.75, 11.75 ], "texture": "#bear" },
				"south": { "uv": [ 14.5, 10.5, 15.75, 11.75 ], "texture": "#bear" },
				"west": { "uv": [ 6.5, 9.25, 5.25, 10.5 ], "texture": "#bear" },
				"east": { "uv": [ 6.5, 9.25, 5.25, 10.5 ], "texture": "#bear" }
			}
		},
		{
			"__comment": "Box1",
			"from": [ 10.4655, 10.5857, 6.1203 ],
			"to": [ 14.7005, 14.8207, 10.3553 ],
			"rotation": { "origin": [ 4.65116, 15.86934, 4.918373 ], "axis": "x", "angle": -22.5 },
			"faces": {
				"down": { "uv": [ 5.25, 4.25, 6.5, 5.5 ], "texture": "#bear" },
				"up": { "uv": [ 6.5, 5.5, 5.25, 4.25 ], "texture": "#bear" },
				"north": { "uv": [ 5.25, 5.75, 4, 4.5 ], "texture": "#bear" },
				"south": { "uv": [ 4, 3.25, 5.25, 4.5 ], "texture": "#bear" },
				"west": { "uv": [ 6.5, 1.75, 5.25, 3 ], "texture": "#bear", "rotation": 90 },
				"east": { "uv": [ 6.5, 1.75, 5.25, 3 ], "texture": "#bear", "rotation": 270 }
			}
		},
		{
			"__comment": "Box1",
			"from": [ 9.3096, -2.2961, 16.5814 ],
			"to": [ 13.5446, -0.6020999, 21.6634 ],
			"faces": {
				"down": { "uv": [ 10.75, 8, 11.75, 9.25 ], "texture": "#bear" },
				"up": { "uv": [ 10.75, 8, 11.75, 9.25 ], "texture": "#bear" },
				"north": { "uv": [ 10.75, 8, 11.75, 9.25 ], "texture": "#bear" },
				"south": { "uv": [ 10.75, 8, 11.75, 9.25 ], "texture": "#bear" },
				"west": { "uv": [ 10.75, 8, 11.75, 9.25 ], "texture": "#bear" },
				"east": { "uv": [ 10.75, 8, 11.75, 9.25 ], "texture": "#bear" }
			}
		},
		{
			"__comment": "Box1",
			"from": [ 0.4476, 13.8672, 4.7776 ],
			"to": [ 3.8356, 17.2552, 9.4361 ],
			"rotation": { "origin": [ 4.65116, 17.11934, 6.793373 ], "axis": "x", "angle": 22.5 },
			"faces": {
				"down": { "uv": [ 9.75, 8, 10.75, 9.25 ], "texture": "#bear" },
				"up": { "uv": [ 11.75, 9.25, 10.75, 8 ], "texture": "#bear" },
				"north": { "uv": [ 14.25, 8, 13.25, 7 ], "texture": "#bear" },
				"south": { "uv": [ 8.75, 5, 9.75, 6 ], "texture": "#bear" },
				"west": { "uv": [ 8.75, 8, 9.75, 9.25 ], "texture": "#bear", "rotation": 90 },
				"east": { "uv": [ 8.75, 8, 9.75, 9.25 ], "texture": "#bear", "rotation": 270 }
			}
		},
		{
			"__comment": "Box1",
			"from": [ 2.1101, -1.7667, 18.8048 ],
			"to": [ 5.4981, 2.8918, 22.1928 ],
			"faces": {
				"down": { "uv": [ 7.75, 3.5, 8.75, 4.5 ], "texture": "#bear" },
				"up": { "uv": [ 14.25, 7, 15.25, 8 ], "texture": "#bear" },
				"north": { "uv": [ 14.5, 10.5, 15.75, 11.75 ], "texture": "#bear" },
				"south": { "uv": [ 14.5, 10.5, 15.75, 11.75 ], "texture": "#bear" },
				"west": { "uv": [ 1.5, 2.75, 2.5, 4 ], "texture": "#bear" },
				"east": { "uv": [ 1.5, 2.75, 2.5, 4 ], "texture": "#bear" }
			}
		},
		{
			"__comment": "Box1",
			"from": [ 1.7925, 2.3623, 18.0636 ],
			"to": [ 6.0275, 6.5973, 22.7221 ],
			"faces": {
				"down": { "uv": [ 10.75, 10.5, 12, 11.75 ], "texture": "#bear" },
				"up": { "uv": [ 12, 10.5, 13.25, 11.75 ], "texture": "#bear" },
				"north": { "uv": [ 14.5, 10.5, 15.75, 11.75 ], "texture": "#bear" },
				"south": { "uv": [ 14.5, 10.5, 15.75, 11.75 ], "texture": "#bear" },
				"west": { "uv": [ 5.25, 9.25, 6.5, 10.5 ], "texture": "#bear" },
				"east": { "uv": [ 5.25, 9.25, 6.5, 10.5 ], "texture": "#bear" }
			}
		},
		{
			"__comment": "Box1",
			"from": [ 0.655, 13.551, 7.9957 ],
			"to": [ 4.89, 17.786, 12.2307 ],
			"rotation": { "origin": [ 4.65116, 17.11934, 6.793373 ], "axis": "x", "angle": 22.5 },
			"faces": {
				"down": { "uv": [ 5.25, 4.25, 6.5, 5.5 ], "texture": "#bear" },
				"up": { "uv": [ 6.5, 5.5, 5.25, 4.25 ], "texture": "#bear" },
				"north": { "uv": [ 6.5, 8, 5.25, 6.75 ], "texture": "#bear" },
				"south": { "uv": [ 5.25, 5.5, 6.5, 6.75 ], "texture": "#bear" },
				"west": { "uv": [ 5.25, 1.75, 6.5, 3 ], "texture": "#bear", "rotation": 90 },
				"east": { "uv": [ 5.25, 1.75, 6.5, 3 ], "texture": "#bear", "rotation": 270 }
			}
		},
		{
			"__comment": "Box1",
			"from": [ 1.7925, -2.2961, 16.5814 ],
			"to": [ 6.0275, -0.6020999, 21.6634 ],
			"faces": {
				"down": { "uv": [ 10.75, 8, 11.75, 9.25 ], "texture": "#bear" },
				"up": { "uv": [ 10.75, 8, 11.75, 9.25 ], "texture": "#bear" },
				"north": { "uv": [ 10.75, 8, 11.75, 9.25 ], "texture": "#bear" },
				"south": { "uv": [ 10.75, 8, 11.75, 9.25 ], "texture": "#bear" },
				"west": { "uv": [ 10.75, 8, 11.75, 9.25 ], "texture": "#bear" },
				"east": { "uv": [ 10.75, 8, 11.75, 9.25 ], "texture": "#bear" }
			}
		},
		{
			"__comment": "Box1",
			"from": [ -0.22, 17.0657, 3.603 ],
			"to": [ 4.015, 21.3007, 5.297 ],
			"rotation": { "origin": [ 4.65116, 17.11934, 6.793373 ], "axis": "x", "angle": -45 },
			"faces": {
				"down": { "uv": [ 10.75, 8, 11.75, 9.25 ], "texture": "#bear" },
				"up": { "uv": [ 11.75, 9.25, 10.75, 8 ], "texture": "#bear" },
				"north": { "uv": [ 11.75, 9.25, 10.75, 8 ], "texture": "#bear" },
				"south": { "uv": [ 10.75, 8, 11.75, 9.25 ], "texture": "#bear" },
				"west": { "uv": [ 10.75, 8, 11.75, 9.25 ], "texture": "#bear", "rotation": 90 },
				"east": { "uv": [ 10.75, 8, 11.75, 9.25 ], "texture": "#bear", "rotation": 270 }
			}
		},
		{
			"__comment": "Box1",
			"from": [ 11.9346, 11.668, -1.0728 ],
			"to": [ 16.1696, 13.362, 3.1622 ],
			"rotation": { "origin": [ 4.65116, 15.86934, 4.918373 ], "axis": "x", "angle": -22.5 },
			"faces": {
				"down": { "uv": [ 10.75, 8, 11.75, 9.25 ], "texture": "#bear" },
				"up": { "uv": [ 10.75, 8, 11.75, 9.25 ], "texture": "#bear" },
				"north": { "uv": [ 10.75, 8, 11.75, 9.25 ], "texture": "#bear" },
				"south": { "uv": [ 10.75, 8, 11.75, 9.25 ], "texture": "#bear" },
				"west": { "uv": [ 10.75, 8, 11.75, 9.25 ], "texture": "#bear" },
				"east": { "uv": [ 10.75, 8, 11.75, 9.25 ], "texture": "#bear" }
			}
		},
		{
			"__comment": "Box20",
			"from": [ 8.674399, -1.9785, 15.4167 ],
			"to": [ 9.521399, -1.1315, 17.5342 ],
			"faces": {
				"down": { "uv": [ 9.5, 1.75, 9.75, 2.25 ], "texture": "#bear" },
				"up": { "uv": [ 9.5, 1.75, 9.75, 2.25 ], "texture": "#bear" },
				"north": { "uv": [ 9.5, 1.75, 9.75, 2.25 ], "texture": "#bear" },
				"south": { "uv": [ 9.5, 1.75, 9.75, 2.25 ], "texture": "#bear" },
				"west": { "uv": [ 9.5, 1.75, 9.75, 2.25 ], "texture": "#bear" },
				"east": { "uv": [ 9.5, 1.75, 9.75, 2.25 ], "texture": "#bear" }
			}
		},
		{
			"__comment": "Box20",
			"from": [ 8.8861, -1.7667, 13.7227 ],
			"to": [ 9.3096, -1.3432, 15.4167 ],
			"faces": {
				"down": { "uv": [ 9.5, 1.75, 9.75, 2.25 ], "texture": "#bear" },
				"up": { "uv": [ 9.5, 1.75, 9.75, 2.25 ], "texture": "#bear" },
				"north": { "uv": [ 9.5, 1.75, 9.75, 2.25 ], "texture": "#bear" },
				"south": { "uv": [ 9.5, 1.75, 9.75, 2.25 ], "texture": "#bear" },
				"west": { "uv": [ 9.5, 1.75, 9.75, 2.25 ], "texture": "#bear" },
				"east": { "uv": [ 9.5, 1.75, 9.75, 2.25 ], "texture": "#bear" }
			}
		},
		{
			"__comment": "Box20",
			"from": [ 11.4271, -1.9785, 14.7815 ],
			"to": [ 12.2741, -1.1315, 16.899 ],
			"faces": {
				"down": { "uv": [ 9.5, 1.75, 9.75, 2.25 ], "texture": "#bear" },
				"up": { "uv": [ 9.5, 1.75, 9.75, 2.25 ], "texture": "#bear" },
				"north": { "uv": [ 9.5, 1.75, 9.75, 2.25 ], "texture": "#bear" },
				"south": { "uv": [ 9.5, 1.75, 9.75, 2.25 ], "texture": "#bear" },
				"west": { "uv": [ 9.5, 1.75, 9.75, 2.25 ], "texture": "#bear" },
				"east": { "uv": [ 9.5, 1.75, 9.75, 2.25 ], "texture": "#bear" }
			}
		},
		{
			"__comment": "Box20",
			"from": [ 12.6977, -1.9785, 14.7815 ],
			"to": [ 13.5447, -1.1315, 16.899 ],
			"faces": {
				"down": { "uv": [ 9.5, 1.75, 9.75, 2.25 ], "texture": "#bear" },
				"up": { "uv": [ 9.5, 1.75, 9.75, 2.25 ], "texture": "#bear" },
				"north": { "uv": [ 9.5, 1.75, 9.75, 2.25 ], "texture": "#bear" },
				"south": { "uv": [ 9.5, 1.75, 9.75, 2.25 ], "texture": "#bear" },
				"west": { "uv": [ 9.5, 1.75, 9.75, 2.25 ], "texture": "#bear" },
				"east": { "uv": [ 9.5, 1.75, 9.75, 2.25 ], "texture": "#bear" }
			}
		},
		{
			"__comment": "Box20",
			"from": [ 10.0508, -1.9785, 14.7815 ],
			"to": [ 10.8978, -1.1315, 16.899 ],
			"faces": {
				"down": { "uv": [ 9.5, 1.75, 9.75, 2.25 ], "texture": "#bear" },
				"up": { "uv": [ 9.5, 1.75, 9.75, 2.25 ], "texture": "#bear" },
				"north": { "uv": [ 9.5, 1.75, 9.75, 2.25 ], "texture": "#bear" },
				"south": { "uv": [ 9.5, 1.75, 9.75, 2.25 ], "texture": "#bear" },
				"west": { "uv": [ 9.5, 1.75, 9.75, 2.25 ], "texture": "#bear" },
				"east": { "uv": [ 9.5, 1.75, 9.75, 2.25 ], "texture": "#bear" }
			}
		},
		{
			"__comment": "Box20",
			"from": [ 10.2625, -1.8727, 13.1934 ],
			"to": [ 10.686, -1.4492, 14.8874 ],
			"faces": {
				"down": { "uv": [ 9.5, 1.75, 9.75, 2.25 ], "texture": "#bear" },
				"up": { "uv": [ 9.5, 1.75, 9.75, 2.25 ], "texture": "#bear" },
				"north": { "uv": [ 9.5, 1.75, 9.75, 2.25 ], "texture": "#bear" },
				"south": { "uv": [ 9.5, 1.75, 9.75, 2.25 ], "texture": "#bear" },
				"west": { "uv": [ 9.5, 1.75, 9.75, 2.25 ], "texture": "#bear" },
				"east": { "uv": [ 9.5, 1.75, 9.75, 2.25 ], "texture": "#bear" }
			}
		},
		{
			"__comment": "Box20",
			"from": [ 11.6389, -1.8727, 13.1934 ],
			"to": [ 12.0624, -1.4492, 14.8874 ],
			"faces": {
				"down": { "uv": [ 9.5, 1.75, 9.75, 2.25 ], "texture": "#bear" },
				"up": { "uv": [ 9.5, 1.75, 9.75, 2.25 ], "texture": "#bear" },
				"north": { "uv": [ 9.5, 1.75, 9.75, 2.25 ], "texture": "#bear" },
				"south": { "uv": [ 9.5, 1.75, 9.75, 2.25 ], "texture": "#bear" },
				"west": { "uv": [ 9.5, 1.75, 9.75, 2.25 ], "texture": "#bear" },
				"east": { "uv": [ 9.5, 1.75, 9.75, 2.25 ], "texture": "#bear" }
			}
		},
		{
			"__comment": "Box20",
			"from": [ 12.9094, -1.8727, 13.1934 ],
			"to": [ 13.3329, -1.4492, 14.8874 ],
			"faces": {
				"down": { "uv": [ 9.5, 1.75, 9.75, 2.25 ], "texture": "#bear" },
				"up": { "uv": [ 9.5, 1.75, 9.75, 2.25 ], "texture": "#bear" },
				"north": { "uv": [ 9.5, 1.75, 9.75, 2.25 ], "texture": "#bear" },
				"south": { "uv": [ 9.5, 1.75, 9.75, 2.25 ], "texture": "#bear" },
				"west": { "uv": [ 9.5, 1.75, 9.75, 2.25 ], "texture": "#bear" },
				"east": { "uv": [ 9.5, 1.75, 9.75, 2.25 ], "texture": "#bear" }
			}
		},
		{
			"__comment": "Box20",
			"from": [ 1.5808, -1.9785, 14.7815 ],
			"to": [ 2.4278, -1.1315, 16.899 ],
			"faces": {
				"down": { "uv": [ 9.5, 1.75, 9.75, 2.25 ], "texture": "#bear" },
				"up": { "uv": [ 9.5, 1.75, 9.75, 2.25 ], "texture": "#bear" },
				"north": { "uv": [ 9.5, 1.75, 9.75, 2.25 ], "texture": "#bear" },
				"south": { "uv": [ 9.5, 1.75, 9.75, 2.25 ], "texture": "#bear" },
				"west": { "uv": [ 9.5, 1.75, 9.75, 2.25 ], "texture": "#bear" },
				"east": { "uv": [ 9.5, 1.75, 9.75, 2.25 ], "texture": "#bear" }
			}
		},
		{
			"__comment": "Box20",
			"from": [ 1.7925, -1.8727, 13.1934 ],
			"to": [ 2.216, -1.4492, 14.8874 ],
			"faces": {
				"down": { "uv": [ 9.5, 1.75, 9.75, 2.25 ], "texture": "#bear" },
				"up": { "uv": [ 9.5, 1.75, 9.75, 2.25 ], "texture": "#bear" },
				"north": { "uv": [ 9.5, 1.75, 9.75, 2.25 ], "texture": "#bear" },
				"south": { "uv": [ 9.5, 1.75, 9.75, 2.25 ], "texture": "#bear" },
				"west": { "uv": [ 9.5, 1.75, 9.75, 2.25 ], "texture": "#bear" },
				"east": { "uv": [ 9.5, 1.75, 9.75, 2.25 ], "texture": "#bear" }
			}
		},
		{
			"__comment": "Box20",
			"from": [ 2.9571, -1.9785, 14.7815 ],
			"to": [ 3.8041, -1.1315, 16.899 ],
			"faces": {
				"down": { "uv": [ 9.5, 1.75, 9.75, 2.25 ], "texture": "#bear" },
				"up": { "uv": [ 9.5, 1.75, 9.75, 2.25 ], "texture": "#bear" },
				"north": { "uv": [ 9.5, 1.75, 9.75, 2.25 ], "texture": "#bear" },
				"south": { "uv": [ 9.5, 1.75, 9.75, 2.25 ], "texture": "#bear" },
				"west": { "uv": [ 9.5, 1.75, 9.75, 2.25 ], "texture": "#bear" },
				"east": { "uv": [ 9.5, 1.75, 9.75, 2.25 ], "texture": "#bear" }
			}
		},
		{
			"__comment": "Box20",
			"from": [ 3.1689, -1.8727, 13.1934 ],
			"to": [ 3.5924, -1.4492, 14.8874 ],
			"faces": {
				"down": { "uv": [ 9.5, 1.75, 9.75, 2.25 ], "texture": "#bear" },
				"up": { "uv": [ 9.5, 1.75, 9.75, 2.25 ], "texture": "#bear" },
				"north": { "uv": [ 9.5, 1.75, 9.75, 2.25 ], "texture": "#bear" },
				"south": { "uv": [ 9.5, 1.75, 9.75, 2.25 ], "texture": "#bear" },
				"west": { "uv": [ 9.5, 1.75, 9.75, 2.25 ], "texture": "#bear" },
				"east": { "uv": [ 9.5, 1.75, 9.75, 2.25 ], "texture": "#bear" }
			}
		},
		{
			"__comment": "Box20",
			"from": [ 4.4394, -1.8727, 13.1934 ],
			"to": [ 4.8629, -1.4492, 14.8874 ],
			"faces": {
				"down": { "uv": [ 9.5, 1.75, 9.75, 2.25 ], "texture": "#bear" },
				"up": { "uv": [ 9.5, 1.75, 9.75, 2.25 ], "texture": "#bear" },
				"north": { "uv": [ 9.5, 1.75, 9.75, 2.25 ], "texture": "#bear" },
				"south": { "uv": [ 9.5, 1.75, 9.75, 2.25 ], "texture": "#bear" },
				"west": { "uv": [ 9.5, 1.75, 9.75, 2.25 ], "texture": "#bear" },
				"east": { "uv": [ 9.5, 1.75, 9.75, 2.25 ], "texture": "#bear" }
			}
		},
		{
			"__comment": "Box20",
			"from": [ 4.2276, -1.9785, 14.7815 ],
			"to": [ 5.0746, -1.1315, 16.899 ],
			"faces": {
				"down": { "uv": [ 9.5, 1.75, 9.75, 2.25 ], "texture": "#bear" },
				"up": { "uv": [ 9.5, 1.75, 9.75, 2.25 ], "texture": "#bear" },
				"north": { "uv": [ 9.5, 1.75, 9.75, 2.25 ], "texture": "#bear" },
				"south": { "uv": [ 9.5, 1.75, 9.75, 2.25 ], "texture": "#bear" },
				"west": { "uv": [ 9.5, 1.75, 9.75, 2.25 ], "texture": "#bear" },
				"east": { "uv": [ 9.5, 1.75, 9.75, 2.25 ], "texture": "#bear" }
			}
		},
		{
			"__comment": "Box20",
			"from": [ 5.8158, -1.9785, 15.4167 ],
			"to": [ 6.6628, -1.1315, 17.5342 ],
			"faces": {
				"down": { "uv": [ 9.5, 1.75, 9.75, 2.25 ], "texture": "#bear" },
				"up": { "uv": [ 9.5, 1.75, 9.75, 2.25 ], "texture": "#bear" },
				"north": { "uv": [ 9.5, 1.75, 9.75, 2.25 ], "texture": "#bear" },
				"south": { "uv": [ 9.5, 1.75, 9.75, 2.25 ], "texture": "#bear" },
				"west": { "uv": [ 9.5, 1.75, 9.75, 2.25 ], "texture": "#bear" },
				"east": { "uv": [ 9.5, 1.75, 9.75, 2.25 ], "texture": "#bear" }
			}
		},
		{
			"__comment": "Box20",
			"from": [ 6.0275, -1.7667, 13.7227 ],
			"to": [ 6.451, -1.3432, 15.4167 ],
			"faces": {
				"down": { "uv": [ 9.5, 1.75, 9.75, 2.25 ], "texture": "#bear" },
				"up": { "uv": [ 9.5, 1.75, 9.75, 2.25 ], "texture": "#bear" },
				"north": { "uv": [ 9.5, 1.75, 9.75, 2.25 ], "texture": "#bear" },
				"south": { "uv": [ 9.5, 1.75, 9.75, 2.25 ], "texture": "#bear" },
				"west": { "uv": [ 9.5, 1.75, 9.75, 2.25 ], "texture": "#bear" },
				"east": { "uv": [ 9.5, 1.75, 9.75, 2.25 ], "texture": "#bear" }
			}
		},
		{
			"__comment": "Box20",
			"from": [ -0.4317, 21.1949, 3.9208 ],
			"to": [ 0.4153, 23.3124, 4.7678 ],
			"rotation": { "origin": [ 4.65116, 17.11934, 6.793373 ], "axis": "x", "angle": -45 },
			"faces": {
				"down": { "uv": [ 11.25, 4.75, 11.5, 5 ], "texture": "#bear" },
				"up": { "uv": [ 11.25, 5, 11, 4.75 ], "texture": "#bear" },
				"north": { "uv": [ 9.75, 2.25, 9.5, 1.75 ], "texture": "#bear" },
				"south": { "uv": [ 9.5, 1.25, 9.75, 1.75 ], "texture": "#bear" },
				"west": { "uv": [ 9.75, 3.25, 10.25, 3.5 ], "texture": "#bear", "rotation": 90 },
				"east": { "uv": [ 9.75, 3, 10.25, 3.25 ], "texture": "#bear", "rotation": 270 }
			}
		},
		{
			"__comment": "Box20",
			"from": [ -0.22, 19.4361, -0.6702 ],
			"to": [ 0.2035, 19.8596, 1.0238 ],
			"rotation": { "origin": [ 4.65116, 17.11934, 6.793373 ], "axis": "x", "angle": 0 },
			"faces": {
				"down": { "uv": [ 9.5, 1.75, 9.75, 2.25 ], "texture": "#bear" },
				"up": { "uv": [ 9.5, 1.75, 9.75, 2.25 ], "texture": "#bear" },
				"north": { "uv": [ 9.5, 1.75, 9.75, 2.25 ], "texture": "#bear" },
				"south": { "uv": [ 9.5, 1.75, 9.75, 2.25 ], "texture": "#bear" },
				"west": { "uv": [ 9.5, 1.75, 9.75, 2.25 ], "texture": "#bear" },
				"east": { "uv": [ 9.5, 1.75, 9.75, 2.25 ], "texture": "#bear" }
			}
		},
		{
			"__comment": "Box20",
			"from": [ 1.1564, 19.4361, -0.6702 ],
			"to": [ 1.5799, 19.8596, 1.0238 ],
			"rotation": { "origin": [ 4.65116, 17.11934, 6.793373 ], "axis": "x", "angle": 0 },
			"faces": {
				"down": { "uv": [ 9.5, 1.75, 9.75, 2.25 ], "texture": "#bear" },
				"up": { "uv": [ 9.5, 1.75, 9.75, 2.25 ], "texture": "#bear" },
				"north": { "uv": [ 9.5, 1.75, 9.75, 2.25 ], "texture": "#bear" },
				"south": { "uv": [ 9.5, 1.75, 9.75, 2.25 ], "texture": "#bear" },
				"west": { "uv": [ 9.5, 1.75, 9.75, 2.25 ], "texture": "#bear" },
				"east": { "uv": [ 9.5, 1.75, 9.75, 2.25 ], "texture": "#bear" }
			}
		},
		{
			"__comment": "Box20",
			"from": [ 0.9446, 21.1949, 3.9208 ],
			"to": [ 1.7916, 23.3124, 4.7678 ],
			"rotation": { "origin": [ 4.65116, 17.11934, 6.793373 ], "axis": "x", "angle": -45 },
			"faces": {
				"down": { "uv": [ 9.5, 1.75, 9.75, 2.25 ], "texture": "#bear" },
				"up": { "uv": [ 9.75, 2.25, 9.5, 1.75 ], "texture": "#bear" },
				"north": { "uv": [ 9.75, 2.25, 9.5, 1.75 ], "texture": "#bear" },
				"south": { "uv": [ 9.5, 1.75, 9.75, 2.25 ], "texture": "#bear" },
				"west": { "uv": [ 9.5, 1.75, 9.75, 2.25 ], "texture": "#bear", "rotation": 90 },
				"east": { "uv": [ 9.5, 1.75, 9.75, 2.25 ], "texture": "#bear", "rotation": 270 }
			}
		},
		{
			"__comment": "Box20",
			"from": [ 2.2151, 21.1949, 3.9208 ],
			"to": [ 3.0621, 23.3124, 4.7678 ],
			"rotation": { "origin": [ 4.65116, 17.11934, 6.793373 ], "axis": "x", "angle": -45 },
			"faces": {
				"down": { "uv": [ 9.5, 1.75, 9.75, 2.25 ], "texture": "#bear" },
				"up": { "uv": [ 9.75, 2.25, 9.5, 1.75 ], "texture": "#bear" },
				"north": { "uv": [ 9.75, 2.25, 9.5, 1.75 ], "texture": "#bear" },
				"south": { "uv": [ 9.5, 1.75, 9.75, 2.25 ], "texture": "#bear" },
				"west": { "uv": [ 9.5, 1.75, 9.75, 2.25 ], "texture": "#bear", "rotation": 90 },
				"east": { "uv": [ 9.5, 1.75, 9.75, 2.25 ], "texture": "#bear", "rotation": 270 }
			}
		},
		{
			"__comment": "Box20",
			"from": [ 2.4269, 19.4361, -0.6702 ],
			"to": [ 2.8504, 19.8596, 1.0238 ],
			"rotation": { "origin": [ 4.65116, 17.11934, 6.793373 ], "axis": "x", "angle": 0 },
			"faces": {
				"down": { "uv": [ 9.5, 1.75, 9.75, 2.25 ], "texture": "#bear" },
				"up": { "uv": [ 9.5, 1.75, 9.75, 2.25 ], "texture": "#bear" },
				"north": { "uv": [ 9.5, 1.75, 9.75, 2.25 ], "texture": "#bear" },
				"south": { "uv": [ 9.5, 1.75, 9.75, 2.25 ], "texture": "#bear" },
				"west": { "uv": [ 9.5, 1.75, 9.75, 2.25 ], "texture": "#bear" },
				"east": { "uv": [ 9.5, 1.75, 9.75, 2.25 ], "texture": "#bear" }
			}
		},
		{
			"__comment": "Box20",
			"from": [ 3.8032, 20.5596, 3.9208 ],
			"to": [ 4.6502, 22.6771, 4.767798 ],
			"rotation": { "origin": [ 4.65116, 17.11934, 6.793373 ], "axis": "x", "angle": -45 },
			"faces": {
				"down": { "uv": [ 9.5, 1.75, 9.75, 2.25 ], "texture": "#bear" },
				"up": { "uv": [ 9.75, 2.25, 9.5, 1.75 ], "texture": "#bear" },
				"north": { "uv": [ 9.75, 2.25, 9.5, 1.75 ], "texture": "#bear" },
				"south": { "uv": [ 9.5, 1.75, 9.75, 2.25 ], "texture": "#bear" },
				"west": { "uv": [ 9.5, 1.75, 9.75, 2.25 ], "texture": "#bear", "rotation": 90 },
				"east": { "uv": [ 9.5, 1.75, 9.75, 2.25 ], "texture": "#bear", "rotation": 270 }
			}
		},
		{
			"__comment": "Box20",
			"from": [ 4.015, 19.0373, -0.2159 ],
			"to": [ 4.4385, 19.4608, 1.4781 ],
			"rotation": { "origin": [ 4.65116, 17.11934, 6.793373 ], "axis": "x", "angle": 0 },
			"faces": {
				"down": { "uv": [ 9.5, 1.75, 9.75, 2.25 ], "texture": "#bear" },
				"up": { "uv": [ 9.5, 1.75, 9.75, 2.25 ], "texture": "#bear" },
				"north": { "uv": [ 9.5, 1.75, 9.75, 2.25 ], "texture": "#bear" },
				"south": { "uv": [ 9.5, 1.75, 9.75, 2.25 ], "texture": "#bear" },
				"west": { "uv": [ 9.5, 1.75, 9.75, 2.25 ], "texture": "#bear" },
				"east": { "uv": [ 9.5, 1.75, 9.75, 2.25 ], "texture": "#bear" }
			}
		},
		{
			"__comment": "Box20",
			"from": [ 11.2994, 11.9857, -2.4492 ],
			"to": [ 12.1464, 12.8327, -0.3316996 ],
			"rotation": { "origin": [ 4.65116, 15.86934, 4.918373 ], "axis": "x", "angle": -22.5 },
			"faces": {
				"down": { "uv": [ 9.5, 1.75, 9.75, 2.25 ], "texture": "#bear" },
				"up": { "uv": [ 9.5, 1.75, 9.75, 2.25 ], "texture": "#bear" },
				"north": { "uv": [ 9.5, 1.75, 9.75, 2.25 ], "texture": "#bear" },
				"south": { "uv": [ 9.5, 1.75, 9.75, 2.25 ], "texture": "#bear" },
				"west": { "uv": [ 9.5, 1.75, 9.75, 2.25 ], "texture": "#bear" },
				"east": { "uv": [ 9.5, 1.75, 9.75, 2.25 ], "texture": "#bear" }
			}
		},
		{
			"__comment": "Box20",
			"from": [ 11.5111, 15.4049, -4.6914 ],
			"to": [ 11.9346, 15.8284, -2.9974 ],
			"rotation": { "origin": [ 4.65116, 15.86934, 4.918373 ], "axis": "x", "angle": -45 },
			"faces": {
				"down": { "uv": [ 9.5, 1.75, 9.75, 2.25 ], "texture": "#bear" },
				"up": { "uv": [ 9.5, 1.75, 9.75, 2.25 ], "texture": "#bear" },
				"north": { "uv": [ 9.5, 1.75, 9.75, 2.25 ], "texture": "#bear" },
				"south": { "uv": [ 9.5, 1.75, 9.75, 2.25 ], "texture": "#bear" },
				"west": { "uv": [ 9.5, 1.75, 9.75, 2.25 ], "texture": "#bear" },
				"east": { "uv": [ 9.5, 1.75, 9.75, 2.25 ], "texture": "#bear" }
			}
		},
		{
			"__comment": "Box20",
			"from": [ 12.6758, 11.9858, -3.0844 ],
			"to": [ 13.5228, 12.8328, -0.9668994 ],
			"rotation": { "origin": [ 4.65116, 15.86934, 4.918373 ], "axis": "x", "angle": -22.5 },
			"faces": {
				"down": { "uv": [ 9.5, 1.75, 9.75, 2.25 ], "texture": "#bear" },
				"up": { "uv": [ 9.5, 1.75, 9.75, 2.25 ], "texture": "#bear" },
				"north": { "uv": [ 9.5, 1.75, 9.75, 2.25 ], "texture": "#bear" },
				"south": { "uv": [ 9.5, 1.75, 9.75, 2.25 ], "texture": "#bear" },
				"west": { "uv": [ 9.5, 1.75, 9.75, 2.25 ], "texture": "#bear" },
				"east": { "uv": [ 9.5, 1.75, 9.75, 2.25 ], "texture": "#bear" }
			}
		},
		{
			"__comment": "Box20",
			"from": [ 12.8875, 15.299, -5.5384 ],
			"to": [ 13.311, 15.7225, -3.8444 ],
			"rotation": { "origin": [ 4.65116, 15.86934, 4.918373 ], "axis": "x", "angle": -45 },
			"faces": {
				"down": { "uv": [ 9.5, 1.75, 9.75, 2.25 ], "texture": "#bear" },
				"up": { "uv": [ 9.5, 1.75, 9.75, 2.25 ], "texture": "#bear" },
				"north": { "uv": [ 9.5, 1.75, 9.75, 2.25 ], "texture": "#bear" },
				"south": { "uv": [ 9.5, 1.75, 9.75, 2.25 ], "texture": "#bear" },
				"west": { "uv": [ 9.5, 1.75, 9.75, 2.25 ], "texture": "#bear" },
				"east": { "uv": [ 9.5, 1.75, 9.75, 2.25 ], "texture": "#bear" }
			}
		},
		{
			"__comment": "Box20",
			"from": [ 14.0521, 11.9858, -3.0844 ],
			"to": [ 14.8991, 12.8328, -0.9668994 ],
			"rotation": { "origin": [ 4.65116, 15.86934, 4.918373 ], "axis": "x", "angle": -22.5 },
			"faces": {
				"down": { "uv": [ 9.5, 1.75, 9.75, 2.25 ], "texture": "#bear" },
				"up": { "uv": [ 9.5, 1.75, 9.75, 2.25 ], "texture": "#bear" },
				"north": { "uv": [ 9.5, 1.75, 9.75, 2.25 ], "texture": "#bear" },
				"south": { "uv": [ 9.5, 1.75, 9.75, 2.25 ], "texture": "#bear" },
				"west": { "uv": [ 9.5, 1.75, 9.75, 2.25 ], "texture": "#bear" },
				"east": { "uv": [ 9.5, 1.75, 9.75, 2.25 ], "texture": "#bear" }
			}
		},
		{
			"__comment": "Box20",
			"from": [ 14.2639, 15.299, -5.5384 ],
			"to": [ 14.6874, 15.7225, -3.8444 ],
			"rotation": { "origin": [ 4.65116, 15.86934, 4.918373 ], "axis": "x", "angle": -45 },
			"faces": {
				"down": { "uv": [ 9.5, 1.75, 9.75, 2.25 ], "texture": "#bear" },
				"up": { "uv": [ 9.5, 1.75, 9.75, 2.25 ], "texture": "#bear" },
				"north": { "uv": [ 9.5, 1.75, 9.75, 2.25 ], "texture": "#bear" },
				"south": { "uv": [ 9.5, 1.75, 9.75, 2.25 ], "texture": "#bear" },
				"west": { "uv": [ 9.5, 1.75, 9.75, 2.25 ], "texture": "#bear" },
				"east": { "uv": [ 9.5, 1.75, 9.75, 2.25 ], "texture": "#bear" }
			}
		},
		{
			"__comment": "Box20",
			"from": [ 15.3227, 11.9858, -3.0844 ],
			"to": [ 16.1697, 12.8328, -0.9668994 ],
			"rotation": { "origin": [ 4.65116, 15.86934, 4.918373 ], "axis": "x", "angle": -22.5 },
			"faces": {
				"down": { "uv": [ 9.5, 1.75, 9.75, 2.25 ], "texture": "#bear" },
				"up": { "uv": [ 9.5, 1.75, 9.75, 2.25 ], "texture": "#bear" },
				"north": { "uv": [ 9.5, 1.75, 9.75, 2.25 ], "texture": "#bear" },
				"south": { "uv": [ 9.5, 1.75, 9.75, 2.25 ], "texture": "#bear" },
				"west": { "uv": [ 9.5, 1.75, 9.75, 2.25 ], "texture": "#bear" },
				"east": { "uv": [ 9.5, 1.75, 9.75, 2.25 ], "texture": "#bear" }
			}
		},
		{
			"__comment": "Box20",
			"from": [ 15.5344, 15.299, -5.5384 ],
			"to": [ 15.9579, 15.7225, -3.8444 ],
			"rotation": { "origin": [ 4.65116, 15.86934, 4.918373 ], "axis": "x", "angle": -45 },
			"faces": {
				"down": { "uv": [ 9.5, 1.75, 9.75, 2.25 ], "texture": "#bear" },
				"up": { "uv": [ 9.5, 1.75, 9.75, 2.25 ], "texture": "#bear" },
				"north": { "uv": [ 9.5, 1.75, 9.75, 2.25 ], "texture": "#bear" },
				"south": { "uv": [ 9.5, 1.75, 9.75, 2.25 ], "texture": "#bear" },
				"west": { "uv": [ 9.5, 1.75, 9.75, 2.25 ], "texture": "#bear" },
				"east": { "uv": [ 9.5, 1.75, 9.75, 2.25 ], "texture": "#bear" }
			}
		},
		{
			"__comment": "Box52",
			"from": [ 10.0744, 16.0709, 4.5015 ],
			"to": [ 10.4979, 17.3414, 5.772 ],
			"rotation": { "origin": [ 4.65116, 18.11934, 7.918373 ], "axis": "x", "angle": 45 },
			"faces": {
				"down": { "uv": [ 11, 3, 11.25, 3.25 ], "texture": "#bear", "rotation": 270 },
				"up": { "uv": [ 11, 2.75, 11.25, 3 ], "texture": "#bear", "rotation": 90 },
				"north": { "uv": [ 11, 2, 11.25, 2.25 ], "texture": "#bear" },
				"south": { "uv": [ 11, 1.75, 11.25, 2 ], "texture": "#bear" },
				"west": { "uv": [ 11, 2.25, 11.25, 2.5 ], "texture": "#bear" },
				"east": { "uv": [ 11, 2.5, 11.25, 2.75 ], "texture": "#bear" }
			}
		},
		{
			"__comment": "Box52",
			"from": [ 4.7569, 16.019, 4.1492 ],
			"to": [ 5.1804, 17.2895, 5.4197 ],
			"rotation": { "origin": [ 4.65116, 18.11934, 7.918373 ], "axis": "x", "angle": 45 },
			"faces": {
				"down": { "uv": [ 11, 1.5, 11.25, 1.75 ], "texture": "#bear", "rotation": 90 },
				"up": { "uv": [ 11, 1.25, 11.25, 1.5 ], "texture": "#bear", "rotation": 270 },
				"north": { "uv": [ 11, 0.25, 11.25, 0.5 ], "texture": "#bear" },
				"south": { "uv": [ 11, 0.5, 11.25, 0.75 ], "texture": "#bear" },
				"west": { "uv": [ 11, 1, 11.25, 1.25 ], "texture": "#bear" },
				"east": { "uv": [ 11, 0.75, 11.25, 1 ], "texture": "#bear" }
			}
		},
		{
			"__comment": "Box1",
			"from": [ 6.2392, 16.8796, -0.3147 ],
			"to": [ 8.780199, 18.9971, 3.073301 ],
			"rotation": { "origin": [ 4.65116, 18.11934, 7.918373 ], "axis": "x", "angle": -22.5 },
			"faces": {
				"down": { "uv": [ 8.75, 0.75, 9.5, 1.75 ], "texture": "#bear" },
				"up": { "uv": [ 8.75, 2.75, 9.5, 3.75 ], "texture": "#bear" },
				"north": { "uv": [ 9.75, 4, 10.5, 4.75 ], "texture": "#bear" },
				"south": { "uv": [ 9.75, 4.75, 10.5, 5.5 ], "texture": "#bear" },
				"west": { "uv": [ 8.75, 2.75, 9.5, 3.75 ], "texture": "#bear", "rotation": 90 },
				"east": { "uv": [ 8.75, 2.75, 9.5, 3.75 ], "texture": "#bear", "rotation": 90 }
			}
		},
		{
			"__comment": "Box55",
			"from": [ 6.5752, 9.9233, 15.4306 ],
			"to": [ 7.275199, 12.0233, 17.8806 ],
			"faces": {
				"down": { "uv": [ 0, 14.5, 1, 16 ], "texture": "#bear" },
				"up": { "uv": [ 0, 14.5, 1, 16 ], "texture": "#bear" },
				"north": { "uv": [ 0, 14.5, 1, 16 ], "texture": "#bear" },
				"south": { "uv": [ 0, 14.5, 1, 16 ], "texture": "#bear" },
				"west": { "uv": [ 0, 14.5, 1, 16 ], "texture": "#bear" },
				"east": { "uv": [ 0, 14.5, 1, 16 ], "texture": "#bear" }
			}
		}
	],
	"display": {
		"thirdperson_righthand": {
			"rotation":  [ 72, -2, 0 ],
			"translation":  [ 0, 2.0869, 0 ],
			"scale":  [ 0.5, 0.5, 0.5 ]
		},
		"thirdperson_lefthand": {
			"rotation":  [ 72, -2, 0 ],
			"translation":  [ 0, 2.0869, 0 ],
			"scale":  [ 0.5, 0.5, 0.5 ]
		},
		"firstperson_righthand": {
			"translation":  [ 4.1739, 0, -6.956 ],
			"scale":  [ 0.5, 0.5, 0.5 ]
		},
		"firstperson_lefthand": {
			"translation":  [ 4.1739, 0, -6.956 ],
			"scale":  [ 0.5, 0.5, 0.5 ]
		},
		"gui": {
			"rotation":  [ 16, 135, 0 ],
			"scale":  [ 0.3, 0.3, 0.3 ]
		},
		"head": {
			"translation":  [ 1.3924, -3.48, -13.21 ],
			"scale":  [ 4, 4, 4 ]
		},
		"ground": {
			"translation":  [ 0, 5.5652, 0 ],
			"scale":  [ 0.5, 0.5, 0.5 ]
		},
		"fixed": {
			"rotation":  [ -90, 0, 0 ],
			"translation":  [ 0, -4.173, -29.2 ],
			"scale":  [ 2, 2, 2 ]
		}
	}
}