{
	"__comment": "Cubik Studio - https://cubik.studio",
	"textures": {
		"bear": "item/bear"
	},
	"elements": [ 	 
		{
			"__comment": "Box1",
			"from": [ 2.8815, 1.5611, 15.9155 ],
			"to": [ 13.469, 10.8781, 21.421 ],
			"faces": {
				"down": { "uv": [ 5.5, 11.75, 8.5, 13.25 ], "texture": "#bear" },
				"up": { "uv": [ 5.5, 11.75, 8.5, 13.25 ], "texture": "#bear" },
				"north": { "uv": [ 0, 13.25, 3, 16 ], "texture": "#bear" },
				"south": { "uv": [ 3, 13.25, 6, 16 ], "texture": "#bear" },
				"west": { "uv": [ 14, 13.25, 15.5, 16 ], "texture": "#bear" },
				"east": { "uv": [ 15.5, 13.25, 14, 16 ], "texture": "#bear" }
			}
		},
		{
			"__comment": "Box1",
			"from": [ 6.693, 6.5403, -5.8947 ],
			"to": [ 9.233999, 6.9638, -2.5067 ],
			"faces": {
				"down": { "uv": [ 8.75, 1.75, 9.5, 2.75 ], "texture": "#bear" },
				"up": { "uv": [ 15.25, 7, 16, 8 ], "texture": "#bear" },
				"north": { "uv": [ 8, 13.25, 8.75, 13.5 ], "texture": "#bear" },
				"south": { "uv": [ 8.75, 13.25, 9.5, 13.5 ], "texture": "#bear" },
				"west": { "uv": [ 6, 13.25, 7, 13.5 ], "texture": "#bear" },
				"east": { "uv": [ 7, 13.25, 8, 13.5 ], "texture": "#bear" }
			}
		},
		{
			"__comment": "Box1",
			"from": [ 5.3167, 5.8183, 0.0342 ],
			"to": [ 10.3987, 10.4768, 2.5752 ],
			"faces": {
				"down": { "uv": [ 6.75, 10.5, 8.25, 11.75 ], "texture": "#bear" },
				"up": { "uv": [ 6.75, 10.5, 8.25, 11.75 ], "texture": "#bear" },
				"north": { "uv": [ 2.5, 3.25, 4, 4.5 ], "texture": "#bear" },
				"south": { "uv": [ 2.5, 4.5, 4, 5.75 ], "texture": "#bear" },
				"west": { "uv": [ 4, 7.25, 5.25, 8.75 ], "texture": "#bear" },
				"east": { "uv": [ 5.25, 7.25, 4, 8.75 ], "texture": "#bear" }
			}
		},
		{
			"__comment": "Box1",
			"from": [ 10.1868, 0.9865, 2.1487 ],
			"to": [ 13.5748, 4.3745, 6.807199 ],
			"rotation": { "origin": [ 2.24625, 4.14211, 4.682374 ], "axis": "x", "angle": -45 },
			"faces": {
				"down": { "uv": [ 10.75, 8, 11.75, 9.25 ], "texture": "#bear" },
				"up": { "uv": [ 11.75, 9.25, 10.75, 8 ], "texture": "#bear" },
				"north": { "uv": [ 8.75, 1.5, 7.75, 0.5 ], "texture": "#bear" },
				"south": { "uv": [ 8.75, 6, 9.75, 7 ], "texture": "#bear" },
				"west": { "uv": [ 8.75, 8, 9.75, 9.25 ], "texture": "#bear", "rotation": 90 },
				"east": { "uv": [ 9.75, 8, 8.75, 9.25 ], "texture": "#bear", "rotation": 270 }
			}
		},
		{
			"__comment": "Box1",
			"from": [ 5.1049, 5.4814, 0.6695 ],
			"to": [ 10.6104, 10.5634, 5.328001 ],
			"faces": {
				"down": { "uv": [ 6.75, 10.5, 8.25, 11.75 ], "texture": "#bear" },
				"up": { "uv": [ 6.75, 10.5, 8.25, 11.75 ], "texture": "#bear" },
				"north": { "uv": [ 14, 11.75, 15.5, 13.25 ], "texture": "#bear" },
				"south": { "uv": [ 2.5, 5.75, 4, 7.25 ], "texture": "#bear" },
				"west": { "uv": [ 4, 7.25, 5.25, 8.75 ], "texture": "#bear" },
				"east": { "uv": [ 5.25, 7.25, 4, 8.75 ], "texture": "#bear" }
			}
		},
		{
			"__comment": "Box1",
			"from": [ 3.5168, 3.1714, 5.328 ],
			"to": [ 12.4103, 11.2179, 10.8335 ],
			"faces": {
				"down": { "uv": [ 0, 6.75, 2.5, 8.25 ], "texture": "#bear" },
				"up": { "uv": [ 0, 6.75, 2.5, 8.25 ], "texture": "#bear" },
				"north": { "uv": [ 11.5, 13.75, 14, 16 ], "texture": "#bear" },
				"south": { "uv": [ 0, 11, 2.5, 13.25 ], "texture": "#bear" },
				"west": { "uv": [ 2.5, 9.5, 4, 11.75 ], "texture": "#bear" },
				"east": { "uv": [ 4, 9.5, 2.5, 11.75 ], "texture": "#bear" }
			}
		},
		{
			"__comment": "Box1",
			"from": [ 3.305, 2.6662, 10.41 ],
			"to": [ 13.0455, 11.1362, 15.9155 ],
			"faces": {
				"down": { "uv": [ 11.25, 11.75, 14, 13.25 ], "texture": "#bear" },
				"up": { "uv": [ 11.25, 11.75, 14, 13.25 ], "texture": "#bear" },
				"north": { "uv": [ 6, 13.5, 8.75, 16 ], "texture": "#bear" },
				"south": { "uv": [ 8.75, 13.5, 11.5, 16 ], "texture": "#bear" },
				"west": { "uv": [ 0, 2.75, 1.5, 5.25 ], "texture": "#bear" },
				"east": { "uv": [ 1.5, 2.75, 0, 5.25 ], "texture": "#bear" }
			}
		},
		{
			"__comment": "Box1",
			"from": [ 5.3167, 6.0109, -2.7185 ],
			"to": [ 10.8222, 10.6694, 1.093 ],
			"faces": {
				"down": { "uv": [ 9, 7, 10.25, 8 ], "texture": "#bear" },
				"up": { "uv": [ 9, 7, 10.25, 8 ], "texture": "#bear" },
				"north": { "uv": [ 6.5, 9.25, 7.75, 10.5 ], "texture": "#bear" },
				"south": { "uv": [ 7.75, 9.25, 9, 10.5 ], "texture": "#bear" },
				"west": { "uv": [ 7.75, 5.75, 8.75, 7 ], "texture": "#bear" },
				"east": { "uv": [ 8.75, 5.75, 7.75, 7 ], "texture": "#bear" }
			}
		},
		{
			"__comment": "Box1",
			"from": [ 10.081, 2.6821, 18.0451 ],
			"to": [ 13.469, 6.0701, 22.7036 ],
			"rotation": { "origin": [ 2.24625, 2.799485, 18.16475 ], "axis": "x", "angle": 45 },
			"faces": {
				"down": { "uv": [ 15.75, 11.75, 14.5, 10.5 ], "texture": "#bear" },
				"up": { "uv": [ 14.5, 10.5, 15.75, 11.75 ], "texture": "#bear" },
				"north": { "uv": [ 8.75, 2.5, 7.75, 1.5 ], "texture": "#bear" },
				"south": { "uv": [ 7.75, 2.5, 8.75, 3.5 ], "texture": "#bear" },
				"west": { "uv": [ 1.5, 2.75, 2.5, 4 ], "texture": "#bear", "rotation": 270 },
				"east": { "uv": [ 2.5, 2.75, 1.5, 4 ], "texture": "#bear", "rotation": 90 }
			}
		},
		{
			"__comment": "Box1",
			"from": [ 9.7633, 1.9409, 14.3395 ],
			"to": [ 13.9983, 6.5994, 18.5745 ],
			"rotation": { "origin": [ 2.24625, 2.799485, 18.16475 ], "axis": "x", "angle": 45 },
			"faces": {
				"down": { "uv": [ 15.75, 11.75, 14.5, 10.5 ], "texture": "#bear" },
				"up": { "uv": [ 14.5, 10.5, 15.75, 11.75 ], "texture": "#bear" },
				"north": { "uv": [ 7.75, 9.25, 6.5, 8 ], "texture": "#bear" },
				"south": { "uv": [ 14, 9.25, 15.25, 10.5 ], "texture": "#bear" },
				"west": { "uv": [ 6.5, 9.25, 5.25, 10.5 ], "texture": "#bear", "rotation": 270 },
				"east": { "uv": [ 6.5, 9.25, 5.25, 10.5 ], "texture": "#bear", "rotation": 90 }
			}
		},
		{
			"__comment": "Box1",
			"from": [ 9.8692, 4.1421, 4.6824 ],
			"to": [ 14.1042, 8.3771, 8.9174 ],
			"faces": {
				"down": { "uv": [ 4, 4.5, 5.25, 5.75 ], "texture": "#bear" },
				"up": { "uv": [ 4, 3.25, 5.25, 4.5 ], "texture": "#bear" },
				"north": { "uv": [ 5.25, 4.25, 6.5, 5.5 ], "texture": "#bear" },
				"south": { "uv": [ 5.25, 4.25, 6.5, 5.5 ], "texture": "#bear" },
				"west": { "uv": [ 6.5, 1.75, 5.25, 3 ], "texture": "#bear" },
				"east": { "uv": [ 6.5, 1.75, 5.25, 3 ], "texture": "#bear" }
			}
		},
		{
			"__comment": "Box1",
			"from": [ 9.7633, 0.1513, 17.0563 ],
			"to": [ 13.9983, 1.8453, 22.1383 ],
			"rotation": { "origin": [ 9.7633, 1.8453, 22.1383 ], "axis": "x", "angle": -22.5 },
			"faces": {
				"down": { "uv": [ 10.75, 8, 11.75, 9.25 ], "texture": "#bear" },
				"up": { "uv": [ 10.75, 8, 11.75, 9.25 ], "texture": "#bear" },
				"north": { "uv": [ 10.75, 8, 11.75, 9.25 ], "texture": "#bear" },
				"south": { "uv": [ 10.75, 8, 11.75, 9.25 ], "texture": "#bear" },
				"west": { "uv": [ 10.75, 8, 11.75, 9.25 ], "texture": "#bear" },
				"east": { "uv": [ 10.75, 8, 11.75, 9.25 ], "texture": "#bear" }
			}
		},
		{
			"__comment": "Box1",
			"from": [ 2.5639, 2.2751, 1.2288 ],
			"to": [ 5.9519, 5.6631, 5.8873 ],
			"rotation": { "origin": [ 2.24625, 2.46961, 5.55734 ], "axis": "x", "angle": -22.5 },
			"faces": {
				"down": { "uv": [ 9.75, 8, 10.75, 9.25 ], "texture": "#bear" },
				"up": { "uv": [ 11.75, 9.25, 10.75, 8 ], "texture": "#bear" },
				"north": { "uv": [ 14.25, 8, 13.25, 7 ], "texture": "#bear" },
				"south": { "uv": [ 8.75, 5, 9.75, 6 ], "texture": "#bear" },
				"west": { "uv": [ 8.75, 8, 9.75, 9.25 ], "texture": "#bear", "rotation": 90 },
				"east": { "uv": [ 8.75, 8, 9.75, 9.25 ], "texture": "#bear", "rotation": 270 }
			}
		},
		{
			"__comment": "Box1",
			"from": [ 2.5638, -0.5772, 16.5434 ],
			"to": [ 5.951799, 4.0813, 19.9314 ],
			"rotation": { "origin": [ 2.24625, 3.799485, 17.03975 ], "axis": "x", "angle": -22.5 },
			"faces": {
				"down": { "uv": [ 7.75, 3.5, 8.75, 4.5 ], "texture": "#bear" },
				"up": { "uv": [ 14.25, 7, 15.25, 8 ], "texture": "#bear" },
				"north": { "uv": [ 14.5, 10.5, 15.75, 11.75 ], "texture": "#bear" },
				"south": { "uv": [ 14.5, 10.5, 15.75, 11.75 ], "texture": "#bear" },
				"west": { "uv": [ 1.5, 2.75, 2.5, 4 ], "texture": "#bear" },
				"east": { "uv": [ 1.5, 2.75, 2.5, 4 ], "texture": "#bear" }
			}
		},
		{
			"__comment": "Box1",
			"from": [ 2.2463, 3.552, 15.8023 ],
			"to": [ 6.481299, 7.787, 20.4608 ],
			"rotation": { "origin": [ 2.24625, 3.799485, 17.03975 ], "axis": "x", "angle": -22.5 },
			"faces": {
				"down": { "uv": [ 10.75, 10.5, 12, 11.75 ], "texture": "#bear" },
				"up": { "uv": [ 12, 10.5, 13.25, 11.75 ], "texture": "#bear" },
				"north": { "uv": [ 14.5, 10.5, 15.75, 11.75 ], "texture": "#bear" },
				"south": { "uv": [ 14.5, 10.5, 15.75, 11.75 ], "texture": "#bear" },
				"west": { "uv": [ 5.25, 9.25, 6.5, 10.5 ], "texture": "#bear" },
				"east": { "uv": [ 5.25, 9.25, 6.5, 10.5 ], "texture": "#bear" }
			}
		},
		{
			"__comment": "Box1",
			"from": [ 2.2463, 2.4696, 5.5573 ],
			"to": [ 6.481299, 6.704599, 9.792299 ],
			"rotation": { "origin": [ 2.24625, 2.46961, 5.55734 ], "axis": "x", "angle": -45 },
			"faces": {
				"down": { "uv": [ 5.25, 4.25, 6.5, 5.5 ], "texture": "#bear" },
				"up": { "uv": [ 6.5, 5.5, 5.25, 4.25 ], "texture": "#bear" },
				"north": { "uv": [ 6.5, 8, 5.25, 6.75 ], "texture": "#bear" },
				"south": { "uv": [ 5.25, 5.5, 6.5, 6.75 ], "texture": "#bear" },
				"west": { "uv": [ 5.25, 1.75, 6.5, 3 ], "texture": "#bear", "rotation": 90 },
				"east": { "uv": [ 5.25, 1.75, 6.5, 3 ], "texture": "#bear", "rotation": 270 }
			}
		},
		{
			"__comment": "Box1",
			"from": [ 2.2463, -2.1932, 20.9378 ],
			"to": [ 6.481299, 2.888801, 22.6318 ],
			"rotation": { "origin": [ 2.24625, 4.299485, 18.28975 ], "axis": "x", "angle": 45 },
			"faces": {
				"down": { "uv": [ 11.75, 9.25, 10.75, 8 ], "texture": "#bear" },
				"up": { "uv": [ 10.75, 8, 11.75, 9.25 ], "texture": "#bear" },
				"north": { "uv": [ 11.75, 9.25, 10.75, 8 ], "texture": "#bear" },
				"south": { "uv": [ 10.75, 8, 11.75, 9.25 ], "texture": "#bear" },
				"west": { "uv": [ 10.75, 8, 11.75, 9.25 ], "texture": "#bear", "rotation": 270 },
				"east": { "uv": [ 10.75, 8, 11.75, 9.25 ], "texture": "#bear", "rotation": 90 }
			}
		},
		{
			"__comment": "Box1",
			"from": [ 2.2463, 4.5895, -1.3214 ],
			"to": [ 6.481299, 6.2835, 2.9136 ],
			"rotation": { "origin": [ 2.24625, 2.46961, 5.55734 ], "axis": "x", "angle": -45 },
			"faces": {
				"down": { "uv": [ 10.75, 8, 11.75, 9.25 ], "texture": "#bear" },
				"up": { "uv": [ 10.75, 8, 11.75, 9.25 ], "texture": "#bear" },
				"north": { "uv": [ 10.75, 8, 11.75, 9.25 ], "texture": "#bear" },
				"south": { "uv": [ 10.75, 8, 11.75, 9.25 ], "texture": "#bear" },
				"west": { "uv": [ 10.75, 8, 11.75, 9.25 ], "texture": "#bear" },
				"east": { "uv": [ 10.75, 8, 11.75, 9.25 ], "texture": "#bear" }
			}
		},
		{
			"__comment": "Box1",
			"from": [ 9.7633, 1.7901, -0.7606 ],
			"to": [ 13.9983, 3.4841, 3.4744 ],
			"rotation": { "origin": [ 2.24625, 4.14211, 4.682374 ], "axis": "x", "angle": -45 },
			"faces": {
				"down": { "uv": [ 10.75, 8, 11.75, 9.25 ], "texture": "#bear" },
				"up": { "uv": [ 10.75, 8, 11.75, 9.25 ], "texture": "#bear" },
				"north": { "uv": [ 10.75, 8, 11.75, 9.25 ], "texture": "#bear" },
				"south": { "uv": [ 10.75, 8, 11.75, 9.25 ], "texture": "#bear" },
				"west": { "uv": [ 10.75, 8, 11.75, 9.25 ], "texture": "#bear" },
				"east": { "uv": [ 10.75, 8, 11.75, 9.25 ], "texture": "#bear" }
			}
		},
		{
			"__comment": "Box20",
			"from": [ 9.1282, 0.6362, 15.3964 ],
			"to": [ 9.9752, 1.4832, 17.5139 ],
			"rotation": { "origin": [ 9.7633, 1.8453, 22.1383 ], "axis": "x", "angle": -22.5 },
			"faces": {
				"down": { "uv": [ 9.5, 1.75, 9.75, 2.25 ], "texture": "#bear" },
				"up": { "uv": [ 9.5, 1.75, 9.75, 2.25 ], "texture": "#bear" },
				"north": { "uv": [ 9.5, 1.75, 9.75, 2.25 ], "texture": "#bear" },
				"south": { "uv": [ 9.5, 1.75, 9.75, 2.25 ], "texture": "#bear" },
				"west": { "uv": [ 9.5, 1.75, 9.75, 2.25 ], "texture": "#bear" },
				"east": { "uv": [ 9.5, 1.75, 9.75, 2.25 ], "texture": "#bear" }
			}
		},
		{
			"__comment": "Box20",
			"from": [ 9.3398, 0.848, 13.7024 ],
			"to": [ 9.7633, 1.2715, 15.3964 ],
			"rotation": { "origin": [ 9.7633, 1.8453, 22.1383 ], "axis": "x", "angle": -22.5 },
			"faces": {
				"down": { "uv": [ 9.5, 1.75, 9.75, 2.25 ], "texture": "#bear" },
				"up": { "uv": [ 9.5, 1.75, 9.75, 2.25 ], "texture": "#bear" },
				"north": { "uv": [ 9.5, 1.75, 9.75, 2.25 ], "texture": "#bear" },
				"south": { "uv": [ 9.5, 1.75, 9.75, 2.25 ], "texture": "#bear" },
				"west": { "uv": [ 9.5, 1.75, 9.75, 2.25 ], "texture": "#bear" },
				"east": { "uv": [ 9.5, 1.75, 9.75, 2.25 ], "texture": "#bear" }
			}
		},
		{
			"__comment": "Box20",
			"from": [ 11.8808, 0.6362, 14.7611 ],
			"to": [ 12.7278, 1.4832, 16.8786 ],
			"rotation": { "origin": [ 9.7633, 1.8453, 22.1383 ], "axis": "x", "angle": -22.5 },
			"faces": {
				"down": { "uv": [ 9.5, 1.75, 9.75, 2.25 ], "texture": "#bear" },
				"up": { "uv": [ 9.5, 1.75, 9.75, 2.25 ], "texture": "#bear" },
				"north": { "uv": [ 9.5, 1.75, 9.75, 2.25 ], "texture": "#bear" },
				"south": { "uv": [ 9.5, 1.75, 9.75, 2.25 ], "texture": "#bear" },
				"west": { "uv": [ 9.5, 1.75, 9.75, 2.25 ], "texture": "#bear" },
				"east": { "uv": [ 9.5, 1.75, 9.75, 2.25 ], "texture": "#bear" }
			}
		},
		{
			"__comment": "Box20",
			"from": [ 13.1514, 0.6362, 14.7611 ],
			"to": [ 13.9984, 1.4832, 16.8786 ],
			"rotation": { "origin": [ 9.7633, 1.8453, 22.1383 ], "axis": "x", "angle": -22.5 },
			"faces": {
				"down": { "uv": [ 9.5, 1.75, 9.75, 2.25 ], "texture": "#bear" },
				"up": { "uv": [ 9.5, 1.75, 9.75, 2.25 ], "texture": "#bear" },
				"north": { "uv": [ 9.5, 1.75, 9.75, 2.25 ], "texture": "#bear" },
				"south": { "uv": [ 9.5, 1.75, 9.75, 2.25 ], "texture": "#bear" },
				"west": { "uv": [ 9.5, 1.75, 9.75, 2.25 ], "texture": "#bear" },
				"east": { "uv": [ 9.5, 1.75, 9.75, 2.25 ], "texture": "#bear" }
			}
		},
		{
			"__comment": "Box20",
			"from": [ 10.5045, 0.6362, 14.7611 ],
			"to": [ 11.3515, 1.4832, 16.8786 ],
			"rotation": { "origin": [ 9.7633, 1.8453, 22.1383 ], "axis": "x", "angle": -22.5 },
			"faces": {
				"down": { "uv": [ 9.5, 1.75, 9.75, 2.25 ], "texture": "#bear" },
				"up": { "uv": [ 9.5, 1.75, 9.75, 2.25 ], "texture": "#bear" },
				"north": { "uv": [ 9.5, 1.75, 9.75, 2.25 ], "texture": "#bear" },
				"south": { "uv": [ 9.5, 1.75, 9.75, 2.25 ], "texture": "#bear" },
				"west": { "uv": [ 9.5, 1.75, 9.75, 2.25 ], "texture": "#bear" },
				"east": { "uv": [ 9.5, 1.75, 9.75, 2.25 ], "texture": "#bear" }
			}
		},
		{
			"__comment": "Box20",
			"from": [ 10.7162, 0.7422, 13.173 ],
			"to": [ 11.1397, 1.1657, 14.867 ],
			"rotation": { "origin": [ 9.7633, 1.8453, 22.1383 ], "axis": "x", "angle": -22.5 },
			"faces": {
				"down": { "uv": [ 9.5, 1.75, 9.75, 2.25 ], "texture": "#bear" },
				"up": { "uv": [ 9.5, 1.75, 9.75, 2.25 ], "texture": "#bear" },
				"north": { "uv": [ 9.5, 1.75, 9.75, 2.25 ], "texture": "#bear" },
				"south": { "uv": [ 9.5, 1.75, 9.75, 2.25 ], "texture": "#bear" },
				"west": { "uv": [ 9.5, 1.75, 9.75, 2.25 ], "texture": "#bear" },
				"east": { "uv": [ 9.5, 1.75, 9.75, 2.25 ], "texture": "#bear" }
			}
		},
		{
			"__comment": "Box20",
			"from": [ 12.0927, 0.7422, 13.173 ],
			"to": [ 12.5162, 1.1657, 14.867 ],
			"rotation": { "origin": [ 9.7633, 1.8453, 22.1383 ], "axis": "x", "angle": -22.5 },
			"faces": {
				"down": { "uv": [ 9.5, 1.75, 9.75, 2.25 ], "texture": "#bear" },
				"up": { "uv": [ 9.5, 1.75, 9.75, 2.25 ], "texture": "#bear" },
				"north": { "uv": [ 9.5, 1.75, 9.75, 2.25 ], "texture": "#bear" },
				"south": { "uv": [ 9.5, 1.75, 9.75, 2.25 ], "texture": "#bear" },
				"west": { "uv": [ 9.5, 1.75, 9.75, 2.25 ], "texture": "#bear" },
				"east": { "uv": [ 9.5, 1.75, 9.75, 2.25 ], "texture": "#bear" }
			}
		},
		{
			"__comment": "Box20",
			"from": [ 13.3632, 0.7422, 13.173 ],
			"to": [ 13.7867, 1.1657, 14.867 ],
			"rotation": { "origin": [ 9.7633, 1.8453, 22.1383 ], "axis": "x", "angle": -22.5 },
			"faces": {
				"down": { "uv": [ 9.5, 1.75, 9.75, 2.25 ], "texture": "#bear" },
				"up": { "uv": [ 9.5, 1.75, 9.75, 2.25 ], "texture": "#bear" },
				"north": { "uv": [ 9.5, 1.75, 9.75, 2.25 ], "texture": "#bear" },
				"south": { "uv": [ 9.5, 1.75, 9.75, 2.25 ], "texture": "#bear" },
				"west": { "uv": [ 9.5, 1.75, 9.75, 2.25 ], "texture": "#bear" },
				"east": { "uv": [ 9.5, 1.75, 9.75, 2.25 ], "texture": "#bear" }
			}
		},
		{
			"__comment": "Box20",
			"from": [ 2.0345, -1.4813, 8.7998 ],
			"to": [ 2.8815, -0.6343001, 10.9173 ],
			"rotation": { "origin": [ 2.24625, 4.674485, 15.53975 ], "axis": "x", "angle": -45 },
			"faces": {
				"down": { "uv": [ 9.5, 1.75, 9.75, 2.25 ], "texture": "#bear" },
				"up": { "uv": [ 9.5, 1.75, 9.75, 2.25 ], "texture": "#bear" },
				"north": { "uv": [ 9.5, 1.75, 9.75, 2.25 ], "texture": "#bear" },
				"south": { "uv": [ 9.5, 1.75, 9.75, 2.25 ], "texture": "#bear" },
				"west": { "uv": [ 9.5, 1.75, 9.75, 2.25 ], "texture": "#bear" },
				"east": { "uv": [ 9.5, 1.75, 9.75, 2.25 ], "texture": "#bear" }
			}
		},
		{
			"__comment": "Box20",
			"from": [ 2.2463, -1.3753, 7.2116 ],
			"to": [ 2.6698, -0.9518001, 8.9056 ],
			"rotation": { "origin": [ 2.24625, 4.674485, 15.53975 ], "axis": "x", "angle": -45 },
			"faces": {
				"down": { "uv": [ 9.5, 1.75, 9.75, 2.25 ], "texture": "#bear" },
				"up": { "uv": [ 9.5, 1.75, 9.75, 2.25 ], "texture": "#bear" },
				"north": { "uv": [ 9.5, 1.75, 9.75, 2.25 ], "texture": "#bear" },
				"south": { "uv": [ 9.5, 1.75, 9.75, 2.25 ], "texture": "#bear" },
				"west": { "uv": [ 9.5, 1.75, 9.75, 2.25 ], "texture": "#bear" },
				"east": { "uv": [ 9.5, 1.75, 9.75, 2.25 ], "texture": "#bear" }
			}
		},
		{
			"__comment": "Box20",
			"from": [ 3.4108, -1.4813, 8.7998 ],
			"to": [ 4.2578, -0.6343001, 10.9173 ],
			"rotation": { "origin": [ 2.24625, 4.674485, 15.53975 ], "axis": "x", "angle": -45 },
			"faces": {
				"down": { "uv": [ 9.5, 1.75, 9.75, 2.25 ], "texture": "#bear" },
				"up": { "uv": [ 9.5, 1.75, 9.75, 2.25 ], "texture": "#bear" },
				"north": { "uv": [ 9.5, 1.75, 9.75, 2.25 ], "texture": "#bear" },
				"south": { "uv": [ 9.5, 1.75, 9.75, 2.25 ], "texture": "#bear" },
				"west": { "uv": [ 9.5, 1.75, 9.75, 2.25 ], "texture": "#bear" },
				"east": { "uv": [ 9.5, 1.75, 9.75, 2.25 ], "texture": "#bear" }
			}
		},
		{
			"__comment": "Box20",
			"from": [ 3.6227, -1.3753, 7.2116 ],
			"to": [ 4.0462, -0.9518001, 8.9056 ],
			"rotation": { "origin": [ 2.24625, 4.674485, 15.53975 ], "axis": "x", "angle": -45 },
			"faces": {
				"down": { "uv": [ 9.5, 1.75, 9.75, 2.25 ], "texture": "#bear" },
				"up": { "uv": [ 9.5, 1.75, 9.75, 2.25 ], "texture": "#bear" },
				"north": { "uv": [ 9.5, 1.75, 9.75, 2.25 ], "texture": "#bear" },
				"south": { "uv": [ 9.5, 1.75, 9.75, 2.25 ], "texture": "#bear" },
				"west": { "uv": [ 9.5, 1.75, 9.75, 2.25 ], "texture": "#bear" },
				"east": { "uv": [ 9.5, 1.75, 9.75, 2.25 ], "texture": "#bear" }
			}
		},
		{
			"__comment": "Box20",
			"from": [ 4.8932, -1.3753, 7.2116 ],
			"to": [ 5.3167, -0.9518001, 8.9056 ],
			"rotation": { "origin": [ 2.24625, 4.674485, 15.53975 ], "axis": "x", "angle": -45 },
			"faces": {
				"down": { "uv": [ 9.5, 1.75, 9.75, 2.25 ], "texture": "#bear" },
				"up": { "uv": [ 9.5, 1.75, 9.75, 2.25 ], "texture": "#bear" },
				"north": { "uv": [ 9.5, 1.75, 9.75, 2.25 ], "texture": "#bear" },
				"south": { "uv": [ 9.5, 1.75, 9.75, 2.25 ], "texture": "#bear" },
				"west": { "uv": [ 9.5, 1.75, 9.75, 2.25 ], "texture": "#bear" },
				"east": { "uv": [ 9.5, 1.75, 9.75, 2.25 ], "texture": "#bear" }
			}
		},
		{
			"__comment": "Box20",
			"from": [ 4.6813, -1.4813, 8.7998 ],
			"to": [ 5.528299, -0.6343001, 10.9173 ],
			"rotation": { "origin": [ 2.24625, 4.674485, 15.53975 ], "axis": "x", "angle": -45 },
			"faces": {
				"down": { "uv": [ 9.5, 1.75, 9.75, 2.25 ], "texture": "#bear" },
				"up": { "uv": [ 9.5, 1.75, 9.75, 2.25 ], "texture": "#bear" },
				"north": { "uv": [ 9.5, 1.75, 9.75, 2.25 ], "texture": "#bear" },
				"south": { "uv": [ 9.5, 1.75, 9.75, 2.25 ], "texture": "#bear" },
				"west": { "uv": [ 9.5, 1.75, 9.75, 2.25 ], "texture": "#bear" },
				"east": { "uv": [ 9.5, 1.75, 9.75, 2.25 ], "texture": "#bear" }
			}
		},
		{
			"__comment": "Box20",
			"from": [ 6.2695, -1.4813, 9.434999 ],
			"to": [ 7.1165, -0.6343001, 11.5525 ],
			"rotation": { "origin": [ 2.24625, 4.674485, 15.53975 ], "axis": "x", "angle": -45 },
			"faces": {
				"down": { "uv": [ 9.5, 1.75, 9.75, 2.25 ], "texture": "#bear" },
				"up": { "uv": [ 9.5, 1.75, 9.75, 2.25 ], "texture": "#bear" },
				"north": { "uv": [ 9.5, 1.75, 9.75, 2.25 ], "texture": "#bear" },
				"south": { "uv": [ 9.5, 1.75, 9.75, 2.25 ], "texture": "#bear" },
				"west": { "uv": [ 9.5, 1.75, 9.75, 2.25 ], "texture": "#bear" },
				"east": { "uv": [ 9.5, 1.75, 9.75, 2.25 ], "texture": "#bear" }
			}
		},
		{
			"__comment": "Box20",
			"from": [ 6.4813, -1.2695, 7.741 ],
			"to": [ 6.9048, -0.8459997, 9.434998 ],
			"rotation": { "origin": [ 2.24625, 4.674485, 15.53975 ], "axis": "x", "angle": -45 },
			"faces": {
				"down": { "uv": [ 9.5, 1.75, 9.75, 2.25 ], "texture": "#bear" },
				"up": { "uv": [ 9.5, 1.75, 9.75, 2.25 ], "texture": "#bear" },
				"north": { "uv": [ 9.5, 1.75, 9.75, 2.25 ], "texture": "#bear" },
				"south": { "uv": [ 9.5, 1.75, 9.75, 2.25 ], "texture": "#bear" },
				"west": { "uv": [ 9.5, 1.75, 9.75, 2.25 ], "texture": "#bear" },
				"east": { "uv": [ 9.5, 1.75, 9.75, 2.25 ], "texture": "#bear" }
			}
		},
		{
			"__comment": "Box20",
			"from": [ 2.0345, 4.9072, -3.3329 ],
			"to": [ 2.8815, 5.7542, -1.2154 ],
			"rotation": { "origin": [ 2.24625, 2.46961, 5.55734 ], "axis": "x", "angle": -45 },
			"faces": {
				"down": { "uv": [ 9.5, 1.75, 9.75, 2.25 ], "texture": "#bear" },
				"up": { "uv": [ 9.5, 1.25, 9.75, 1.75 ], "texture": "#bear" },
				"north": { "uv": [ 11, 4.75, 11.25, 5 ], "texture": "#bear" },
				"south": { "uv": [ 11.25, 4.75, 11.5, 5 ], "texture": "#bear" },
				"west": { "uv": [ 9.75, 3.25, 10.25, 3.5 ], "texture": "#bear" },
				"east": { "uv": [ 9.75, 3, 10.25, 3.25 ], "texture": "#bear" }
			}
		},
		{
			"__comment": "Box20",
			"from": [ 2.2463, 5.0131, -4.921 ],
			"to": [ 2.6698, 5.4366, -3.227 ],
			"rotation": { "origin": [ 2.24625, 2.46961, 5.55734 ], "axis": "x", "angle": -45 },
			"faces": {
				"down": { "uv": [ 9.5, 1.75, 9.75, 2.25 ], "texture": "#bear" },
				"up": { "uv": [ 9.5, 1.75, 9.75, 2.25 ], "texture": "#bear" },
				"north": { "uv": [ 9.5, 1.75, 9.75, 2.25 ], "texture": "#bear" },
				"south": { "uv": [ 9.5, 1.75, 9.75, 2.25 ], "texture": "#bear" },
				"west": { "uv": [ 9.5, 1.75, 9.75, 2.25 ], "texture": "#bear" },
				"east": { "uv": [ 9.5, 1.75, 9.75, 2.25 ], "texture": "#bear" }
			}
		},
		{
			"__comment": "Box20",
			"from": [ 3.6227, 5.0131, -4.921 ],
			"to": [ 4.0462, 5.4366, -3.227 ],
			"rotation": { "origin": [ 2.24625, 2.46961, 5.55734 ], "axis": "x", "angle": -45 },
			"faces": {
				"down": { "uv": [ 9.5, 1.75, 9.75, 2.25 ], "texture": "#bear" },
				"up": { "uv": [ 9.5, 1.75, 9.75, 2.25 ], "texture": "#bear" },
				"north": { "uv": [ 9.5, 1.75, 9.75, 2.25 ], "texture": "#bear" },
				"south": { "uv": [ 9.5, 1.75, 9.75, 2.25 ], "texture": "#bear" },
				"west": { "uv": [ 9.5, 1.75, 9.75, 2.25 ], "texture": "#bear" },
				"east": { "uv": [ 9.5, 1.75, 9.75, 2.25 ], "texture": "#bear" }
			}
		},
		{
			"__comment": "Box20",
			"from": [ 3.4108, 4.9072, -3.3329 ],
			"to": [ 4.2578, 5.7542, -1.2154 ],
			"rotation": { "origin": [ 2.24625, 2.46961, 5.55734 ], "axis": "x", "angle": -45 },
			"faces": {
				"down": { "uv": [ 9.5, 1.75, 9.75, 2.25 ], "texture": "#bear" },
				"up": { "uv": [ 9.5, 1.75, 9.75, 2.25 ], "texture": "#bear" },
				"north": { "uv": [ 9.5, 1.75, 9.75, 2.25 ], "texture": "#bear" },
				"south": { "uv": [ 9.5, 1.75, 9.75, 2.25 ], "texture": "#bear" },
				"west": { "uv": [ 9.5, 1.75, 9.75, 2.25 ], "texture": "#bear" },
				"east": { "uv": [ 9.5, 1.75, 9.75, 2.25 ], "texture": "#bear" }
			}
		},
		{
			"__comment": "Box20",
			"from": [ 4.6813, 4.9072, -3.3329 ],
			"to": [ 5.528299, 5.7542, -1.2154 ],
			"rotation": { "origin": [ 2.24625, 2.46961, 5.55734 ], "axis": "x", "angle": -45 },
			"faces": {
				"down": { "uv": [ 9.5, 1.75, 9.75, 2.25 ], "texture": "#bear" },
				"up": { "uv": [ 9.5, 1.75, 9.75, 2.25 ], "texture": "#bear" },
				"north": { "uv": [ 9.5, 1.75, 9.75, 2.25 ], "texture": "#bear" },
				"south": { "uv": [ 9.5, 1.75, 9.75, 2.25 ], "texture": "#bear" },
				"west": { "uv": [ 9.5, 1.75, 9.75, 2.25 ], "texture": "#bear" },
				"east": { "uv": [ 9.5, 1.75, 9.75, 2.25 ], "texture": "#bear" }
			}
		},
		{
			"__comment": "Box20",
			"from": [ 4.8932, 5.0131, -4.921 ],
			"to": [ 5.3167, 5.4366, -3.227 ],
			"rotation": { "origin": [ 2.24625, 2.46961, 5.55734 ], "axis": "x", "angle": -45 },
			"faces": {
				"down": { "uv": [ 9.5, 1.75, 9.75, 2.25 ], "texture": "#bear" },
				"up": { "uv": [ 9.5, 1.75, 9.75, 2.25 ], "texture": "#bear" },
				"north": { "uv": [ 9.5, 1.75, 9.75, 2.25 ], "texture": "#bear" },
				"south": { "uv": [ 9.5, 1.75, 9.75, 2.25 ], "texture": "#bear" },
				"west": { "uv": [ 9.5, 1.75, 9.75, 2.25 ], "texture": "#bear" },
				"east": { "uv": [ 9.5, 1.75, 9.75, 2.25 ], "texture": "#bear" }
			}
		},
		{
			"__comment": "Box20",
			"from": [ 6.2695, 4.9071, -2.6977 ],
			"to": [ 7.1165, 5.754099, -0.5802 ],
			"rotation": { "origin": [ 2.24625, 2.46961, 5.55734 ], "axis": "x", "angle": -45 },
			"faces": {
				"down": { "uv": [ 9.5, 1.75, 9.75, 2.25 ], "texture": "#bear" },
				"up": { "uv": [ 9.5, 1.75, 9.75, 2.25 ], "texture": "#bear" },
				"north": { "uv": [ 9.5, 1.75, 9.75, 2.25 ], "texture": "#bear" },
				"south": { "uv": [ 9.5, 1.75, 9.75, 2.25 ], "texture": "#bear" },
				"west": { "uv": [ 9.5, 1.75, 9.75, 2.25 ], "texture": "#bear" },
				"east": { "uv": [ 9.5, 1.75, 9.75, 2.25 ], "texture": "#bear" }
			}
		},
		{
			"__comment": "Box20",
			"from": [ 6.4813, 5.1189, -4.3917 ],
			"to": [ 6.9048, 5.5424, -2.6977 ],
			"rotation": { "origin": [ 2.24625, 2.46961, 5.55734 ], "axis": "x", "angle": -45 },
			"faces": {
				"down": { "uv": [ 9.5, 1.75, 9.75, 2.25 ], "texture": "#bear" },
				"up": { "uv": [ 9.5, 1.75, 9.75, 2.25 ], "texture": "#bear" },
				"north": { "uv": [ 9.5, 1.75, 9.75, 2.25 ], "texture": "#bear" },
				"south": { "uv": [ 9.5, 1.75, 9.75, 2.25 ], "texture": "#bear" },
				"west": { "uv": [ 9.5, 1.75, 9.75, 2.25 ], "texture": "#bear" },
				"east": { "uv": [ 9.5, 1.75, 9.75, 2.25 ], "texture": "#bear" }
			}
		},
		{
			"__comment": "Box20",
			"from": [ 9.1282, 1.8452, -2.1369 ],
			"to": [ 9.9752, 2.6922, -0.01939988 ],
			"rotation": { "origin": [ 2.24625, 4.14211, 4.682374 ], "axis": "x", "angle": -45 },
			"faces": {
				"down": { "uv": [ 9.5, 1.75, 9.75, 2.25 ], "texture": "#bear" },
				"up": { "uv": [ 9.5, 1.75, 9.75, 2.25 ], "texture": "#bear" },
				"north": { "uv": [ 9.5, 1.75, 9.75, 2.25 ], "texture": "#bear" },
				"south": { "uv": [ 9.5, 1.75, 9.75, 2.25 ], "texture": "#bear" },
				"west": { "uv": [ 9.5, 1.75, 9.75, 2.25 ], "texture": "#bear" },
				"east": { "uv": [ 9.5, 1.75, 9.75, 2.25 ], "texture": "#bear" }
			}
		},
		{
			"__comment": "Box20",
			"from": [ 9.3398, 2.057, -3.5133 ],
			"to": [ 9.7633, 2.4805, -1.8193 ],
			"rotation": { "origin": [ 2.24625, 4.14211, 4.682374 ], "axis": "x", "angle": -45 },
			"faces": {
				"down": { "uv": [ 9.5, 1.75, 9.75, 2.25 ], "texture": "#bear" },
				"up": { "uv": [ 9.5, 1.75, 9.75, 2.25 ], "texture": "#bear" },
				"north": { "uv": [ 9.5, 1.75, 9.75, 2.25 ], "texture": "#bear" },
				"south": { "uv": [ 9.5, 1.75, 9.75, 2.25 ], "texture": "#bear" },
				"west": { "uv": [ 9.5, 1.75, 9.75, 2.25 ], "texture": "#bear" },
				"east": { "uv": [ 9.5, 1.75, 9.75, 2.25 ], "texture": "#bear" }
			}
		},
		{
			"__comment": "Box20",
			"from": [ 10.5045, 2.1077, -2.7721 ],
			"to": [ 11.3515, 2.9547, -0.6545999 ],
			"rotation": { "origin": [ 2.24625, 4.14211, 4.682374 ], "axis": "x", "angle": -45 },
			"faces": {
				"down": { "uv": [ 9.5, 1.75, 9.75, 2.25 ], "texture": "#bear" },
				"up": { "uv": [ 9.5, 1.75, 9.75, 2.25 ], "texture": "#bear" },
				"north": { "uv": [ 9.5, 1.75, 9.75, 2.25 ], "texture": "#bear" },
				"south": { "uv": [ 9.5, 1.75, 9.75, 2.25 ], "texture": "#bear" },
				"west": { "uv": [ 9.5, 1.75, 9.75, 2.25 ], "texture": "#bear" },
				"east": { "uv": [ 9.5, 1.75, 9.75, 2.25 ], "texture": "#bear" }
			}
		},
		{
			"__comment": "Box20",
			"from": [ 10.7162, 2.2136, -4.3602 ],
			"to": [ 11.1397, 2.6371, -2.6662 ],
			"rotation": { "origin": [ 2.24625, 4.14211, 4.682374 ], "axis": "x", "angle": -45 },
			"faces": {
				"down": { "uv": [ 9.5, 1.75, 9.75, 2.25 ], "texture": "#bear" },
				"up": { "uv": [ 9.5, 1.75, 9.75, 2.25 ], "texture": "#bear" },
				"north": { "uv": [ 9.5, 1.75, 9.75, 2.25 ], "texture": "#bear" },
				"south": { "uv": [ 9.5, 1.75, 9.75, 2.25 ], "texture": "#bear" },
				"west": { "uv": [ 9.5, 1.75, 9.75, 2.25 ], "texture": "#bear" },
				"east": { "uv": [ 9.5, 1.75, 9.75, 2.25 ], "texture": "#bear" }
			}
		},
		{
			"__comment": "Box20",
			"from": [ 11.8808, 2.1077, -2.7721 ],
			"to": [ 12.7278, 2.9547, -0.6545999 ],
			"rotation": { "origin": [ 2.24625, 4.14211, 4.682374 ], "axis": "x", "angle": -45 },
			"faces": {
				"down": { "uv": [ 9.5, 1.75, 9.75, 2.25 ], "texture": "#bear" },
				"up": { "uv": [ 9.5, 1.75, 9.75, 2.25 ], "texture": "#bear" },
				"north": { "uv": [ 9.5, 1.75, 9.75, 2.25 ], "texture": "#bear" },
				"south": { "uv": [ 9.5, 1.75, 9.75, 2.25 ], "texture": "#bear" },
				"west": { "uv": [ 9.5, 1.75, 9.75, 2.25 ], "texture": "#bear" },
				"east": { "uv": [ 9.5, 1.75, 9.75, 2.25 ], "texture": "#bear" }
			}
		},
		{
			"__comment": "Box20",
			"from": [ 12.0927, 2.2136, -4.3602 ],
			"to": [ 12.5162, 2.6371, -2.6662 ],
			"rotation": { "origin": [ 2.24625, 4.14211, 4.682374 ], "axis": "x", "angle": -45 },
			"faces": {
				"down": { "uv": [ 9.5, 1.75, 9.75, 2.25 ], "texture": "#bear" },
				"up": { "uv": [ 9.5, 1.75, 9.75, 2.25 ], "texture": "#bear" },
				"north": { "uv": [ 9.5, 1.75, 9.75, 2.25 ], "texture": "#bear" },
				"south": { "uv": [ 9.5, 1.75, 9.75, 2.25 ], "texture": "#bear" },
				"west": { "uv": [ 9.5, 1.75, 9.75, 2.25 ], "texture": "#bear" },
				"east": { "uv": [ 9.5, 1.75, 9.75, 2.25 ], "texture": "#bear" }
			}
		},
		{
			"__comment": "Box20",
			"from": [ 13.1514, 2.1077, -2.7721 ],
			"to": [ 13.9984, 2.9547, -0.6545999 ],
			"rotation": { "origin": [ 2.24625, 4.14211, 4.682374 ], "axis": "x", "angle": -45 },
			"faces": {
				"down": { "uv": [ 9.5, 1.75, 9.75, 2.25 ], "texture": "#bear" },
				"up": { "uv": [ 9.5, 1.75, 9.75, 2.25 ], "texture": "#bear" },
				"north": { "uv": [ 9.5, 1.75, 9.75, 2.25 ], "texture": "#bear" },
				"south": { "uv": [ 9.5, 1.75, 9.75, 2.25 ], "texture": "#bear" },
				"west": { "uv": [ 9.5, 1.75, 9.75, 2.25 ], "texture": "#bear" },
				"east": { "uv": [ 9.5, 1.75, 9.75, 2.25 ], "texture": "#bear" }
			}
		},
		{
			"__comment": "Box20",
			"from": [ 13.3632, 2.2136, -4.3602 ],
			"to": [ 13.7867, 2.6371, -2.6662 ],
			"rotation": { "origin": [ 2.24625, 4.14211, 4.682374 ], "axis": "x", "angle": -45 },
			"faces": {
				"down": { "uv": [ 9.5, 1.75, 9.75, 2.25 ], "texture": "#bear" },
				"up": { "uv": [ 9.5, 1.75, 9.75, 2.25 ], "texture": "#bear" },
				"north": { "uv": [ 9.5, 1.75, 9.75, 2.25 ], "texture": "#bear" },
				"south": { "uv": [ 9.5, 1.75, 9.75, 2.25 ], "texture": "#bear" },
				"west": { "uv": [ 9.5, 1.75, 9.75, 2.25 ], "texture": "#bear" },
				"east": { "uv": [ 9.5, 1.75, 9.75, 2.25 ], "texture": "#bear" }
			}
		},
		{
			"__comment": "Box52",
			"from": [ 7.2278, 11.9761, -0.9187 ],
			"to": [ 8.498301, 13.2466, -0.4952 ],
			"rotation": { "origin": [ 5.10491, 5.48145, 0.6695004 ], "axis": "z", "angle": -22.5 },
			"faces": {
				"down": { "uv": [ 11, 3, 11.25, 3.25 ], "texture": "#bear" },
				"up": { "uv": [ 11, 2.75, 11.25, 3 ], "texture": "#bear" },
				"north": { "uv": [ 11, 2.5, 11.25, 2.75 ], "texture": "#bear" },
				"south": { "uv": [ 11, 2.25, 11.25, 2.5 ], "texture": "#bear" },
				"west": { "uv": [ 11, 2, 11.25, 2.25 ], "texture": "#bear" },
				"east": { "uv": [ 11, 1.75, 11.25, 2 ], "texture": "#bear" }
			}
		},
		{
			"__comment": "Box52",
			"from": [ 7.026, 9.8427, -0.9187 ],
			"to": [ 8.2965, 11.1132, -0.4952 ],
			"rotation": { "origin": [ 5.10491, 5.48145, 0.6695004 ], "axis": "z", "angle": 22.5 },
			"faces": {
				"down": { "uv": [ 11, 1.5, 11.25, 1.75 ], "texture": "#bear" },
				"up": { "uv": [ 11, 1.25, 11.25, 1.5 ], "texture": "#bear" },
				"north": { "uv": [ 11, 1, 11.25, 1.25 ], "texture": "#bear" },
				"south": { "uv": [ 11, 0.75, 11.25, 1 ], "texture": "#bear" },
				"west": { "uv": [ 11, 0.5, 11.25, 0.75 ], "texture": "#bear" },
				"east": { "uv": [ 11, 0.25, 11.25, 0.5 ], "texture": "#bear" }
			}
		},
		{
			"__comment": "Box1",
			"from": [ 6.693, 7.0696, -6.1065 ],
			"to": [ 9.233999, 9.187099, -2.718497 ],
			"faces": {
				"down": { "uv": [ 8.75, 0.75, 9.5, 1.75 ], "texture": "#bear" },
				"up": { "uv": [ 8.75, 2.75, 9.5, 3.75 ], "texture": "#bear" },
				"north": { "uv": [ 9.75, 4, 10.5, 4.75 ], "texture": "#bear" },
				"south": { "uv": [ 9.75, 4.75, 10.5, 5.5 ], "texture": "#bear" },
				"west": { "uv": [ 8.75, 2.75, 9.5, 3.75 ], "texture": "#bear", "rotation": 90 },
				"east": { "uv": [ 8.75, 2.75, 9.5, 3.75 ], "texture": "#bear", "rotation": 90 }
			}
		},
		{
			"__comment": "Box55",
			"from": [ 8.254, 5.5499, 6.623 ],
			"to": [ 8.954, 7.9999, 9.772999 ],
			"faces": {
				"down": { "uv": [ 0, 14.5, 1, 16 ], "texture": "#bear" },
				"up": { "uv": [ 0, 14.5, 1, 16 ], "texture": "#bear" },
				"north": { "uv": [ 0, 14.5, 1, 16 ], "texture": "#bear" },
				"south": { "uv": [ 0, 14.5, 1, 16 ], "texture": "#bear" },
				"west": { "uv": [ 0, 14.5, 1, 16 ], "texture": "#bear" },
				"east": { "uv": [ 0, 14.5, 1, 16 ], "texture": "#bear" }
			}
		}
	],
	"display": {
		"thirdperson_righthand": {
			"rotation":  [ 72, -2, 0 ],
			"translation":  [ 0, 2.0869, 0 ],
			"scale":  [ 0.5, 0.5, 0.5 ]
		},
		"thirdperson_lefthand": {
			"rotation":  [ 72, -2, 0 ],
			"translation":  [ 0, 2.0869, 0 ],
			"scale":  [ 0.5, 0.5, 0.5 ]
		},
		"firstperson_righthand": {
			"translation":  [ 4.1739, 0, -6.956 ],
			"scale":  [ 0.5, 0.5, 0.5 ]
		},
		"firstperson_lefthand": {
			"translation":  [ 4.1739, 0, -6.956 ],
			"scale":  [ 0.5, 0.5, 0.5 ]
		},
		"gui": {
			"rotation":  [ 16, 135, 0 ],
			"scale":  [ 0.3, 0.3, 0.3 ]
		},
		"head": {
			"translation":  [ 2.7837, 5.5647, 0 ],
			"scale":  [ 4, 4, 4 ]
		},
		"ground": {
			"translation":  [ 0, 5.5652, 0 ],
			"scale":  [ 0.5, 0.5, 0.5 ]
		},
		"fixed": {
			"rotation":  [ -90, 0, 0 ],
			"translation":  [ 0, -4.173, -29.2 ],
			"scale":  [ 2, 2, 2 ]
		}
	}
}