{
	"__comment": "Cubik Studio - https://cubik.studio",
	"textures": {
		"bear": "item/bear"
	},
	"elements": [ 	 
		{
			"__comment": "Box1",
			"from": [ 2.8815, 1.2236, 17.5405 ],
			"to": [ 13.469, 10.5406, 23.046 ],
			"faces": {
				"down": { "uv": [ 5.5, 11.75, 8.5, 13.25 ], "texture": "#bear" },
				"up": { "uv": [ 5.5, 11.75, 8.5, 13.25 ], "texture": "#bear" },
				"north": { "uv": [ 0, 13.25, 3, 16 ], "texture": "#bear" },
				"south": { "uv": [ 3, 13.25, 6, 16 ], "texture": "#bear" },
				"west": { "uv": [ 14, 13.25, 15.5, 16 ], "texture": "#bear" },
				"east": { "uv": [ 15.5, 13.25, 14, 16 ], "texture": "#bear" }
			}
		},
		{
			"__comment": "Box1",
			"from": [ 6.693, 5.3528, -4.2697 ],
			"to": [ 9.233999, 5.7763, -0.8817003 ],
			"faces": {
				"down": { "uv": [ 8.75, 1.75, 9.5, 2.75 ], "texture": "#bear" },
				"up": { "uv": [ 15.25, 7, 16, 8 ], "texture": "#bear" },
				"north": { "uv": [ 8, 13.25, 8.75, 13.5 ], "texture": "#bear" },
				"south": { "uv": [ 8.75, 13.25, 9.5, 13.5 ], "texture": "#bear" },
				"west": { "uv": [ 6, 13.25, 7, 13.5 ], "texture": "#bear" },
				"east": { "uv": [ 7, 13.25, 8, 13.5 ], "texture": "#bear" }
			}
		},
		{
			"__comment": "Box1",
			"from": [ 5.3167, 4.5058, 1.6593 ],
			"to": [ 10.3987, 9.1643, 4.2003 ],
			"faces": {
				"down": { "uv": [ 6.75, 10.5, 8.25, 11.75 ], "texture": "#bear" },
				"up": { "uv": [ 6.75, 10.5, 8.25, 11.75 ], "texture": "#bear" },
				"north": { "uv": [ 2.5, 3.25, 4, 4.5 ], "texture": "#bear" },
				"south": { "uv": [ 2.5, 4.5, 4, 5.75 ], "texture": "#bear" },
				"west": { "uv": [ 4, 7.25, 5.25, 8.75 ], "texture": "#bear" },
				"east": { "uv": [ 5.25, 7.25, 4, 8.75 ], "texture": "#bear" }
			}
		},
		{
			"__comment": "Box1",
			"from": [ 10.1868, -3.6885, 8.0132 ],
			"to": [ 13.5748, 0.9700003, 11.4012 ],
			"faces": {
				"down": { "uv": [ 7.75, 0.5, 8.75, 1.5 ], "texture": "#bear" },
				"up": { "uv": [ 8.75, 6, 9.75, 7 ], "texture": "#bear" },
				"north": { "uv": [ 10.75, 8, 11.75, 9.25 ], "texture": "#bear" },
				"south": { "uv": [ 10.75, 8, 11.75, 9.25 ], "texture": "#bear" },
				"west": { "uv": [ 8.75, 8, 9.75, 9.25 ], "texture": "#bear" },
				"east": { "uv": [ 9.75, 8, 8.75, 9.25 ], "texture": "#bear" }
			}
		},
		{
			"__comment": "Box1",
			"from": [ 5.1049, 4.294, 2.2945 ],
			"to": [ 10.6104, 9.375999, 6.953 ],
			"faces": {
				"down": { "uv": [ 6.75, 10.5, 8.25, 11.75 ], "texture": "#bear" },
				"up": { "uv": [ 6.75, 10.5, 8.25, 11.75 ], "texture": "#bear" },
				"north": { "uv": [ 14, 11.75, 15.5, 13.25 ], "texture": "#bear" },
				"south": { "uv": [ 2.5, 5.75, 4, 7.25 ], "texture": "#bear" },
				"west": { "uv": [ 4, 7.25, 5.25, 8.75 ], "texture": "#bear" },
				"east": { "uv": [ 5.25, 7.25, 4, 8.75 ], "texture": "#bear" }
			}
		},
		{
			"__comment": "Box1",
			"from": [ 3.5168, 1.8589, 6.953 ],
			"to": [ 12.4103, 9.9054, 12.4585 ],
			"faces": {
				"down": { "uv": [ 0, 6.75, 2.5, 8.25 ], "texture": "#bear" },
				"up": { "uv": [ 0, 6.75, 2.5, 8.25 ], "texture": "#bear" },
				"north": { "uv": [ 11.5, 13.75, 14, 16 ], "texture": "#bear" },
				"south": { "uv": [ 0, 11, 2.5, 13.25 ], "texture": "#bear" },
				"west": { "uv": [ 2.5, 9.5, 4, 11.75 ], "texture": "#bear" },
				"east": { "uv": [ 4, 9.5, 2.5, 11.75 ], "texture": "#bear" }
			}
		},
		{
			"__comment": "Box1",
			"from": [ 3.305, 1.5412, 12.035 ],
			"to": [ 13.0455, 10.0112, 17.5405 ],
			"faces": {
				"down": { "uv": [ 11.25, 11.75, 14, 13.25 ], "texture": "#bear" },
				"up": { "uv": [ 11.25, 11.75, 14, 13.25 ], "texture": "#bear" },
				"north": { "uv": [ 6, 13.5, 8.75, 16 ], "texture": "#bear" },
				"south": { "uv": [ 8.75, 13.5, 11.5, 16 ], "texture": "#bear" },
				"west": { "uv": [ 0, 2.75, 1.5, 5.25 ], "texture": "#bear" },
				"east": { "uv": [ 1.5, 2.75, 0, 5.25 ], "texture": "#bear" }
			}
		},
		{
			"__comment": "Box1",
			"from": [ 5.3167, 4.8234, -1.0935 ],
			"to": [ 10.8222, 9.4819, 2.718 ],
			"faces": {
				"down": { "uv": [ 9, 7, 10.25, 8 ], "texture": "#bear" },
				"up": { "uv": [ 9, 7, 10.25, 8 ], "texture": "#bear" },
				"north": { "uv": [ 6.5, 9.25, 7.75, 10.5 ], "texture": "#bear" },
				"south": { "uv": [ 7.75, 9.25, 9, 10.5 ], "texture": "#bear" },
				"west": { "uv": [ 7.75, 5.75, 8.75, 7 ], "texture": "#bear" },
				"east": { "uv": [ 8.75, 5.75, 7.75, 7 ], "texture": "#bear" }
			}
		},
		{
			"__comment": "Box1",
			"from": [ 10.081, -4.9171, 18.4934 ],
			"to": [ 13.469, -0.2586002, 21.8814 ],
			"faces": {
				"down": { "uv": [ 7.75, 2.5, 8.75, 3.5 ], "texture": "#bear" },
				"up": { "uv": [ 7.75, 1.5, 8.75, 2.5 ], "texture": "#bear" },
				"north": { "uv": [ 14.5, 10.5, 15.75, 11.75 ], "texture": "#bear" },
				"south": { "uv": [ 14.5, 10.5, 15.75, 11.75 ], "texture": "#bear" },
				"west": { "uv": [ 1.5, 2.75, 2.5, 4 ], "texture": "#bear" },
				"east": { "uv": [ 2.5, 2.75, 1.5, 4 ], "texture": "#bear" }
			}
		},
		{
			"__comment": "Box1",
			"from": [ 9.7633, -0.788, 17.7522 ],
			"to": [ 13.9983, 3.447, 22.4107 ],
			"faces": {
				"down": { "uv": [ 14, 9.25, 15.25, 10.5 ], "texture": "#bear" },
				"up": { "uv": [ 6.5, 8, 7.75, 9.25 ], "texture": "#bear" },
				"north": { "uv": [ 14.5, 10.5, 15.75, 11.75 ], "texture": "#bear" },
				"south": { "uv": [ 14.5, 10.5, 15.75, 11.75 ], "texture": "#bear" },
				"west": { "uv": [ 6.5, 9.25, 5.25, 10.5 ], "texture": "#bear" },
				"east": { "uv": [ 6.5, 9.25, 5.25, 10.5 ], "texture": "#bear" }
			}
		},
		{
			"__comment": "Box1",
			"from": [ 9.8692, -0.4704, 7.4823 ],
			"to": [ 14.1042, 3.7646, 11.7173 ],
			"rotation": { "origin": [ 2.24625, -0.47039, 7.482374 ], "axis": "x", "angle": -22.5 },
			"faces": {
				"down": { "uv": [ 4, 4.5, 5.25, 5.75 ], "texture": "#bear" },
				"up": { "uv": [ 4, 3.25, 5.25, 4.5 ], "texture": "#bear" },
				"north": { "uv": [ 5.25, 4.25, 6.5, 5.5 ], "texture": "#bear" },
				"south": { "uv": [ 5.25, 4.25, 6.5, 5.5 ], "texture": "#bear" },
				"west": { "uv": [ 6.5, 1.75, 5.25, 3 ], "texture": "#bear" },
				"east": { "uv": [ 6.5, 1.75, 5.25, 3 ], "texture": "#bear" }
			}
		},
		{
			"__comment": "Box1",
			"from": [ 9.7633, -5.4465, 16.27 ],
			"to": [ 13.9983, -3.7525, 21.352 ],
			"faces": {
				"down": { "uv": [ 10.75, 8, 11.75, 9.25 ], "texture": "#bear" },
				"up": { "uv": [ 10.75, 8, 11.75, 9.25 ], "texture": "#bear" },
				"north": { "uv": [ 10.75, 8, 11.75, 9.25 ], "texture": "#bear" },
				"south": { "uv": [ 10.75, 8, 11.75, 9.25 ], "texture": "#bear" },
				"west": { "uv": [ 10.75, 8, 11.75, 9.25 ], "texture": "#bear" },
				"east": { "uv": [ 10.75, 8, 11.75, 9.25 ], "texture": "#bear" }
			}
		},
		{
			"__comment": "Box1",
			"from": [ 2.5638, -3.6885, 8.0132 ],
			"to": [ 5.9518, 0.9700003, 11.4012 ],
			"faces": {
				"down": { "uv": [ 13.25, 7, 14.25, 8 ], "texture": "#bear" },
				"up": { "uv": [ 8.75, 5, 9.75, 6 ], "texture": "#bear" },
				"north": { "uv": [ 10.75, 8, 11.75, 9.25 ], "texture": "#bear" },
				"south": { "uv": [ 9.75, 8, 10.75, 9.25 ], "texture": "#bear" },
				"west": { "uv": [ 8.75, 8, 9.75, 9.25 ], "texture": "#bear" },
				"east": { "uv": [ 8.75, 8, 9.75, 9.25 ], "texture": "#bear" }
			}
		},
		{
			"__comment": "Box1",
			"from": [ 2.5638, -4.9171, 18.4934 ],
			"to": [ 5.9518, -0.2586002, 21.8814 ],
			"faces": {
				"down": { "uv": [ 7.75, 3.5, 8.75, 4.5 ], "texture": "#bear" },
				"up": { "uv": [ 14.25, 7, 15.25, 8 ], "texture": "#bear" },
				"north": { "uv": [ 14.5, 10.5, 15.75, 11.75 ], "texture": "#bear" },
				"south": { "uv": [ 14.5, 10.5, 15.75, 11.75 ], "texture": "#bear" },
				"west": { "uv": [ 1.5, 2.75, 2.5, 4 ], "texture": "#bear" },
				"east": { "uv": [ 1.5, 2.75, 2.5, 4 ], "texture": "#bear" }
			}
		},
		{
			"__comment": "Box1",
			"from": [ 2.2463, -0.788, 17.7522 ],
			"to": [ 6.4813, 3.447, 22.4107 ],
			"faces": {
				"down": { "uv": [ 10.75, 10.5, 12, 11.75 ], "texture": "#bear" },
				"up": { "uv": [ 12, 10.5, 13.25, 11.75 ], "texture": "#bear" },
				"north": { "uv": [ 14.5, 10.5, 15.75, 11.75 ], "texture": "#bear" },
				"south": { "uv": [ 14.5, 10.5, 15.75, 11.75 ], "texture": "#bear" },
				"west": { "uv": [ 5.25, 9.25, 6.5, 10.5 ], "texture": "#bear" },
				"east": { "uv": [ 5.25, 9.25, 6.5, 10.5 ], "texture": "#bear" }
			}
		},
		{
			"__comment": "Box1",
			"from": [ 2.2463, -0.4704, 7.4823 ],
			"to": [ 6.4813, 3.7646, 11.7173 ],
			"rotation": { "origin": [ 2.24625, -0.47039, 7.482374 ], "axis": "x", "angle": -22.5 },
			"faces": {
				"down": { "uv": [ 5.25, 6.75, 6.5, 8 ], "texture": "#bear" },
				"up": { "uv": [ 5.25, 5.5, 6.5, 6.75 ], "texture": "#bear" },
				"north": { "uv": [ 5.25, 4.25, 6.5, 5.5 ], "texture": "#bear" },
				"south": { "uv": [ 5.25, 4.25, 6.5, 5.5 ], "texture": "#bear" },
				"west": { "uv": [ 5.25, 1.75, 6.5, 3 ], "texture": "#bear" },
				"east": { "uv": [ 5.25, 1.75, 6.5, 3 ], "texture": "#bear" }
			}
		},
		{
			"__comment": "Box1",
			"from": [ 2.2463, -5.4465, 16.27 ],
			"to": [ 6.4813, -3.7525, 21.352 ],
			"faces": {
				"down": { "uv": [ 10.75, 8, 11.75, 9.25 ], "texture": "#bear" },
				"up": { "uv": [ 10.75, 8, 11.75, 9.25 ], "texture": "#bear" },
				"north": { "uv": [ 10.75, 8, 11.75, 9.25 ], "texture": "#bear" },
				"south": { "uv": [ 10.75, 8, 11.75, 9.25 ], "texture": "#bear" },
				"west": { "uv": [ 10.75, 8, 11.75, 9.25 ], "texture": "#bear" },
				"east": { "uv": [ 10.75, 8, 11.75, 9.25 ], "texture": "#bear" }
			}
		},
		{
			"__comment": "Box1",
			"from": [ 2.2463, -5.023, 6.7412 ],
			"to": [ 6.4813, -3.329, 10.9762 ],
			"faces": {
				"down": { "uv": [ 10.75, 8, 11.75, 9.25 ], "texture": "#bear" },
				"up": { "uv": [ 10.75, 8, 11.75, 9.25 ], "texture": "#bear" },
				"north": { "uv": [ 10.75, 8, 11.75, 9.25 ], "texture": "#bear" },
				"south": { "uv": [ 10.75, 8, 11.75, 9.25 ], "texture": "#bear" },
				"west": { "uv": [ 10.75, 8, 11.75, 9.25 ], "texture": "#bear" },
				"east": { "uv": [ 10.75, 8, 11.75, 9.25 ], "texture": "#bear" }
			}
		},
		{
			"__comment": "Box1",
			"from": [ 9.7633, -5.023, 6.7412 ],
			"to": [ 13.9983, -3.329, 10.9762 ],
			"faces": {
				"down": { "uv": [ 10.75, 8, 11.75, 9.25 ], "texture": "#bear" },
				"up": { "uv": [ 10.75, 8, 11.75, 9.25 ], "texture": "#bear" },
				"north": { "uv": [ 10.75, 8, 11.75, 9.25 ], "texture": "#bear" },
				"south": { "uv": [ 10.75, 8, 11.75, 9.25 ], "texture": "#bear" },
				"west": { "uv": [ 10.75, 8, 11.75, 9.25 ], "texture": "#bear" },
				"east": { "uv": [ 10.75, 8, 11.75, 9.25 ], "texture": "#bear" }
			}
		},
		{
			"__comment": "Box20",
			"from": [ 9.1282, -5.1289, 15.1053 ],
			"to": [ 9.9752, -4.2819, 17.2228 ],
			"faces": {
				"down": { "uv": [ 9.5, 1.75, 9.75, 2.25 ], "texture": "#bear" },
				"up": { "uv": [ 9.5, 1.75, 9.75, 2.25 ], "texture": "#bear" },
				"north": { "uv": [ 9.5, 1.75, 9.75, 2.25 ], "texture": "#bear" },
				"south": { "uv": [ 9.5, 1.75, 9.75, 2.25 ], "texture": "#bear" },
				"west": { "uv": [ 9.5, 1.75, 9.75, 2.25 ], "texture": "#bear" },
				"east": { "uv": [ 9.5, 1.75, 9.75, 2.25 ], "texture": "#bear" }
			}
		},
		{
			"__comment": "Box20",
			"from": [ 9.3398, -4.9171, 13.4113 ],
			"to": [ 9.7633, -4.4936, 15.1053 ],
			"faces": {
				"down": { "uv": [ 9.5, 1.75, 9.75, 2.25 ], "texture": "#bear" },
				"up": { "uv": [ 9.5, 1.75, 9.75, 2.25 ], "texture": "#bear" },
				"north": { "uv": [ 9.5, 1.75, 9.75, 2.25 ], "texture": "#bear" },
				"south": { "uv": [ 9.5, 1.75, 9.75, 2.25 ], "texture": "#bear" },
				"west": { "uv": [ 9.5, 1.75, 9.75, 2.25 ], "texture": "#bear" },
				"east": { "uv": [ 9.5, 1.75, 9.75, 2.25 ], "texture": "#bear" }
			}
		},
		{
			"__comment": "Box20",
			"from": [ 11.8808, -5.1289, 14.4702 ],
			"to": [ 12.7278, -4.2819, 16.5877 ],
			"faces": {
				"down": { "uv": [ 9.5, 1.75, 9.75, 2.25 ], "texture": "#bear" },
				"up": { "uv": [ 9.5, 1.75, 9.75, 2.25 ], "texture": "#bear" },
				"north": { "uv": [ 9.5, 1.75, 9.75, 2.25 ], "texture": "#bear" },
				"south": { "uv": [ 9.5, 1.75, 9.75, 2.25 ], "texture": "#bear" },
				"west": { "uv": [ 9.5, 1.75, 9.75, 2.25 ], "texture": "#bear" },
				"east": { "uv": [ 9.5, 1.75, 9.75, 2.25 ], "texture": "#bear" }
			}
		},
		{
			"__comment": "Box20",
			"from": [ 13.1514, -5.1289, 14.4702 ],
			"to": [ 13.9984, -4.2819, 16.5877 ],
			"faces": {
				"down": { "uv": [ 9.5, 1.75, 9.75, 2.25 ], "texture": "#bear" },
				"up": { "uv": [ 9.5, 1.75, 9.75, 2.25 ], "texture": "#bear" },
				"north": { "uv": [ 9.5, 1.75, 9.75, 2.25 ], "texture": "#bear" },
				"south": { "uv": [ 9.5, 1.75, 9.75, 2.25 ], "texture": "#bear" },
				"west": { "uv": [ 9.5, 1.75, 9.75, 2.25 ], "texture": "#bear" },
				"east": { "uv": [ 9.5, 1.75, 9.75, 2.25 ], "texture": "#bear" }
			}
		},
		{
			"__comment": "Box20",
			"from": [ 10.5045, -5.1289, 14.4702 ],
			"to": [ 11.3515, -4.2819, 16.5877 ],
			"faces": {
				"down": { "uv": [ 9.5, 1.75, 9.75, 2.25 ], "texture": "#bear" },
				"up": { "uv": [ 9.5, 1.75, 9.75, 2.25 ], "texture": "#bear" },
				"north": { "uv": [ 9.5, 1.75, 9.75, 2.25 ], "texture": "#bear" },
				"south": { "uv": [ 9.5, 1.75, 9.75, 2.25 ], "texture": "#bear" },
				"west": { "uv": [ 9.5, 1.75, 9.75, 2.25 ], "texture": "#bear" },
				"east": { "uv": [ 9.5, 1.75, 9.75, 2.25 ], "texture": "#bear" }
			}
		},
		{
			"__comment": "Box20",
			"from": [ 10.7162, -5.023, 12.882 ],
			"to": [ 11.1397, -4.5995, 14.576 ],
			"faces": {
				"down": { "uv": [ 9.5, 1.75, 9.75, 2.25 ], "texture": "#bear" },
				"up": { "uv": [ 9.5, 1.75, 9.75, 2.25 ], "texture": "#bear" },
				"north": { "uv": [ 9.5, 1.75, 9.75, 2.25 ], "texture": "#bear" },
				"south": { "uv": [ 9.5, 1.75, 9.75, 2.25 ], "texture": "#bear" },
				"west": { "uv": [ 9.5, 1.75, 9.75, 2.25 ], "texture": "#bear" },
				"east": { "uv": [ 9.5, 1.75, 9.75, 2.25 ], "texture": "#bear" }
			}
		},
		{
			"__comment": "Box20",
			"from": [ 12.0927, -5.023, 12.882 ],
			"to": [ 12.5162, -4.5995, 14.576 ],
			"faces": {
				"down": { "uv": [ 9.5, 1.75, 9.75, 2.25 ], "texture": "#bear" },
				"up": { "uv": [ 9.5, 1.75, 9.75, 2.25 ], "texture": "#bear" },
				"north": { "uv": [ 9.5, 1.75, 9.75, 2.25 ], "texture": "#bear" },
				"south": { "uv": [ 9.5, 1.75, 9.75, 2.25 ], "texture": "#bear" },
				"west": { "uv": [ 9.5, 1.75, 9.75, 2.25 ], "texture": "#bear" },
				"east": { "uv": [ 9.5, 1.75, 9.75, 2.25 ], "texture": "#bear" }
			}
		},
		{
			"__comment": "Box20",
			"from": [ 13.3632, -5.023, 12.882 ],
			"to": [ 13.7867, -4.5995, 14.576 ],
			"faces": {
				"down": { "uv": [ 9.5, 1.75, 9.75, 2.25 ], "texture": "#bear" },
				"up": { "uv": [ 9.5, 1.75, 9.75, 2.25 ], "texture": "#bear" },
				"north": { "uv": [ 9.5, 1.75, 9.75, 2.25 ], "texture": "#bear" },
				"south": { "uv": [ 9.5, 1.75, 9.75, 2.25 ], "texture": "#bear" },
				"west": { "uv": [ 9.5, 1.75, 9.75, 2.25 ], "texture": "#bear" },
				"east": { "uv": [ 9.5, 1.75, 9.75, 2.25 ], "texture": "#bear" }
			}
		},
		{
			"__comment": "Box20",
			"from": [ 2.0345, -5.1289, 14.4702 ],
			"to": [ 2.8815, -4.2819, 16.5877 ],
			"faces": {
				"down": { "uv": [ 9.5, 1.75, 9.75, 2.25 ], "texture": "#bear" },
				"up": { "uv": [ 9.5, 1.75, 9.75, 2.25 ], "texture": "#bear" },
				"north": { "uv": [ 9.5, 1.75, 9.75, 2.25 ], "texture": "#bear" },
				"south": { "uv": [ 9.5, 1.75, 9.75, 2.25 ], "texture": "#bear" },
				"west": { "uv": [ 9.5, 1.75, 9.75, 2.25 ], "texture": "#bear" },
				"east": { "uv": [ 9.5, 1.75, 9.75, 2.25 ], "texture": "#bear" }
			}
		},
		{
			"__comment": "Box20",
			"from": [ 2.2463, -5.023, 12.882 ],
			"to": [ 2.6698, -4.5995, 14.576 ],
			"faces": {
				"down": { "uv": [ 9.5, 1.75, 9.75, 2.25 ], "texture": "#bear" },
				"up": { "uv": [ 9.5, 1.75, 9.75, 2.25 ], "texture": "#bear" },
				"north": { "uv": [ 9.5, 1.75, 9.75, 2.25 ], "texture": "#bear" },
				"south": { "uv": [ 9.5, 1.75, 9.75, 2.25 ], "texture": "#bear" },
				"west": { "uv": [ 9.5, 1.75, 9.75, 2.25 ], "texture": "#bear" },
				"east": { "uv": [ 9.5, 1.75, 9.75, 2.25 ], "texture": "#bear" }
			}
		},
		{
			"__comment": "Box20",
			"from": [ 3.4108, -5.1289, 14.4702 ],
			"to": [ 4.2578, -4.2819, 16.5877 ],
			"faces": {
				"down": { "uv": [ 9.5, 1.75, 9.75, 2.25 ], "texture": "#bear" },
				"up": { "uv": [ 9.5, 1.75, 9.75, 2.25 ], "texture": "#bear" },
				"north": { "uv": [ 9.5, 1.75, 9.75, 2.25 ], "texture": "#bear" },
				"south": { "uv": [ 9.5, 1.75, 9.75, 2.25 ], "texture": "#bear" },
				"west": { "uv": [ 9.5, 1.75, 9.75, 2.25 ], "texture": "#bear" },
				"east": { "uv": [ 9.5, 1.75, 9.75, 2.25 ], "texture": "#bear" }
			}
		},
		{
			"__comment": "Box20",
			"from": [ 3.6227, -5.023, 12.882 ],
			"to": [ 4.0462, -4.5995, 14.576 ],
			"faces": {
				"down": { "uv": [ 9.5, 1.75, 9.75, 2.25 ], "texture": "#bear" },
				"up": { "uv": [ 9.5, 1.75, 9.75, 2.25 ], "texture": "#bear" },
				"north": { "uv": [ 9.5, 1.75, 9.75, 2.25 ], "texture": "#bear" },
				"south": { "uv": [ 9.5, 1.75, 9.75, 2.25 ], "texture": "#bear" },
				"west": { "uv": [ 9.5, 1.75, 9.75, 2.25 ], "texture": "#bear" },
				"east": { "uv": [ 9.5, 1.75, 9.75, 2.25 ], "texture": "#bear" }
			}
		},
		{
			"__comment": "Box20",
			"from": [ 4.8932, -5.023, 12.882 ],
			"to": [ 5.3167, -4.5995, 14.576 ],
			"faces": {
				"down": { "uv": [ 9.5, 1.75, 9.75, 2.25 ], "texture": "#bear" },
				"up": { "uv": [ 9.5, 1.75, 9.75, 2.25 ], "texture": "#bear" },
				"north": { "uv": [ 9.5, 1.75, 9.75, 2.25 ], "texture": "#bear" },
				"south": { "uv": [ 9.5, 1.75, 9.75, 2.25 ], "texture": "#bear" },
				"west": { "uv": [ 9.5, 1.75, 9.75, 2.25 ], "texture": "#bear" },
				"east": { "uv": [ 9.5, 1.75, 9.75, 2.25 ], "texture": "#bear" }
			}
		},
		{
			"__comment": "Box20",
			"from": [ 4.6813, -5.1289, 14.4702 ],
			"to": [ 5.5283, -4.2819, 16.5877 ],
			"faces": {
				"down": { "uv": [ 9.5, 1.75, 9.75, 2.25 ], "texture": "#bear" },
				"up": { "uv": [ 9.5, 1.75, 9.75, 2.25 ], "texture": "#bear" },
				"north": { "uv": [ 9.5, 1.75, 9.75, 2.25 ], "texture": "#bear" },
				"south": { "uv": [ 9.5, 1.75, 9.75, 2.25 ], "texture": "#bear" },
				"west": { "uv": [ 9.5, 1.75, 9.75, 2.25 ], "texture": "#bear" },
				"east": { "uv": [ 9.5, 1.75, 9.75, 2.25 ], "texture": "#bear" }
			}
		},
		{
			"__comment": "Box20",
			"from": [ 6.2695, -5.1289, 15.1053 ],
			"to": [ 7.1165, -4.2819, 17.2228 ],
			"faces": {
				"down": { "uv": [ 9.5, 1.75, 9.75, 2.25 ], "texture": "#bear" },
				"up": { "uv": [ 9.5, 1.75, 9.75, 2.25 ], "texture": "#bear" },
				"north": { "uv": [ 9.5, 1.75, 9.75, 2.25 ], "texture": "#bear" },
				"south": { "uv": [ 9.5, 1.75, 9.75, 2.25 ], "texture": "#bear" },
				"west": { "uv": [ 9.5, 1.75, 9.75, 2.25 ], "texture": "#bear" },
				"east": { "uv": [ 9.5, 1.75, 9.75, 2.25 ], "texture": "#bear" }
			}
		},
		{
			"__comment": "Box20",
			"from": [ 6.4813, -4.9171, 13.4113 ],
			"to": [ 6.9048, -4.4936, 15.1053 ],
			"faces": {
				"down": { "uv": [ 9.5, 1.75, 9.75, 2.25 ], "texture": "#bear" },
				"up": { "uv": [ 9.5, 1.75, 9.75, 2.25 ], "texture": "#bear" },
				"north": { "uv": [ 9.5, 1.75, 9.75, 2.25 ], "texture": "#bear" },
				"south": { "uv": [ 9.5, 1.75, 9.75, 2.25 ], "texture": "#bear" },
				"west": { "uv": [ 9.5, 1.75, 9.75, 2.25 ], "texture": "#bear" },
				"east": { "uv": [ 9.5, 1.75, 9.75, 2.25 ], "texture": "#bear" }
			}
		},
		{
			"__comment": "Box20",
			"from": [ 2.0345, -4.7053, 4.7296 ],
			"to": [ 2.8815, -3.8583, 6.8471 ],
			"faces": {
				"down": { "uv": [ 9.5, 1.75, 9.75, 2.25 ], "texture": "#bear" },
				"up": { "uv": [ 9.5, 1.25, 9.75, 1.75 ], "texture": "#bear" },
				"north": { "uv": [ 11, 4.75, 11.25, 5 ], "texture": "#bear" },
				"south": { "uv": [ 11.25, 4.75, 11.5, 5 ], "texture": "#bear" },
				"west": { "uv": [ 9.75, 3.25, 10.25, 3.5 ], "texture": "#bear" },
				"east": { "uv": [ 9.75, 3, 10.25, 3.25 ], "texture": "#bear" }
			}
		},
		{
			"__comment": "Box20",
			"from": [ 2.2463, -4.5995, 3.1415 ],
			"to": [ 2.6698, -4.176, 4.8355 ],
			"faces": {
				"down": { "uv": [ 9.5, 1.75, 9.75, 2.25 ], "texture": "#bear" },
				"up": { "uv": [ 9.5, 1.75, 9.75, 2.25 ], "texture": "#bear" },
				"north": { "uv": [ 9.5, 1.75, 9.75, 2.25 ], "texture": "#bear" },
				"south": { "uv": [ 9.5, 1.75, 9.75, 2.25 ], "texture": "#bear" },
				"west": { "uv": [ 9.5, 1.75, 9.75, 2.25 ], "texture": "#bear" },
				"east": { "uv": [ 9.5, 1.75, 9.75, 2.25 ], "texture": "#bear" }
			}
		},
		{
			"__comment": "Box20",
			"from": [ 3.6227, -4.5995, 3.1415 ],
			"to": [ 4.0462, -4.176, 4.8355 ],
			"faces": {
				"down": { "uv": [ 9.5, 1.75, 9.75, 2.25 ], "texture": "#bear" },
				"up": { "uv": [ 9.5, 1.75, 9.75, 2.25 ], "texture": "#bear" },
				"north": { "uv": [ 9.5, 1.75, 9.75, 2.25 ], "texture": "#bear" },
				"south": { "uv": [ 9.5, 1.75, 9.75, 2.25 ], "texture": "#bear" },
				"west": { "uv": [ 9.5, 1.75, 9.75, 2.25 ], "texture": "#bear" },
				"east": { "uv": [ 9.5, 1.75, 9.75, 2.25 ], "texture": "#bear" }
			}
		},
		{
			"__comment": "Box20",
			"from": [ 3.4108, -4.7053, 4.7296 ],
			"to": [ 4.2578, -3.8583, 6.8471 ],
			"faces": {
				"down": { "uv": [ 9.5, 1.75, 9.75, 2.25 ], "texture": "#bear" },
				"up": { "uv": [ 9.5, 1.75, 9.75, 2.25 ], "texture": "#bear" },
				"north": { "uv": [ 9.5, 1.75, 9.75, 2.25 ], "texture": "#bear" },
				"south": { "uv": [ 9.5, 1.75, 9.75, 2.25 ], "texture": "#bear" },
				"west": { "uv": [ 9.5, 1.75, 9.75, 2.25 ], "texture": "#bear" },
				"east": { "uv": [ 9.5, 1.75, 9.75, 2.25 ], "texture": "#bear" }
			}
		},
		{
			"__comment": "Box20",
			"from": [ 4.6813, -4.7053, 4.7296 ],
			"to": [ 5.5283, -3.8583, 6.8471 ],
			"faces": {
				"down": { "uv": [ 9.5, 1.75, 9.75, 2.25 ], "texture": "#bear" },
				"up": { "uv": [ 9.5, 1.75, 9.75, 2.25 ], "texture": "#bear" },
				"north": { "uv": [ 9.5, 1.75, 9.75, 2.25 ], "texture": "#bear" },
				"south": { "uv": [ 9.5, 1.75, 9.75, 2.25 ], "texture": "#bear" },
				"west": { "uv": [ 9.5, 1.75, 9.75, 2.25 ], "texture": "#bear" },
				"east": { "uv": [ 9.5, 1.75, 9.75, 2.25 ], "texture": "#bear" }
			}
		},
		{
			"__comment": "Box20",
			"from": [ 4.8932, -4.5995, 3.1415 ],
			"to": [ 5.3167, -4.176, 4.8355 ],
			"faces": {
				"down": { "uv": [ 9.5, 1.75, 9.75, 2.25 ], "texture": "#bear" },
				"up": { "uv": [ 9.5, 1.75, 9.75, 2.25 ], "texture": "#bear" },
				"north": { "uv": [ 9.5, 1.75, 9.75, 2.25 ], "texture": "#bear" },
				"south": { "uv": [ 9.5, 1.75, 9.75, 2.25 ], "texture": "#bear" },
				"west": { "uv": [ 9.5, 1.75, 9.75, 2.25 ], "texture": "#bear" },
				"east": { "uv": [ 9.5, 1.75, 9.75, 2.25 ], "texture": "#bear" }
			}
		},
		{
			"__comment": "Box20",
			"from": [ 6.2695, -4.7054, 5.3648 ],
			"to": [ 7.1165, -3.8584, 7.482299 ],
			"faces": {
				"down": { "uv": [ 9.5, 1.75, 9.75, 2.25 ], "texture": "#bear" },
				"up": { "uv": [ 9.5, 1.75, 9.75, 2.25 ], "texture": "#bear" },
				"north": { "uv": [ 9.5, 1.75, 9.75, 2.25 ], "texture": "#bear" },
				"south": { "uv": [ 9.5, 1.75, 9.75, 2.25 ], "texture": "#bear" },
				"west": { "uv": [ 9.5, 1.75, 9.75, 2.25 ], "texture": "#bear" },
				"east": { "uv": [ 9.5, 1.75, 9.75, 2.25 ], "texture": "#bear" }
			}
		},
		{
			"__comment": "Box20",
			"from": [ 6.4813, -4.4936, 3.6708 ],
			"to": [ 6.9048, -4.0701, 5.3648 ],
			"faces": {
				"down": { "uv": [ 9.5, 1.75, 9.75, 2.25 ], "texture": "#bear" },
				"up": { "uv": [ 9.5, 1.75, 9.75, 2.25 ], "texture": "#bear" },
				"north": { "uv": [ 9.5, 1.75, 9.75, 2.25 ], "texture": "#bear" },
				"south": { "uv": [ 9.5, 1.75, 9.75, 2.25 ], "texture": "#bear" },
				"west": { "uv": [ 9.5, 1.75, 9.75, 2.25 ], "texture": "#bear" },
				"east": { "uv": [ 9.5, 1.75, 9.75, 2.25 ], "texture": "#bear" }
			}
		},
		{
			"__comment": "Box20",
			"from": [ 9.1282, -4.7054, 5.3648 ],
			"to": [ 9.9752, -3.8584, 7.482299 ],
			"faces": {
				"down": { "uv": [ 9.5, 1.75, 9.75, 2.25 ], "texture": "#bear" },
				"up": { "uv": [ 9.5, 1.75, 9.75, 2.25 ], "texture": "#bear" },
				"north": { "uv": [ 9.5, 1.75, 9.75, 2.25 ], "texture": "#bear" },
				"south": { "uv": [ 9.5, 1.75, 9.75, 2.25 ], "texture": "#bear" },
				"west": { "uv": [ 9.5, 1.75, 9.75, 2.25 ], "texture": "#bear" },
				"east": { "uv": [ 9.5, 1.75, 9.75, 2.25 ], "texture": "#bear" }
			}
		},
		{
			"__comment": "Box20",
			"from": [ 9.3398, -4.4936, 3.9884 ],
			"to": [ 9.7633, -4.0701, 5.6824 ],
			"faces": {
				"down": { "uv": [ 9.5, 1.75, 9.75, 2.25 ], "texture": "#bear" },
				"up": { "uv": [ 9.5, 1.75, 9.75, 2.25 ], "texture": "#bear" },
				"north": { "uv": [ 9.5, 1.75, 9.75, 2.25 ], "texture": "#bear" },
				"south": { "uv": [ 9.5, 1.75, 9.75, 2.25 ], "texture": "#bear" },
				"west": { "uv": [ 9.5, 1.75, 9.75, 2.25 ], "texture": "#bear" },
				"east": { "uv": [ 9.5, 1.75, 9.75, 2.25 ], "texture": "#bear" }
			}
		},
		{
			"__comment": "Box20",
			"from": [ 10.5045, -4.7053, 4.7296 ],
			"to": [ 11.3515, -3.8583, 6.8471 ],
			"faces": {
				"down": { "uv": [ 9.5, 1.75, 9.75, 2.25 ], "texture": "#bear" },
				"up": { "uv": [ 9.5, 1.75, 9.75, 2.25 ], "texture": "#bear" },
				"north": { "uv": [ 9.5, 1.75, 9.75, 2.25 ], "texture": "#bear" },
				"south": { "uv": [ 9.5, 1.75, 9.75, 2.25 ], "texture": "#bear" },
				"west": { "uv": [ 9.5, 1.75, 9.75, 2.25 ], "texture": "#bear" },
				"east": { "uv": [ 9.5, 1.75, 9.75, 2.25 ], "texture": "#bear" }
			}
		},
		{
			"__comment": "Box20",
			"from": [ 10.7162, -4.5995, 3.1415 ],
			"to": [ 11.1397, -4.176, 4.8355 ],
			"faces": {
				"down": { "uv": [ 9.5, 1.75, 9.75, 2.25 ], "texture": "#bear" },
				"up": { "uv": [ 9.5, 1.75, 9.75, 2.25 ], "texture": "#bear" },
				"north": { "uv": [ 9.5, 1.75, 9.75, 2.25 ], "texture": "#bear" },
				"south": { "uv": [ 9.5, 1.75, 9.75, 2.25 ], "texture": "#bear" },
				"west": { "uv": [ 9.5, 1.75, 9.75, 2.25 ], "texture": "#bear" },
				"east": { "uv": [ 9.5, 1.75, 9.75, 2.25 ], "texture": "#bear" }
			}
		},
		{
			"__comment": "Box20",
			"from": [ 11.8808, -4.7053, 4.7296 ],
			"to": [ 12.7278, -3.8583, 6.8471 ],
			"faces": {
				"down": { "uv": [ 9.5, 1.75, 9.75, 2.25 ], "texture": "#bear" },
				"up": { "uv": [ 9.5, 1.75, 9.75, 2.25 ], "texture": "#bear" },
				"north": { "uv": [ 9.5, 1.75, 9.75, 2.25 ], "texture": "#bear" },
				"south": { "uv": [ 9.5, 1.75, 9.75, 2.25 ], "texture": "#bear" },
				"west": { "uv": [ 9.5, 1.75, 9.75, 2.25 ], "texture": "#bear" },
				"east": { "uv": [ 9.5, 1.75, 9.75, 2.25 ], "texture": "#bear" }
			}
		},
		{
			"__comment": "Box20",
			"from": [ 12.0927, -4.5995, 3.1415 ],
			"to": [ 12.5162, -4.176, 4.8355 ],
			"faces": {
				"down": { "uv": [ 9.5, 1.75, 9.75, 2.25 ], "texture": "#bear" },
				"up": { "uv": [ 9.5, 1.75, 9.75, 2.25 ], "texture": "#bear" },
				"north": { "uv": [ 9.5, 1.75, 9.75, 2.25 ], "texture": "#bear" },
				"south": { "uv": [ 9.5, 1.75, 9.75, 2.25 ], "texture": "#bear" },
				"west": { "uv": [ 9.5, 1.75, 9.75, 2.25 ], "texture": "#bear" },
				"east": { "uv": [ 9.5, 1.75, 9.75, 2.25 ], "texture": "#bear" }
			}
		},
		{
			"__comment": "Box20",
			"from": [ 13.1514, -4.7053, 4.7296 ],
			"to": [ 13.9984, -3.8583, 6.8471 ],
			"faces": {
				"down": { "uv": [ 9.5, 1.75, 9.75, 2.25 ], "texture": "#bear" },
				"up": { "uv": [ 9.5, 1.75, 9.75, 2.25 ], "texture": "#bear" },
				"north": { "uv": [ 9.5, 1.75, 9.75, 2.25 ], "texture": "#bear" },
				"south": { "uv": [ 9.5, 1.75, 9.75, 2.25 ], "texture": "#bear" },
				"west": { "uv": [ 9.5, 1.75, 9.75, 2.25 ], "texture": "#bear" },
				"east": { "uv": [ 9.5, 1.75, 9.75, 2.25 ], "texture": "#bear" }
			}
		},
		{
			"__comment": "Box20",
			"from": [ 13.3632, -4.5995, 3.1415 ],
			"to": [ 13.7867, -4.176, 4.8355 ],
			"faces": {
				"down": { "uv": [ 9.5, 1.75, 9.75, 2.25 ], "texture": "#bear" },
				"up": { "uv": [ 9.5, 1.75, 9.75, 2.25 ], "texture": "#bear" },
				"north": { "uv": [ 9.5, 1.75, 9.75, 2.25 ], "texture": "#bear" },
				"south": { "uv": [ 9.5, 1.75, 9.75, 2.25 ], "texture": "#bear" },
				"west": { "uv": [ 9.5, 1.75, 9.75, 2.25 ], "texture": "#bear" },
				"east": { "uv": [ 9.5, 1.75, 9.75, 2.25 ], "texture": "#bear" }
			}
		},
		{
			"__comment": "Box52",
			"from": [ 9.5517, 9.4819, 0.7063 ],
			"to": [ 10.8222, 10.7524, 1.1298 ],
			"rotation": { "origin": [ 9.551625, 9.48186, 0.7063751 ], "axis": "z", "angle": -22.5 },
			"faces": {
				"down": { "uv": [ 11, 3, 11.25, 3.25 ], "texture": "#bear" },
				"up": { "uv": [ 11, 2.75, 11.25, 3 ], "texture": "#bear" },
				"north": { "uv": [ 11, 2.5, 11.25, 2.75 ], "texture": "#bear" },
				"south": { "uv": [ 11, 2.25, 11.25, 2.5 ], "texture": "#bear" },
				"west": { "uv": [ 11, 2, 11.25, 2.25 ], "texture": "#bear" },
				"east": { "uv": [ 11, 1.75, 11.25, 2 ], "texture": "#bear" }
			}
		},
		{
			"__comment": "Box52",
			"from": [ 5.2108, 9.0584, 0.7063 ],
			"to": [ 6.4813, 10.3289, 1.1298 ],
			"rotation": { "origin": [ 5.21075, 9.05836, 0.7063751 ], "axis": "z", "angle": 22.5 },
			"faces": {
				"down": { "uv": [ 11, 1.5, 11.25, 1.75 ], "texture": "#bear" },
				"up": { "uv": [ 11, 1.25, 11.25, 1.5 ], "texture": "#bear" },
				"north": { "uv": [ 11, 1, 11.25, 1.25 ], "texture": "#bear" },
				"south": { "uv": [ 11, 0.75, 11.25, 1 ], "texture": "#bear" },
				"west": { "uv": [ 11, 0.5, 11.25, 0.75 ], "texture": "#bear" },
				"east": { "uv": [ 11, 0.25, 11.25, 0.5 ], "texture": "#bear" }
			}
		},
		{
			"__comment": "Box1",
			"from": [ 6.693, 5.8821, -4.4815 ],
			"to": [ 9.233999, 7.999599, -1.093497 ],
			"faces": {
				"down": { "uv": [ 8.75, 0.75, 9.5, 1.75 ], "texture": "#bear" },
				"up": { "uv": [ 8.75, 2.75, 9.5, 3.75 ], "texture": "#bear" },
				"north": { "uv": [ 9.75, 4, 10.5, 4.75 ], "texture": "#bear" },
				"south": { "uv": [ 9.75, 4.75, 10.5, 5.5 ], "texture": "#bear" },
				"west": { "uv": [ 8.75, 2.75, 9.5, 3.75 ], "texture": "#bear", "rotation": 90 },
				"east": { "uv": [ 8.75, 2.75, 9.5, 3.75 ], "texture": "#bear", "rotation": 90 }
			}
		},
		{
			"__comment": "Box55",
			"from": [ 7.6415, 5.9749, 12.1855 ],
			"to": [ 8.3415, 9.1249, 14.9855 ],
			"faces": {
				"down": { "uv": [ 0, 14.625, 1.5, 16 ], "texture": "#bear" },
				"up": { "uv": [ 0, 14.625, 1.5, 16 ], "texture": "#bear" },
				"north": { "uv": [ 0, 14.625, 1.5, 16 ], "texture": "#bear" },
				"south": { "uv": [ 0, 14.625, 1.5, 16 ], "texture": "#bear" },
				"west": { "uv": [ 0, 14.625, 1.5, 16 ], "texture": "#bear" },
				"east": { "uv": [ 0, 14.625, 1.5, 16 ], "texture": "#bear" }
			}
		}
	],
	"display": {
		"thirdperson_righthand": {
			"rotation":  [ 72, -2, 0 ],
			"translation":  [ 0, 2.0869, 0 ],
			"scale":  [ 0.5, 0.5, 0.5 ]
		},
		"thirdperson_lefthand": {
			"rotation":  [ 72, -2, 0 ],
			"translation":  [ 0, 2.0869, 0 ],
			"scale":  [ 0.5, 0.5, 0.5 ]
		},
		"firstperson_righthand": {
			"translation":  [ 4.1739, 0, -6.956 ],
			"scale":  [ 0.5, 0.5, 0.5 ]
		},
		"firstperson_lefthand": {
			"translation":  [ 4.1739, 0, -6.956 ],
			"scale":  [ 0.5, 0.5, 0.5 ]
		},
		"gui": {
			"rotation":  [ 16, 135, 0 ],
			"scale":  [ 0.3, 0.3, 0.3 ]
		},
		"head": {
			"translation":  [ 0.0011, 11.825, -2.782 ],
			"scale":  [ 4, 4, 4 ]
		},
		"ground": {
			"translation":  [ 0, 5.5652, 0 ],
			"scale":  [ 0.5, 0.5, 0.5 ]
		},
		"fixed": {
			"rotation":  [ -90, 0, 0 ],
			"translation":  [ 0, -4.173, -29.2 ],
			"scale":  [ 2, 2, 2 ]
		}
	}
}