{
	"__comment": "Cubik Studio - https://cubik.studio",
	"textures": {
		"bear": "item/bear"
	},
	"elements": [ 	 
		{
			"__comment": "Box1",
			"from": [ 2.4278, 3.794, 16.2419 ],
			"to": [ 13.0153, 13.111, 21.7474 ],
			"rotation": { "origin": [ 4.65116, 8.994339, 1.668373 ], "axis": "x", "angle": 0 },
			"faces": {
				"down": { "uv": [ 5.5, 11.75, 8.5, 13.25 ], "texture": "#bear" },
				"up": { "uv": [ 5.5, 11.75, 8.5, 13.25 ], "texture": "#bear" },
				"north": { "uv": [ 0, 12, 3, 14.75 ], "texture": "#bear" },
				"south": { "uv": [ 3, 13.25, 6, 16 ], "texture": "#bear" },
				"west": { "uv": [ 14, 13.25, 15.5, 16 ], "texture": "#bear" },
				"east": { "uv": [ 15.5, 13.25, 14, 16 ], "texture": "#bear" }
			}
		},
		{
			"__comment": "Box1",
			"from": [ 6.2392, 6.1592, 0.3688 ],
			"to": [ 8.780199, 9.547199, 0.7923 ],
			"rotation": { "origin": [ 4.65116, 10.49434, -0.08162689 ], "axis": "x", "angle": 45 },
			"faces": {
				"down": { "uv": [ 8.75, 13.5, 8, 13.25 ], "texture": "#bear" },
				"up": { "uv": [ 8.75, 13.25, 9.5, 13.5 ], "texture": "#bear" },
				"north": { "uv": [ 16, 8, 15.25, 7 ], "texture": "#bear" },
				"south": { "uv": [ 8.75, 1.75, 9.5, 2.75 ], "texture": "#bear" },
				"west": { "uv": [ 6, 13.25, 7, 13.5 ], "texture": "#bear", "rotation": 270 },
				"east": { "uv": [ 7, 13.25, 8, 13.5 ], "texture": "#bear", "rotation": 90 }
			}
		},
		{
			"__comment": "Box1",
			"from": [ 4.9504, 10.3109, -0.5843 ],
			"to": [ 10.0324, 14.9694, 1.9567 ],
			"rotation": { "origin": [ 4.65116, 10.49434, -0.08162689 ], "axis": "x", "angle": 22.5 },
			"faces": {
				"down": { "uv": [ 6.75, 10.5, 8.25, 11.75 ], "texture": "#bear" },
				"up": { "uv": [ 6.75, 10.5, 8.25, 11.75 ], "texture": "#bear" },
				"north": { "uv": [ 2.5, 3.25, 4, 4.5 ], "texture": "#bear" },
				"south": { "uv": [ 2.5, 4.5, 4, 5.75 ], "texture": "#bear" },
				"west": { "uv": [ 4, 7.25, 5.25, 8.75 ], "texture": "#bear" },
				"east": { "uv": [ 5.25, 7.25, 4, 8.75 ], "texture": "#bear" }
			}
		},
		{
			"__comment": "Box1",
			"from": [ 11.8331, 5.3531, 3.4978 ],
			"to": [ 15.2211, 10.0116, 6.8858 ],
			"rotation": { "origin": [ 4.65116, 7.369339, 1.918373 ], "axis": "x", "angle": 22.5 },
			"faces": {
				"down": { "uv": [ 7.75, 0.5, 8.75, 1.5 ], "texture": "#bear" },
				"up": { "uv": [ 8.75, 6, 9.75, 7 ], "texture": "#bear" },
				"north": { "uv": [ 10.75, 8, 11.75, 9.25 ], "texture": "#bear" },
				"south": { "uv": [ 10.75, 8, 11.75, 9.25 ], "texture": "#bear" },
				"west": { "uv": [ 8.75, 8, 9.75, 9.25 ], "texture": "#bear" },
				"east": { "uv": [ 9.75, 8, 8.75, 9.25 ], "texture": "#bear" }
			}
		},
		{
			"__comment": "Box1",
			"from": [ 4.6512, 9.3424, 1.9396 ],
			"to": [ 10.1567, 14.4244, 6.5981 ],
			"faces": {
				"down": { "uv": [ 6.75, 10.5, 8.25, 11.75 ], "texture": "#bear" },
				"up": { "uv": [ 6.75, 10.5, 8.25, 11.75 ], "texture": "#bear" },
				"north": { "uv": [ 14, 11.75, 15.5, 13.25 ], "texture": "#bear" },
				"south": { "uv": [ 2.5, 5.75, 4, 7.25 ], "texture": "#bear" },
				"west": { "uv": [ 4, 7.25, 5.25, 8.75 ], "texture": "#bear" },
				"east": { "uv": [ 5.25, 7.25, 4, 8.75 ], "texture": "#bear" }
			}
		},
		{
			"__comment": "Box1",
			"from": [ 3.063, 7.0245, 5.2929 ],
			"to": [ 11.9565, 15.071, 10.7984 ],
			"rotation": { "origin": [ 4.65116, 8.994339, 1.668373 ], "axis": "x", "angle": 0 },
			"faces": {
				"down": { "uv": [ 0, 6.75, 2.5, 8.25 ], "texture": "#bear" },
				"up": { "uv": [ 0, 6.75, 2.5, 8.25 ], "texture": "#bear" },
				"north": { "uv": [ 11.5, 13.75, 14, 16 ], "texture": "#bear" },
				"south": { "uv": [ 0, 11, 2.5, 13.25 ], "texture": "#bear" },
				"west": { "uv": [ 2.5, 9.5, 4, 11.75 ], "texture": "#bear" },
				"east": { "uv": [ 4, 9.5, 2.5, 11.75 ], "texture": "#bear" }
			}
		},
		{
			"__comment": "Box1",
			"from": [ 2.8513, 5.5083, 10.7705 ],
			"to": [ 12.5918, 13.9783, 16.276 ],
			"rotation": { "origin": [ 4.65116, 8.994339, 1.668373 ], "axis": "x", "angle": 0 },
			"faces": {
				"down": { "uv": [ 11.25, 11.75, 14, 13.25 ], "texture": "#bear" },
				"up": { "uv": [ 11.25, 11.75, 14, 13.25 ], "texture": "#bear" },
				"north": { "uv": [ 6, 13.5, 8.75, 16 ], "texture": "#bear" },
				"south": { "uv": [ 8.75, 13.5, 11.5, 16 ], "texture": "#bear" },
				"west": { "uv": [ 0, 2.75, 1.5, 5.25 ], "texture": "#bear" },
				"east": { "uv": [ 1.5, 2.75, 0, 5.25 ], "texture": "#bear" }
			}
		},
		{
			"__comment": "Box1",
			"from": [ 4.8629, 9.1265, -1.294 ],
			"to": [ 10.3684, 13.785, 2.517498 ],
			"rotation": { "origin": [ 4.65116, 10.49434, -0.08162689 ], "axis": "x", "angle": -22.5 },
			"faces": {
				"down": { "uv": [ 9, 7, 10.25, 8 ], "texture": "#bear" },
				"up": { "uv": [ 9, 7, 10.25, 8 ], "texture": "#bear" },
				"north": { "uv": [ 6.5, 9.25, 7.75, 10.5 ], "texture": "#bear" },
				"south": { "uv": [ 7.75, 9.25, 9, 10.5 ], "texture": "#bear" },
				"west": { "uv": [ 7.75, 5.75, 8.75, 7 ], "texture": "#bear" },
				"east": { "uv": [ 8.75, 5.75, 7.75, 7 ], "texture": "#bear" }
			}
		},
		{
			"__comment": "Box1",
			"from": [ 9.6272, -1.7667, 18.8048 ],
			"to": [ 13.0152, 2.8918, 22.1928 ],
			"faces": {
				"down": { "uv": [ 7.75, 2.5, 8.75, 3.5 ], "texture": "#bear" },
				"up": { "uv": [ 7.75, 1.5, 8.75, 2.5 ], "texture": "#bear" },
				"north": { "uv": [ 14.5, 10.5, 15.75, 11.75 ], "texture": "#bear" },
				"south": { "uv": [ 14.5, 10.5, 15.75, 11.75 ], "texture": "#bear" },
				"west": { "uv": [ 1.5, 2.75, 2.5, 4 ], "texture": "#bear" },
				"east": { "uv": [ 2.5, 2.75, 1.5, 4 ], "texture": "#bear" }
			}
		},
		{
			"__comment": "Box1",
			"from": [ 9.3096, 2.3623, 18.0636 ],
			"to": [ 13.5446, 6.5973, 22.7221 ],
			"faces": {
				"down": { "uv": [ 14, 9.25, 15.25, 10.5 ], "texture": "#bear" },
				"up": { "uv": [ 6.5, 8, 7.75, 9.25 ], "texture": "#bear" },
				"north": { "uv": [ 14.5, 10.5, 15.75, 11.75 ], "texture": "#bear" },
				"south": { "uv": [ 14.5, 10.5, 15.75, 11.75 ], "texture": "#bear" },
				"west": { "uv": [ 6.5, 9.25, 5.25, 10.5 ], "texture": "#bear" },
				"east": { "uv": [ 6.5, 9.25, 5.25, 10.5 ], "texture": "#bear" }
			}
		},
		{
			"__comment": "Box1",
			"from": [ 10.4655, 8.571199, 2.967 ],
			"to": [ 14.7005, 12.8062, 7.201999 ],
			"rotation": { "origin": [ 4.65116, 7.369339, 1.918373 ], "axis": "x", "angle": 22.5 },
			"faces": {
				"down": { "uv": [ 4, 4.5, 5.25, 5.75 ], "texture": "#bear" },
				"up": { "uv": [ 4, 3.25, 5.25, 4.5 ], "texture": "#bear" },
				"north": { "uv": [ 5.25, 4.25, 6.5, 5.5 ], "texture": "#bear" },
				"south": { "uv": [ 5.25, 4.25, 6.5, 5.5 ], "texture": "#bear" },
				"west": { "uv": [ 6.5, 1.75, 5.25, 3 ], "texture": "#bear" },
				"east": { "uv": [ 6.5, 1.75, 5.25, 3 ], "texture": "#bear" }
			}
		},
		{
			"__comment": "Box1",
			"from": [ 9.3096, -2.2961, 16.5814 ],
			"to": [ 13.5446, -0.6020999, 21.6634 ],
			"faces": {
				"down": { "uv": [ 10.75, 8, 11.75, 9.25 ], "texture": "#bear" },
				"up": { "uv": [ 10.75, 8, 11.75, 9.25 ], "texture": "#bear" },
				"north": { "uv": [ 10.75, 8, 11.75, 9.25 ], "texture": "#bear" },
				"south": { "uv": [ 10.75, 8, 11.75, 9.25 ], "texture": "#bear" },
				"west": { "uv": [ 10.75, 8, 11.75, 9.25 ], "texture": "#bear" },
				"east": { "uv": [ 10.75, 8, 11.75, 9.25 ], "texture": "#bear" }
			}
		},
		{
			"__comment": "Box1",
			"from": [ 0.4476, 5.1146, 0.9065 ],
			"to": [ 3.8356, 8.502601, 5.565 ],
			"rotation": { "origin": [ 4.65116, 6.494339, 1.668373 ], "axis": "x", "angle": -22.5 },
			"faces": {
				"down": { "uv": [ 9.75, 8, 10.75, 9.25 ], "texture": "#bear" },
				"up": { "uv": [ 11.75, 9.25, 10.75, 8 ], "texture": "#bear" },
				"north": { "uv": [ 14.25, 8, 13.25, 7 ], "texture": "#bear" },
				"south": { "uv": [ 8.75, 5, 9.75, 6 ], "texture": "#bear" },
				"west": { "uv": [ 8.75, 8, 9.75, 9.25 ], "texture": "#bear", "rotation": 90 },
				"east": { "uv": [ 8.75, 8, 9.75, 9.25 ], "texture": "#bear", "rotation": 270 }
			}
		},
		{
			"__comment": "Box1",
			"from": [ 2.1101, -1.7667, 18.8048 ],
			"to": [ 5.4981, 2.8918, 22.1928 ],
			"faces": {
				"down": { "uv": [ 7.75, 3.5, 8.75, 4.5 ], "texture": "#bear" },
				"up": { "uv": [ 14.25, 7, 15.25, 8 ], "texture": "#bear" },
				"north": { "uv": [ 14.5, 10.5, 15.75, 11.75 ], "texture": "#bear" },
				"south": { "uv": [ 14.5, 10.5, 15.75, 11.75 ], "texture": "#bear" },
				"west": { "uv": [ 1.5, 2.75, 2.5, 4 ], "texture": "#bear" },
				"east": { "uv": [ 1.5, 2.75, 2.5, 4 ], "texture": "#bear" }
			}
		},
		{
			"__comment": "Box1",
			"from": [ 1.7925, 2.3623, 18.0636 ],
			"to": [ 6.0275, 6.5973, 22.7221 ],
			"faces": {
				"down": { "uv": [ 10.75, 10.5, 12, 11.75 ], "texture": "#bear" },
				"up": { "uv": [ 12, 10.5, 13.25, 11.75 ], "texture": "#bear" },
				"north": { "uv": [ 14.5, 10.5, 15.75, 11.75 ], "texture": "#bear" },
				"south": { "uv": [ 14.5, 10.5, 15.75, 11.75 ], "texture": "#bear" },
				"west": { "uv": [ 5.25, 9.25, 6.5, 10.5 ], "texture": "#bear" },
				"east": { "uv": [ 5.25, 9.25, 6.5, 10.5 ], "texture": "#bear" }
			}
		},
		{
			"__comment": "Box1",
			"from": [ 0.655, 4.7984, 4.1246 ],
			"to": [ 4.89, 9.0334, 8.3596 ],
			"rotation": { "origin": [ 4.65116, 6.494339, 1.668373 ], "axis": "x", "angle": -22.5 },
			"faces": {
				"down": { "uv": [ 5.25, 4.25, 6.5, 5.5 ], "texture": "#bear" },
				"up": { "uv": [ 6.5, 5.5, 5.25, 4.25 ], "texture": "#bear" },
				"north": { "uv": [ 6.5, 8, 5.25, 6.75 ], "texture": "#bear" },
				"south": { "uv": [ 5.25, 5.5, 6.5, 6.75 ], "texture": "#bear" },
				"west": { "uv": [ 5.25, 1.75, 6.5, 3 ], "texture": "#bear", "rotation": 90 },
				"east": { "uv": [ 5.25, 1.75, 6.5, 3 ], "texture": "#bear", "rotation": 270 }
			}
		},
		{
			"__comment": "Box1",
			"from": [ 1.7925, -2.2961, 16.5814 ],
			"to": [ 6.0275, -0.6020999, 21.6634 ],
			"faces": {
				"down": { "uv": [ 10.75, 8, 11.75, 9.25 ], "texture": "#bear" },
				"up": { "uv": [ 10.75, 8, 11.75, 9.25 ], "texture": "#bear" },
				"north": { "uv": [ 10.75, 8, 11.75, 9.25 ], "texture": "#bear" },
				"south": { "uv": [ 10.75, 8, 11.75, 9.25 ], "texture": "#bear" },
				"west": { "uv": [ 10.75, 8, 11.75, 9.25 ], "texture": "#bear" },
				"east": { "uv": [ 10.75, 8, 11.75, 9.25 ], "texture": "#bear" }
			}
		},
		{
			"__comment": "Box1",
			"from": [ -0.22, 5.5137, -2.071 ],
			"to": [ 4.015, 7.2077, 2.163999 ],
			"rotation": { "origin": [ 4.65116, 6.494339, 1.668373 ], "axis": "x", "angle": 0 },
			"faces": {
				"down": { "uv": [ 10.75, 8, 11.75, 9.25 ], "texture": "#bear" },
				"up": { "uv": [ 10.75, 8, 11.75, 9.25 ], "texture": "#bear" },
				"north": { "uv": [ 10.75, 8, 11.75, 9.25 ], "texture": "#bear" },
				"south": { "uv": [ 10.75, 8, 11.75, 9.25 ], "texture": "#bear" },
				"west": { "uv": [ 10.75, 8, 11.75, 9.25 ], "texture": "#bear" },
				"east": { "uv": [ 10.75, 8, 11.75, 9.25 ], "texture": "#bear" }
			}
		},
		{
			"__comment": "Box1",
			"from": [ 11.9346, 1.3782, 4.4257 ],
			"to": [ 16.1696, 5.6132, 6.119699 ],
			"rotation": { "origin": [ 4.65116, 7.369339, 1.918373 ], "axis": "x", "angle": 22.5 },
			"faces": {
				"down": { "uv": [ 11.75, 9.25, 10.75, 8 ], "texture": "#bear" },
				"up": { "uv": [ 10.75, 8, 11.75, 9.25 ], "texture": "#bear" },
				"north": { "uv": [ 11.75, 9.25, 10.75, 8 ], "texture": "#bear" },
				"south": { "uv": [ 10.75, 8, 11.75, 9.25 ], "texture": "#bear" },
				"west": { "uv": [ 10.75, 8, 11.75, 9.25 ], "texture": "#bear", "rotation": 270 },
				"east": { "uv": [ 10.75, 8, 11.75, 9.25 ], "texture": "#bear", "rotation": 90 }
			}
		},
		{
			"__comment": "Box20",
			"from": [ 8.674399, -1.9785, 15.4167 ],
			"to": [ 9.521399, -1.1315, 17.5342 ],
			"faces": {
				"down": { "uv": [ 9.5, 1.75, 9.75, 2.25 ], "texture": "#bear" },
				"up": { "uv": [ 9.5, 1.75, 9.75, 2.25 ], "texture": "#bear" },
				"north": { "uv": [ 9.5, 1.75, 9.75, 2.25 ], "texture": "#bear" },
				"south": { "uv": [ 9.5, 1.75, 9.75, 2.25 ], "texture": "#bear" },
				"west": { "uv": [ 9.5, 1.75, 9.75, 2.25 ], "texture": "#bear" },
				"east": { "uv": [ 9.5, 1.75, 9.75, 2.25 ], "texture": "#bear" }
			}
		},
		{
			"__comment": "Box20",
			"from": [ 8.8861, -1.7667, 13.7227 ],
			"to": [ 9.3096, -1.3432, 15.4167 ],
			"faces": {
				"down": { "uv": [ 9.5, 1.75, 9.75, 2.25 ], "texture": "#bear" },
				"up": { "uv": [ 9.5, 1.75, 9.75, 2.25 ], "texture": "#bear" },
				"north": { "uv": [ 9.5, 1.75, 9.75, 2.25 ], "texture": "#bear" },
				"south": { "uv": [ 9.5, 1.75, 9.75, 2.25 ], "texture": "#bear" },
				"west": { "uv": [ 9.5, 1.75, 9.75, 2.25 ], "texture": "#bear" },
				"east": { "uv": [ 9.5, 1.75, 9.75, 2.25 ], "texture": "#bear" }
			}
		},
		{
			"__comment": "Box20",
			"from": [ 11.4271, -1.9785, 14.7815 ],
			"to": [ 12.2741, -1.1315, 16.899 ],
			"faces": {
				"down": { "uv": [ 9.5, 1.75, 9.75, 2.25 ], "texture": "#bear" },
				"up": { "uv": [ 9.5, 1.75, 9.75, 2.25 ], "texture": "#bear" },
				"north": { "uv": [ 9.5, 1.75, 9.75, 2.25 ], "texture": "#bear" },
				"south": { "uv": [ 9.5, 1.75, 9.75, 2.25 ], "texture": "#bear" },
				"west": { "uv": [ 9.5, 1.75, 9.75, 2.25 ], "texture": "#bear" },
				"east": { "uv": [ 9.5, 1.75, 9.75, 2.25 ], "texture": "#bear" }
			}
		},
		{
			"__comment": "Box20",
			"from": [ 12.6977, -1.9785, 14.7815 ],
			"to": [ 13.5447, -1.1315, 16.899 ],
			"faces": {
				"down": { "uv": [ 9.5, 1.75, 9.75, 2.25 ], "texture": "#bear" },
				"up": { "uv": [ 9.5, 1.75, 9.75, 2.25 ], "texture": "#bear" },
				"north": { "uv": [ 9.5, 1.75, 9.75, 2.25 ], "texture": "#bear" },
				"south": { "uv": [ 9.5, 1.75, 9.75, 2.25 ], "texture": "#bear" },
				"west": { "uv": [ 9.5, 1.75, 9.75, 2.25 ], "texture": "#bear" },
				"east": { "uv": [ 9.5, 1.75, 9.75, 2.25 ], "texture": "#bear" }
			}
		},
		{
			"__comment": "Box20",
			"from": [ 10.0508, -1.9785, 14.7815 ],
			"to": [ 10.8978, -1.1315, 16.899 ],
			"faces": {
				"down": { "uv": [ 9.5, 1.75, 9.75, 2.25 ], "texture": "#bear" },
				"up": { "uv": [ 9.5, 1.75, 9.75, 2.25 ], "texture": "#bear" },
				"north": { "uv": [ 9.5, 1.75, 9.75, 2.25 ], "texture": "#bear" },
				"south": { "uv": [ 9.5, 1.75, 9.75, 2.25 ], "texture": "#bear" },
				"west": { "uv": [ 9.5, 1.75, 9.75, 2.25 ], "texture": "#bear" },
				"east": { "uv": [ 9.5, 1.75, 9.75, 2.25 ], "texture": "#bear" }
			}
		},
		{
			"__comment": "Box20",
			"from": [ 10.2625, -1.8727, 13.1934 ],
			"to": [ 10.686, -1.4492, 14.8874 ],
			"faces": {
				"down": { "uv": [ 9.5, 1.75, 9.75, 2.25 ], "texture": "#bear" },
				"up": { "uv": [ 9.5, 1.75, 9.75, 2.25 ], "texture": "#bear" },
				"north": { "uv": [ 9.5, 1.75, 9.75, 2.25 ], "texture": "#bear" },
				"south": { "uv": [ 9.5, 1.75, 9.75, 2.25 ], "texture": "#bear" },
				"west": { "uv": [ 9.5, 1.75, 9.75, 2.25 ], "texture": "#bear" },
				"east": { "uv": [ 9.5, 1.75, 9.75, 2.25 ], "texture": "#bear" }
			}
		},
		{
			"__comment": "Box20",
			"from": [ 11.6389, -1.8727, 13.1934 ],
			"to": [ 12.0624, -1.4492, 14.8874 ],
			"faces": {
				"down": { "uv": [ 9.5, 1.75, 9.75, 2.25 ], "texture": "#bear" },
				"up": { "uv": [ 9.5, 1.75, 9.75, 2.25 ], "texture": "#bear" },
				"north": { "uv": [ 9.5, 1.75, 9.75, 2.25 ], "texture": "#bear" },
				"south": { "uv": [ 9.5, 1.75, 9.75, 2.25 ], "texture": "#bear" },
				"west": { "uv": [ 9.5, 1.75, 9.75, 2.25 ], "texture": "#bear" },
				"east": { "uv": [ 9.5, 1.75, 9.75, 2.25 ], "texture": "#bear" }
			}
		},
		{
			"__comment": "Box20",
			"from": [ 12.9094, -1.8727, 13.1934 ],
			"to": [ 13.3329, -1.4492, 14.8874 ],
			"faces": {
				"down": { "uv": [ 9.5, 1.75, 9.75, 2.25 ], "texture": "#bear" },
				"up": { "uv": [ 9.5, 1.75, 9.75, 2.25 ], "texture": "#bear" },
				"north": { "uv": [ 9.5, 1.75, 9.75, 2.25 ], "texture": "#bear" },
				"south": { "uv": [ 9.5, 1.75, 9.75, 2.25 ], "texture": "#bear" },
				"west": { "uv": [ 9.5, 1.75, 9.75, 2.25 ], "texture": "#bear" },
				"east": { "uv": [ 9.5, 1.75, 9.75, 2.25 ], "texture": "#bear" }
			}
		},
		{
			"__comment": "Box20",
			"from": [ 1.5808, -1.9785, 14.7815 ],
			"to": [ 2.4278, -1.1315, 16.899 ],
			"faces": {
				"down": { "uv": [ 9.5, 1.75, 9.75, 2.25 ], "texture": "#bear" },
				"up": { "uv": [ 9.5, 1.75, 9.75, 2.25 ], "texture": "#bear" },
				"north": { "uv": [ 9.5, 1.75, 9.75, 2.25 ], "texture": "#bear" },
				"south": { "uv": [ 9.5, 1.75, 9.75, 2.25 ], "texture": "#bear" },
				"west": { "uv": [ 9.5, 1.75, 9.75, 2.25 ], "texture": "#bear" },
				"east": { "uv": [ 9.5, 1.75, 9.75, 2.25 ], "texture": "#bear" }
			}
		},
		{
			"__comment": "Box20",
			"from": [ 1.7925, -1.8727, 13.1934 ],
			"to": [ 2.216, -1.4492, 14.8874 ],
			"faces": {
				"down": { "uv": [ 9.5, 1.75, 9.75, 2.25 ], "texture": "#bear" },
				"up": { "uv": [ 9.5, 1.75, 9.75, 2.25 ], "texture": "#bear" },
				"north": { "uv": [ 9.5, 1.75, 9.75, 2.25 ], "texture": "#bear" },
				"south": { "uv": [ 9.5, 1.75, 9.75, 2.25 ], "texture": "#bear" },
				"west": { "uv": [ 9.5, 1.75, 9.75, 2.25 ], "texture": "#bear" },
				"east": { "uv": [ 9.5, 1.75, 9.75, 2.25 ], "texture": "#bear" }
			}
		},
		{
			"__comment": "Box20",
			"from": [ 2.9571, -1.9785, 14.7815 ],
			"to": [ 3.8041, -1.1315, 16.899 ],
			"faces": {
				"down": { "uv": [ 9.5, 1.75, 9.75, 2.25 ], "texture": "#bear" },
				"up": { "uv": [ 9.5, 1.75, 9.75, 2.25 ], "texture": "#bear" },
				"north": { "uv": [ 9.5, 1.75, 9.75, 2.25 ], "texture": "#bear" },
				"south": { "uv": [ 9.5, 1.75, 9.75, 2.25 ], "texture": "#bear" },
				"west": { "uv": [ 9.5, 1.75, 9.75, 2.25 ], "texture": "#bear" },
				"east": { "uv": [ 9.5, 1.75, 9.75, 2.25 ], "texture": "#bear" }
			}
		},
		{
			"__comment": "Box20",
			"from": [ 3.1689, -1.8727, 13.1934 ],
			"to": [ 3.5924, -1.4492, 14.8874 ],
			"faces": {
				"down": { "uv": [ 9.5, 1.75, 9.75, 2.25 ], "texture": "#bear" },
				"up": { "uv": [ 9.5, 1.75, 9.75, 2.25 ], "texture": "#bear" },
				"north": { "uv": [ 9.5, 1.75, 9.75, 2.25 ], "texture": "#bear" },
				"south": { "uv": [ 9.5, 1.75, 9.75, 2.25 ], "texture": "#bear" },
				"west": { "uv": [ 9.5, 1.75, 9.75, 2.25 ], "texture": "#bear" },
				"east": { "uv": [ 9.5, 1.75, 9.75, 2.25 ], "texture": "#bear" }
			}
		},
		{
			"__comment": "Box20",
			"from": [ 4.4394, -1.8727, 13.1934 ],
			"to": [ 4.8629, -1.4492, 14.8874 ],
			"faces": {
				"down": { "uv": [ 9.5, 1.75, 9.75, 2.25 ], "texture": "#bear" },
				"up": { "uv": [ 9.5, 1.75, 9.75, 2.25 ], "texture": "#bear" },
				"north": { "uv": [ 9.5, 1.75, 9.75, 2.25 ], "texture": "#bear" },
				"south": { "uv": [ 9.5, 1.75, 9.75, 2.25 ], "texture": "#bear" },
				"west": { "uv": [ 9.5, 1.75, 9.75, 2.25 ], "texture": "#bear" },
				"east": { "uv": [ 9.5, 1.75, 9.75, 2.25 ], "texture": "#bear" }
			}
		},
		{
			"__comment": "Box20",
			"from": [ 4.2276, -1.9785, 14.7815 ],
			"to": [ 5.0746, -1.1315, 16.899 ],
			"faces": {
				"down": { "uv": [ 9.5, 1.75, 9.75, 2.25 ], "texture": "#bear" },
				"up": { "uv": [ 9.5, 1.75, 9.75, 2.25 ], "texture": "#bear" },
				"north": { "uv": [ 9.5, 1.75, 9.75, 2.25 ], "texture": "#bear" },
				"south": { "uv": [ 9.5, 1.75, 9.75, 2.25 ], "texture": "#bear" },
				"west": { "uv": [ 9.5, 1.75, 9.75, 2.25 ], "texture": "#bear" },
				"east": { "uv": [ 9.5, 1.75, 9.75, 2.25 ], "texture": "#bear" }
			}
		},
		{
			"__comment": "Box20",
			"from": [ 5.8158, -1.9785, 15.4167 ],
			"to": [ 6.6628, -1.1315, 17.5342 ],
			"faces": {
				"down": { "uv": [ 9.5, 1.75, 9.75, 2.25 ], "texture": "#bear" },
				"up": { "uv": [ 9.5, 1.75, 9.75, 2.25 ], "texture": "#bear" },
				"north": { "uv": [ 9.5, 1.75, 9.75, 2.25 ], "texture": "#bear" },
				"south": { "uv": [ 9.5, 1.75, 9.75, 2.25 ], "texture": "#bear" },
				"west": { "uv": [ 9.5, 1.75, 9.75, 2.25 ], "texture": "#bear" },
				"east": { "uv": [ 9.5, 1.75, 9.75, 2.25 ], "texture": "#bear" }
			}
		},
		{
			"__comment": "Box20",
			"from": [ 6.0275, -1.7667, 13.7227 ],
			"to": [ 6.451, -1.3432, 15.4167 ],
			"faces": {
				"down": { "uv": [ 9.5, 1.75, 9.75, 2.25 ], "texture": "#bear" },
				"up": { "uv": [ 9.5, 1.75, 9.75, 2.25 ], "texture": "#bear" },
				"north": { "uv": [ 9.5, 1.75, 9.75, 2.25 ], "texture": "#bear" },
				"south": { "uv": [ 9.5, 1.75, 9.75, 2.25 ], "texture": "#bear" },
				"west": { "uv": [ 9.5, 1.75, 9.75, 2.25 ], "texture": "#bear" },
				"east": { "uv": [ 9.5, 1.75, 9.75, 2.25 ], "texture": "#bear" }
			}
		},
		{
			"__comment": "Box20",
			"from": [ -0.4317, 5.8315, -4.0827 ],
			"to": [ 0.4153, 6.6785, -1.965199 ],
			"rotation": { "origin": [ 4.65116, 6.494339, 1.668373 ], "axis": "x", "angle": 0 },
			"faces": {
				"down": { "uv": [ 9.5, 1.75, 9.75, 2.25 ], "texture": "#bear" },
				"up": { "uv": [ 9.5, 1.25, 9.75, 1.75 ], "texture": "#bear" },
				"north": { "uv": [ 11, 4.75, 11.25, 5 ], "texture": "#bear" },
				"south": { "uv": [ 11.25, 4.75, 11.5, 5 ], "texture": "#bear" },
				"west": { "uv": [ 9.75, 3.25, 10.25, 3.5 ], "texture": "#bear" },
				"east": { "uv": [ 9.75, 3, 10.25, 3.25 ], "texture": "#bear" }
			}
		},
		{
			"__comment": "Box20",
			"from": [ -0.22, 10.0611, -3.9202 ],
			"to": [ 0.2035, 10.4846, -2.2262 ],
			"rotation": { "origin": [ 4.65116, 6.494339, 1.668373 ], "axis": "x", "angle": -45 },
			"faces": {
				"down": { "uv": [ 9.5, 1.75, 9.75, 2.25 ], "texture": "#bear" },
				"up": { "uv": [ 9.5, 1.75, 9.75, 2.25 ], "texture": "#bear" },
				"north": { "uv": [ 9.5, 1.75, 9.75, 2.25 ], "texture": "#bear" },
				"south": { "uv": [ 9.5, 1.75, 9.75, 2.25 ], "texture": "#bear" },
				"west": { "uv": [ 9.5, 1.75, 9.75, 2.25 ], "texture": "#bear" },
				"east": { "uv": [ 9.5, 1.75, 9.75, 2.25 ], "texture": "#bear" }
			}
		},
		{
			"__comment": "Box20",
			"from": [ 1.1564, 10.0611, -3.9202 ],
			"to": [ 1.5799, 10.4846, -2.2262 ],
			"rotation": { "origin": [ 4.65116, 6.494339, 1.668373 ], "axis": "x", "angle": -45 },
			"faces": {
				"down": { "uv": [ 9.5, 1.75, 9.75, 2.25 ], "texture": "#bear" },
				"up": { "uv": [ 9.5, 1.75, 9.75, 2.25 ], "texture": "#bear" },
				"north": { "uv": [ 9.5, 1.75, 9.75, 2.25 ], "texture": "#bear" },
				"south": { "uv": [ 9.5, 1.75, 9.75, 2.25 ], "texture": "#bear" },
				"west": { "uv": [ 9.5, 1.75, 9.75, 2.25 ], "texture": "#bear" },
				"east": { "uv": [ 9.5, 1.75, 9.75, 2.25 ], "texture": "#bear" }
			}
		},
		{
			"__comment": "Box20",
			"from": [ 0.9446, 5.8315, -4.0827 ],
			"to": [ 1.7916, 6.6785, -1.965199 ],
			"rotation": { "origin": [ 4.65116, 6.494339, 1.668373 ], "axis": "x", "angle": 0 },
			"faces": {
				"down": { "uv": [ 9.5, 1.75, 9.75, 2.25 ], "texture": "#bear" },
				"up": { "uv": [ 9.5, 1.75, 9.75, 2.25 ], "texture": "#bear" },
				"north": { "uv": [ 9.5, 1.75, 9.75, 2.25 ], "texture": "#bear" },
				"south": { "uv": [ 9.5, 1.75, 9.75, 2.25 ], "texture": "#bear" },
				"west": { "uv": [ 9.5, 1.75, 9.75, 2.25 ], "texture": "#bear" },
				"east": { "uv": [ 9.5, 1.75, 9.75, 2.25 ], "texture": "#bear" }
			}
		},
		{
			"__comment": "Box20",
			"from": [ 2.2151, 5.8315, -4.0827 ],
			"to": [ 3.0621, 6.6785, -1.965199 ],
			"rotation": { "origin": [ 4.65116, 6.494339, 1.668373 ], "axis": "x", "angle": 0 },
			"faces": {
				"down": { "uv": [ 9.5, 1.75, 9.75, 2.25 ], "texture": "#bear" },
				"up": { "uv": [ 9.5, 1.75, 9.75, 2.25 ], "texture": "#bear" },
				"north": { "uv": [ 9.5, 1.75, 9.75, 2.25 ], "texture": "#bear" },
				"south": { "uv": [ 9.5, 1.75, 9.75, 2.25 ], "texture": "#bear" },
				"west": { "uv": [ 9.5, 1.75, 9.75, 2.25 ], "texture": "#bear" },
				"east": { "uv": [ 9.5, 1.75, 9.75, 2.25 ], "texture": "#bear" }
			}
		},
		{
			"__comment": "Box20",
			"from": [ 2.4269, 10.0611, -3.9202 ],
			"to": [ 2.8504, 10.4846, -2.2262 ],
			"rotation": { "origin": [ 4.65116, 6.494339, 1.668373 ], "axis": "x", "angle": -45 },
			"faces": {
				"down": { "uv": [ 9.5, 1.75, 9.75, 2.25 ], "texture": "#bear" },
				"up": { "uv": [ 9.5, 1.75, 9.75, 2.25 ], "texture": "#bear" },
				"north": { "uv": [ 9.5, 1.75, 9.75, 2.25 ], "texture": "#bear" },
				"south": { "uv": [ 9.5, 1.75, 9.75, 2.25 ], "texture": "#bear" },
				"west": { "uv": [ 9.5, 1.75, 9.75, 2.25 ], "texture": "#bear" },
				"east": { "uv": [ 9.5, 1.75, 9.75, 2.25 ], "texture": "#bear" }
			}
		},
		{
			"__comment": "Box20",
			"from": [ 3.8032, 5.8314, -3.4475 ],
			"to": [ 4.6502, 6.678398, -1.33 ],
			"rotation": { "origin": [ 4.65116, 6.494339, 1.668373 ], "axis": "x", "angle": 0 },
			"faces": {
				"down": { "uv": [ 9.5, 1.75, 9.75, 2.25 ], "texture": "#bear" },
				"up": { "uv": [ 9.5, 1.75, 9.75, 2.25 ], "texture": "#bear" },
				"north": { "uv": [ 9.5, 1.75, 9.75, 2.25 ], "texture": "#bear" },
				"south": { "uv": [ 9.5, 1.75, 9.75, 2.25 ], "texture": "#bear" },
				"west": { "uv": [ 9.5, 1.75, 9.75, 2.25 ], "texture": "#bear" },
				"east": { "uv": [ 9.5, 1.75, 9.75, 2.25 ], "texture": "#bear" }
			}
		},
		{
			"__comment": "Box20",
			"from": [ 4.015, 9.6623, -3.4659 ],
			"to": [ 4.4385, 10.0858, -1.7719 ],
			"rotation": { "origin": [ 4.65116, 6.494339, 1.668373 ], "axis": "x", "angle": -45 },
			"faces": {
				"down": { "uv": [ 9.5, 1.75, 9.75, 2.25 ], "texture": "#bear" },
				"up": { "uv": [ 9.5, 1.75, 9.75, 2.25 ], "texture": "#bear" },
				"north": { "uv": [ 9.5, 1.75, 9.75, 2.25 ], "texture": "#bear" },
				"south": { "uv": [ 9.5, 1.75, 9.75, 2.25 ], "texture": "#bear" },
				"west": { "uv": [ 9.5, 1.75, 9.75, 2.25 ], "texture": "#bear" },
				"east": { "uv": [ 9.5, 1.75, 9.75, 2.25 ], "texture": "#bear" }
			}
		},
		{
			"__comment": "Box20",
			"from": [ 11.2994, 0.0018, 4.955 ],
			"to": [ 12.1464, 2.1193, 5.801999 ],
			"rotation": { "origin": [ 4.65116, 7.369339, 1.918373 ], "axis": "x", "angle": 22.5 },
			"faces": {
				"down": { "uv": [ 9.75, 2.25, 9.5, 1.75 ], "texture": "#bear" },
				"up": { "uv": [ 9.5, 1.75, 9.75, 2.25 ], "texture": "#bear" },
				"north": { "uv": [ 9.75, 2.25, 9.5, 1.75 ], "texture": "#bear" },
				"south": { "uv": [ 9.5, 1.75, 9.75, 2.25 ], "texture": "#bear" },
				"west": { "uv": [ 9.5, 1.75, 9.75, 2.25 ], "texture": "#bear", "rotation": 270 },
				"east": { "uv": [ 9.5, 1.75, 9.75, 2.25 ], "texture": "#bear", "rotation": 90 }
			}
		},
		{
			"__comment": "Box20",
			"from": [ 11.5111, -2.2405, 1.9593 ],
			"to": [ 11.9346, -0.5465, 2.382801 ],
			"faces": {
				"down": { "uv": [ 9.75, 2.25, 9.5, 1.75 ], "texture": "#bear" },
				"up": { "uv": [ 9.5, 1.75, 9.75, 2.25 ], "texture": "#bear" },
				"north": { "uv": [ 9.75, 2.25, 9.5, 1.75 ], "texture": "#bear" },
				"south": { "uv": [ 9.5, 1.75, 9.75, 2.25 ], "texture": "#bear" },
				"west": { "uv": [ 9.5, 1.75, 9.75, 2.25 ], "texture": "#bear", "rotation": 270 },
				"east": { "uv": [ 9.5, 1.75, 9.75, 2.25 ], "texture": "#bear", "rotation": 90 }
			}
		},
		{
			"__comment": "Box20",
			"from": [ 12.6758, -0.6335, 4.9549 ],
			"to": [ 13.5228, 1.484001, 5.8019 ],
			"rotation": { "origin": [ 4.65116, 7.369339, 1.918373 ], "axis": "x", "angle": 22.5 },
			"faces": {
				"down": { "uv": [ 9.75, 2.25, 9.5, 1.75 ], "texture": "#bear" },
				"up": { "uv": [ 9.5, 1.75, 9.75, 2.25 ], "texture": "#bear" },
				"north": { "uv": [ 9.75, 2.25, 9.5, 1.75 ], "texture": "#bear" },
				"south": { "uv": [ 9.5, 1.75, 9.75, 2.25 ], "texture": "#bear" },
				"west": { "uv": [ 9.5, 1.75, 9.75, 2.25 ], "texture": "#bear", "rotation": 270 },
				"east": { "uv": [ 9.5, 1.75, 9.75, 2.25 ], "texture": "#bear", "rotation": 90 }
			}
		},
		{
			"__comment": "Box20",
			"from": [ 12.8875, -3.0875, 2.0652 ],
			"to": [ 13.311, -1.3935, 2.488699 ],
			"faces": {
				"down": { "uv": [ 9.75, 2.25, 9.5, 1.75 ], "texture": "#bear" },
				"up": { "uv": [ 9.5, 1.75, 9.75, 2.25 ], "texture": "#bear" },
				"north": { "uv": [ 9.75, 2.25, 9.5, 1.75 ], "texture": "#bear" },
				"south": { "uv": [ 9.5, 1.75, 9.75, 2.25 ], "texture": "#bear" },
				"west": { "uv": [ 9.5, 1.75, 9.75, 2.25 ], "texture": "#bear", "rotation": 270 },
				"east": { "uv": [ 9.5, 1.75, 9.75, 2.25 ], "texture": "#bear", "rotation": 90 }
			}
		},
		{
			"__comment": "Box20",
			"from": [ 14.0521, -0.6335, 4.9549 ],
			"to": [ 14.8991, 1.484001, 5.8019 ],
			"rotation": { "origin": [ 4.65116, 7.369339, 1.918373 ], "axis": "x", "angle": 22.5 },
			"faces": {
				"down": { "uv": [ 9.75, 2.25, 9.5, 1.75 ], "texture": "#bear" },
				"up": { "uv": [ 9.5, 1.75, 9.75, 2.25 ], "texture": "#bear" },
				"north": { "uv": [ 9.75, 2.25, 9.5, 1.75 ], "texture": "#bear" },
				"south": { "uv": [ 9.5, 1.75, 9.75, 2.25 ], "texture": "#bear" },
				"west": { "uv": [ 9.5, 1.75, 9.75, 2.25 ], "texture": "#bear", "rotation": 270 },
				"east": { "uv": [ 9.5, 1.75, 9.75, 2.25 ], "texture": "#bear", "rotation": 90 }
			}
		},
		{
			"__comment": "Box20",
			"from": [ 14.2639, -3.0875, 2.0652 ],
			"to": [ 14.6874, -1.3935, 2.488699 ],
			"faces": {
				"down": { "uv": [ 9.75, 2.25, 9.5, 1.75 ], "texture": "#bear" },
				"up": { "uv": [ 9.5, 1.75, 9.75, 2.25 ], "texture": "#bear" },
				"north": { "uv": [ 9.75, 2.25, 9.5, 1.75 ], "texture": "#bear" },
				"south": { "uv": [ 9.5, 1.75, 9.75, 2.25 ], "texture": "#bear" },
				"west": { "uv": [ 9.5, 1.75, 9.75, 2.25 ], "texture": "#bear", "rotation": 270 },
				"east": { "uv": [ 9.5, 1.75, 9.75, 2.25 ], "texture": "#bear", "rotation": 90 }
			}
		},
		{
			"__comment": "Box20",
			"from": [ 15.3227, -0.6335, 4.9549 ],
			"to": [ 16.1697, 1.484001, 5.8019 ],
			"rotation": { "origin": [ 4.65116, 7.369339, 1.918373 ], "axis": "x", "angle": 22.5 },
			"faces": {
				"down": { "uv": [ 9.75, 2.25, 9.5, 1.75 ], "texture": "#bear" },
				"up": { "uv": [ 9.5, 1.75, 9.75, 2.25 ], "texture": "#bear" },
				"north": { "uv": [ 9.75, 2.25, 9.5, 1.75 ], "texture": "#bear" },
				"south": { "uv": [ 9.5, 1.75, 9.75, 2.25 ], "texture": "#bear" },
				"west": { "uv": [ 9.5, 1.75, 9.75, 2.25 ], "texture": "#bear", "rotation": 270 },
				"east": { "uv": [ 9.5, 1.75, 9.75, 2.25 ], "texture": "#bear", "rotation": 90 }
			}
		},
		{
			"__comment": "Box20",
			"from": [ 15.5344, -3.0875, 2.0652 ],
			"to": [ 15.9579, -1.3935, 2.488699 ],
			"faces": {
				"down": { "uv": [ 9.75, 2.25, 9.5, 1.75 ], "texture": "#bear" },
				"up": { "uv": [ 9.5, 1.75, 9.75, 2.25 ], "texture": "#bear" },
				"north": { "uv": [ 9.75, 2.25, 9.5, 1.75 ], "texture": "#bear" },
				"south": { "uv": [ 9.5, 1.75, 9.75, 2.25 ], "texture": "#bear" },
				"west": { "uv": [ 9.5, 1.75, 9.75, 2.25 ], "texture": "#bear", "rotation": 270 },
				"east": { "uv": [ 9.5, 1.75, 9.75, 2.25 ], "texture": "#bear", "rotation": 90 }
			}
		},
		{
			"__comment": "Box52",
			"from": [ 10.0744, 12.1582, -2.9682 ],
			"to": [ 10.4979, 13.4287, -1.6977 ],
			"rotation": { "origin": [ 4.65116, 10.49434, -0.08162689 ], "axis": "x", "angle": 45 },
			"faces": {
				"down": { "uv": [ 11, 3, 11.25, 3.25 ], "texture": "#bear", "rotation": 270 },
				"up": { "uv": [ 11, 2.75, 11.25, 3 ], "texture": "#bear", "rotation": 90 },
				"north": { "uv": [ 11, 2, 11.25, 2.25 ], "texture": "#bear" },
				"south": { "uv": [ 11, 1.75, 11.25, 2 ], "texture": "#bear" },
				"west": { "uv": [ 11, 2.25, 11.25, 2.5 ], "texture": "#bear" },
				"east": { "uv": [ 11, 2.5, 11.25, 2.75 ], "texture": "#bear" }
			}
		},
		{
			"__comment": "Box52",
			"from": [ 4.7569, 12.1063, -3.3205 ],
			"to": [ 5.1804, 13.3768, -2.05 ],
			"rotation": { "origin": [ 4.65116, 10.49434, -0.08162689 ], "axis": "x", "angle": 45 },
			"faces": {
				"down": { "uv": [ 11, 1.5, 11.25, 1.75 ], "texture": "#bear", "rotation": 90 },
				"up": { "uv": [ 11, 1.25, 11.25, 1.5 ], "texture": "#bear", "rotation": 270 },
				"north": { "uv": [ 11, 0.25, 11.25, 0.5 ], "texture": "#bear" },
				"south": { "uv": [ 11, 0.5, 11.25, 0.75 ], "texture": "#bear" },
				"west": { "uv": [ 11, 1, 11.25, 1.25 ], "texture": "#bear" },
				"east": { "uv": [ 11, 0.75, 11.25, 1 ], "texture": "#bear" }
			}
		},
		{
			"__comment": "Box1",
			"from": [ 6.2392, 10.1853, -4.682 ],
			"to": [ 8.780199, 12.3028, -1.293999 ],
			"rotation": { "origin": [ 4.65116, 10.49434, -0.08162689 ], "axis": "x", "angle": -22.5 },
			"faces": {
				"down": { "uv": [ 8.75, 0.75, 9.5, 1.75 ], "texture": "#bear" },
				"up": { "uv": [ 8.75, 2.75, 9.5, 3.75 ], "texture": "#bear" },
				"north": { "uv": [ 9.75, 4, 10.5, 4.75 ], "texture": "#bear" },
				"south": { "uv": [ 9.75, 4.75, 10.5, 5.5 ], "texture": "#bear" },
				"west": { "uv": [ 8.75, 2.75, 9.5, 3.75 ], "texture": "#bear", "rotation": 90 },
				"east": { "uv": [ 8.75, 2.75, 9.5, 3.75 ], "texture": "#bear", "rotation": 90 }
			}
		},
		{
			"__comment": "Box55",
			"from": [ 6.5752, 3.0483, 12.1806 ],
			"to": [ 7.275199, 5.1483, 14.6306 ],
			"rotation": { "origin": [ 4.65116, 8.994339, 1.668373 ], "axis": "x", "angle": -22.5 },
			"faces": {
				"down": { "uv": [ 0, 14.5, 1, 16 ], "texture": "#bear" },
				"up": { "uv": [ 0, 14.5, 1, 16 ], "texture": "#bear" },
				"north": { "uv": [ 0, 14.5, 1, 16 ], "texture": "#bear" },
				"south": { "uv": [ 0, 14.5, 1, 16 ], "texture": "#bear" },
				"west": { "uv": [ 0, 14.5, 1, 16 ], "texture": "#bear" },
				"east": { "uv": [ 0, 14.5, 1, 16 ], "texture": "#bear" }
			}
		}
	],
	"display": {
		"thirdperson_righthand": {
			"rotation":  [ 72, -2, 0 ],
			"translation":  [ 0, 2.0869, 0 ],
			"scale":  [ 0.5, 0.5, 0.5 ]
		},
		"thirdperson_lefthand": {
			"rotation":  [ 72, -2, 0 ],
			"translation":  [ 0, 2.0869, 0 ],
			"scale":  [ 0.5, 0.5, 0.5 ]
		},
		"firstperson_righthand": {
			"translation":  [ 4.1739, 0, -6.956 ],
			"scale":  [ 0.5, 0.5, 0.5 ]
		},
		"firstperson_lefthand": {
			"translation":  [ 4.1739, 0, -6.956 ],
			"scale":  [ 0.5, 0.5, 0.5 ]
		},
		"gui": {
			"rotation":  [ 16, 135, 0 ],
			"scale":  [ 0.3, 0.3, 0.3 ]
		},
		"head": {
			"translation":  [ 1.3924, -3.48, -13.21 ],
			"scale":  [ 4, 4, 4 ]
		},
		"ground": {
			"translation":  [ 0, 5.5652, 0 ],
			"scale":  [ 0.5, 0.5, 0.5 ]
		},
		"fixed": {
			"rotation":  [ -90, 0, 0 ],
			"translation":  [ 0, -4.173, -29.2 ],
			"scale":  [ 2, 2, 2 ]
		}
	}
}