{
	"__comment": "Cubik Studio - https://cubik.studio",
	"textures": {
		"beehiveempty": "item/beehiveempty"
	},
	"elements": [ 	 
		{
			"__comment": "PlaneY1",
			"from": [ 7, -0.075, 4 ],
			"to": [ 12.2, 5.125, 4.0013 ],
			"faces": {
				"north": { "uv": [ 6, 13, 9, 16 ], "texture": "#beehiveempty" },
				"south": { "uv": [ 9, 13, 6, 16 ], "texture": "#beehiveempty" }
			}
		},
		{
			"__comment": "PlaneY1",
			"from": [ 7, -0.0425, 2.7488 ],
			"to": [ 12.005, 4.9625, 2.7501 ],
			"faces": {
				"north": { "uv": [ 6, 13, 9, 16 ], "texture": "#beehiveempty" },
				"south": { "uv": [ 9, 13, 6, 16 ], "texture": "#beehiveempty" }
			}
		},
		{
			"__comment": "PlaneY1",
			"from": [ 6.8375, -0.075, 2.9763 ],
			"to": [ 12.0375, 5.125, 2.9776 ],
			"faces": {
				"north": { "uv": [ 12, 13, 15, 16 ], "texture": "#beehiveempty" },
				"south": { "uv": [ 15, 13, 12, 16 ], "texture": "#beehiveempty" }
			}
		},
		{
			"__comment": "PlaneY1",
			"from": [ 7, -0.2375, 3.2606 ],
			"to": [ 12.2, 4.9625, 3.2619 ],
			"faces": {
				"north": { "uv": [ 0, 7, 3, 10 ], "texture": "#beehiveempty" },
				"south": { "uv": [ 3, 7, 0, 10 ], "texture": "#beehiveempty" }
			}
		},
		{
			"__comment": "PlaneY1",
			"from": [ 7, -0.0425, 3.545 ],
			"to": [ 12.005, 4.9625, 3.5463 ],
			"faces": {
				"north": { "uv": [ 0, 7, 3, 10 ], "texture": "#beehiveempty" },
				"south": { "uv": [ 3, 7, 0, 10 ], "texture": "#beehiveempty" }
			}
		},
		{
			"__comment": "PlaneY1",
			"from": [ 7, -0.075, 3.7725 ],
			"to": [ 12.2, 5.125, 3.7738 ],
			"faces": {
				"north": { "uv": [ 12, 13, 15, 16 ], "texture": "#beehiveempty" },
				"south": { "uv": [ 15, 13, 12, 16 ], "texture": "#beehiveempty" }
			}
		}
	],
	"display": {
		"thirdperson_righthand": {
			"translation":  [ -0.695, 10.434, 8.3478 ],
			"scale":  [ 2, 2, 2 ]
		},
		"thirdperson_lefthand": {
			"translation":  [ 2.7826, 10.434, 8.3478 ],
			"scale":  [ 2, 2, 2 ]
		},
		"firstperson_righthand": {
			"translation":  [ 6.9565, 9.7391, 0 ],
			"scale":  [ 2, 2, 2 ]
		},
		"firstperson_lefthand": {
			"translation":  [ 11.13, 9.7391, 0 ],
			"scale":  [ 2, 2, 2 ]
		},
		"gui": {
			"translation":  [ -3.478, 7.6521, -2.086 ],
			"scale":  [ 1.5, 1.5, 1.5 ]
		},
		"head": {
			"translation":  [ -5.565, -11.13, 10.435 ],
			"scale":  [ 4, 4, 4 ]
		},
		"ground": {
			"translation":  [ 0, 9.0434, 0 ],
			"scale":  [ 1.5, 1.5, 1.5 ]
		},
		"fixed": {
			"translation":  [ -4.173, 10.434, 7.6521 ],
			"scale":  [ 2, 2, 2 ]
		}
	}
}