{
	"__comment": "Cubik Studio - https://cubik.studio",
	"textures": {
		"particle": "item/birdfeathers",
		"birdfeathers": "item/birdfeathers"
	},
	"elements": [ 	 
		{
			"__comment": "PlaneX1",
			"from": [ 2, 0, 16.375 ],
			"to": [ 2.001, 5, 20.875 ],
			"faces": {
				"west": { "uv": [ 0, 10, 6, 16 ], "texture": "#birdfeathers" },
				"east": { "uv": [ 6, 10, 0, 16 ], "texture": "#birdfeathers" }
			}
		}
	],
	"display": {
		"thirdperson_righthand": {
			"rotation":  [ 0, 90, -55 ],
			"translation":  [ -20.86, -2.086, -16.18 ],
			"scale":  [ 2, 2, 2 ]
		},
		"thirdperson_lefthand": {
			"rotation":  [ 0, 90, -55 ],
			"translation":  [ -21.56, 17.913, -2.978 ],
			"scale":  [ 2, 2, 2 ]
		},
		"firstperson_righthand": {
			"rotation":  [ 0, -90, 25 ],
			"translation":  [ 69.303, 20.59, -16.25 ],
			"scale":  [ 4, 4, 4 ]
		},
		"firstperson_lefthand": {
			"rotation":  [ 0, 90, -25 ],
			"translation":  [ -4.434, 15.028, -15.3 ],
			"scale":  [ 3, 3, 3 ]
		},
		"gui": {
			"rotation":  [ 0, 90, 0 ],
			"translation":  [ -30.6, 15.303, -4.865 ],
			"scale":  [ 3, 3, 3 ]
		},
		"ground": {
			"rotation":  [ 0, 0, 59 ],
			"translation":  [ -2.782, 12.521, -22.25 ],
			"scale":  [ 2, 2, 2 ]
		},
		"fixed": {
			"rotation":  [ 0, 90, 0 ],
			"translation":  [ -39.64, 21.565, -25.04 ],
			"scale":  [ 4, 4, 4 ]
		}
	}
}