{
	"__comment": "Cubik Studio - https://cubik.studio",
	"textures": {
		"bluetit": "item/bluetit"
	},
	"elements": [ 	 
		{
			"__comment": "Box1",
			"from": [ 8, 0, 6 ],
			"to": [ 9.5, 1.5, 8 ],
			"faces": {
				"down": { "uv": [ 5, 12, 6, 14 ], "texture": "#bluetit" },
				"up": { "uv": [ 5, 14, 6, 16 ], "texture": "#bluetit" },
				"north": { "uv": [ 9, 11, 10, 12 ], "texture": "#bluetit" },
				"south": { "uv": [ 10, 9, 11, 10 ], "texture": "#bluetit" },
				"west": { "uv": [ 6, 15, 8, 16 ], "texture": "#bluetit" },
				"east": { "uv": [ 8, 15, 6, 16 ], "texture": "#bluetit" }
			}
		},
		{
			"__comment": "PlaneY4",
			"from": [ 8.625, 1.01, 7.75 ],
			"to": [ 10.625, 1.011, 9.75 ],
			"faces": {
				"down": { "uv": [ 5, 14, 3, 12 ], "texture": "#bluetit" },
				"up": { "uv": [ 5, 12, 3, 14 ], "texture": "#bluetit" }
			}
		},
		{
			"__comment": "PlaneY4",
			"from": [ 7.1902, 1.124, 6.0282 ],
			"to": [ 9.1902, 1.125, 9.5282 ],
			"rotation": { "origin": [ 9.4402, 0.97, 6.0282 ], "axis": "y", "angle": 22.5 },
			"faces": {
				"down": { "uv": [ 0, 14, 3, 12 ], "texture": "#bluetit", "rotation": 90 },
				"up": { "uv": [ 0, 12, 3, 14 ], "texture": "#bluetit", "rotation": 270 }
			}
		},
		{
			"__comment": "Box1",
			"from": [ 8.125, 0.5, 5 ],
			"to": [ 9.325, 1.7, 6.2 ],
			"faces": {
				"down": { "uv": [ 10, 8, 11, 9 ], "texture": "#bluetit" },
				"up": { "uv": [ 11, 12, 12, 13 ], "texture": "#bluetit" },
				"north": { "uv": [ 5, 8, 6, 9 ], "texture": "#bluetit" },
				"south": { "uv": [ 6, 11.5, 7, 12.5 ], "texture": "#bluetit" },
				"west": { "uv": [ 7, 11.5, 8, 12.5 ], "texture": "#bluetit" },
				"east": { "uv": [ 8, 11.5, 7, 12.5 ], "texture": "#bluetit" }
			}
		},
		{
			"__comment": "Box1",
			"from": [ 9.174399, 0.988, 6.9472 ],
			"to": [ 9.44012, 1.24, 8.2782 ],
			"rotation": { "origin": [ 9.4402, 0.97, 6.0282 ], "axis": "y", "angle": 22.5 },
			"faces": {
				"down": { "uv": [ 10, 15, 11, 16 ], "texture": "#bluetit", "rotation": 90 },
				"up": { "uv": [ 10, 15, 11, 16 ], "texture": "#bluetit", "rotation": 270 },
				"north": { "uv": [ 10, 15, 11, 16 ], "texture": "#bluetit", "rotation": 180 },
				"south": { "uv": [ 10, 15, 11, 16 ], "texture": "#bluetit", "rotation": 180 },
				"west": { "uv": [ 10, 15, 11, 16 ], "texture": "#bluetit", "rotation": 180 },
				"east": { "uv": [ 10, 15, 11, 16 ], "texture": "#bluetit", "rotation": 180 }
			}
		},
		{
			"__comment": "Box1",
			"from": [ 9.0352, 0.97, 6.0282 ],
			"to": [ 9.440199, 1.25, 7.0282 ],
			"rotation": { "origin": [ 9.4402, 0.97, 6.0282 ], "axis": "y", "angle": 22.5 },
			"faces": {
				"down": { "uv": [ 10, 15, 11, 16 ], "texture": "#bluetit", "rotation": 90 },
				"up": { "uv": [ 10, 15, 11, 16 ], "texture": "#bluetit", "rotation": 270 },
				"north": { "uv": [ 10, 15, 11, 16 ], "texture": "#bluetit", "rotation": 180 },
				"south": { "uv": [ 10, 15, 11, 16 ], "texture": "#bluetit", "rotation": 180 },
				"west": { "uv": [ 10, 15, 11, 16 ], "texture": "#bluetit", "rotation": 180 },
				"east": { "uv": [ 10, 15, 11, 16 ], "texture": "#bluetit", "rotation": 180 }
			}
		},
		{
			"__comment": "PlaneY4",
			"from": [ 6.75, 1, 7.75 ],
			"to": [ 8.75, 1.001, 9.75 ],
			"faces": {
				"down": { "uv": [ 3, 14, 5, 12 ], "texture": "#bluetit" },
				"up": { "uv": [ 3, 12, 5, 14 ], "texture": "#bluetit" }
			}
		},
		{
			"__comment": "PlaneY4",
			"from": [ 7.75, 1.125, 5.875 ],
			"to": [ 9.75, 1.126, 9.375 ],
			"rotation": { "origin": [ 7.5, 1, 7 ], "axis": "y", "angle": -22.5 },
			"faces": {
				"down": { "uv": [ 3, 14, 0, 12 ], "texture": "#bluetit", "rotation": 270 },
				"up": { "uv": [ 3, 12, 0, 14 ], "texture": "#bluetit", "rotation": 90 }
			}
		},
		{
			"__comment": "Box1",
			"from": [ 9.0834, -0.625, 7.095 ],
			"to": [ 9.375, 0.2018749, 7.375 ],
			"rotation": { "origin": [ 8.0834, -0.625, 7.095 ], "axis": "x", "angle": 0 },
			"faces": {
				"down": { "uv": [ 10, 11, 11, 12 ], "texture": "#bluetit", "rotation": 270 },
				"up": { "uv": [ 10, 11, 11, 12 ], "texture": "#bluetit", "rotation": 270 },
				"north": { "uv": [ 10, 11, 11, 12 ], "texture": "#bluetit", "rotation": 270 },
				"south": { "uv": [ 10, 11, 11, 12 ], "texture": "#bluetit", "rotation": 270 },
				"west": { "uv": [ 10, 11, 11, 12 ], "texture": "#bluetit", "rotation": 270 },
				"east": { "uv": [ 10, 11, 11, 12 ], "texture": "#bluetit", "rotation": 270 }
			}
		},
		{
			"__comment": "Box1",
			"from": [ 7.5, 1.01, 6.919 ],
			"to": [ 7.76572, 1.262, 8.25 ],
			"rotation": { "origin": [ 7.5, 1, 7 ], "axis": "y", "angle": -22.5 },
			"faces": {
				"down": { "uv": [ 10, 15, 11, 16 ], "texture": "#bluetit", "rotation": 270 },
				"up": { "uv": [ 10, 15, 11, 16 ], "texture": "#bluetit", "rotation": 90 },
				"north": { "uv": [ 10, 15, 11, 16 ], "texture": "#bluetit", "rotation": 180 },
				"south": { "uv": [ 10, 15, 11, 16 ], "texture": "#bluetit", "rotation": 180 },
				"west": { "uv": [ 10, 15, 11, 16 ], "texture": "#bluetit", "rotation": 180 },
				"east": { "uv": [ 10, 15, 11, 16 ], "texture": "#bluetit", "rotation": 180 }
			}
		},
		{
			"__comment": "Box1",
			"from": [ 7.5, 1, 6 ],
			"to": [ 7.905, 1.28, 7 ],
			"rotation": { "origin": [ 7.5, 1, 7 ], "axis": "y", "angle": -22.5 },
			"faces": {
				"down": { "uv": [ 10, 15, 11, 16 ], "texture": "#bluetit", "rotation": 270 },
				"up": { "uv": [ 10, 15, 11, 16 ], "texture": "#bluetit", "rotation": 90 },
				"north": { "uv": [ 10, 15, 11, 16 ], "texture": "#bluetit", "rotation": 180 },
				"south": { "uv": [ 10, 15, 11, 16 ], "texture": "#bluetit", "rotation": 180 },
				"west": { "uv": [ 10, 15, 11, 16 ], "texture": "#bluetit", "rotation": 180 },
				"east": { "uv": [ 10, 15, 11, 16 ], "texture": "#bluetit", "rotation": 180 }
			}
		},
		{
			"__comment": "Box1",
			"from": [ 8.5834, 0.875, 4.5 ],
			"to": [ 8.875, 1.155, 5.05125 ],
			"faces": {
				"down": { "uv": [ 9, 10, 10, 11 ], "texture": "#bluetit", "rotation": 270 },
				"up": { "uv": [ 9, 9, 10, 10 ], "texture": "#bluetit", "rotation": 90 },
				"north": { "uv": [ 9, 8, 10, 9 ], "texture": "#bluetit" },
				"south": { "uv": [ 10, 13, 11, 14 ], "texture": "#bluetit" },
				"west": { "uv": [ 11, 13, 12, 14 ], "texture": "#bluetit" },
				"east": { "uv": [ 12, 13, 13, 14 ], "texture": "#bluetit" }
			}
		},
		{
			"__comment": "Box1",
			"from": [ 8.0834, -0.625, 7.095 ],
			"to": [ 8.375, 0.2018749, 7.375 ],
			"rotation": { "origin": [ 8.0834, -0.625, 7.095 ], "axis": "x", "angle": 0 },
			"faces": {
				"down": { "uv": [ 13, 13, 14, 14 ], "texture": "#bluetit" },
				"up": { "uv": [ 10, 11, 11, 12 ], "texture": "#bluetit", "rotation": 270 },
				"north": { "uv": [ 15, 13, 16, 14 ], "texture": "#bluetit", "rotation": 90 },
				"south": { "uv": [ 10, 12, 11, 13 ], "texture": "#bluetit", "rotation": 270 },
				"west": { "uv": [ 10, 11, 11, 12 ], "texture": "#bluetit", "rotation": 270 },
				"east": { "uv": [ 10, 10, 11, 11 ], "texture": "#bluetit", "rotation": 90 }
			}
		},
		{
			"__comment": "PlaneY15",
			"from": [ 8.75, -1.3157, 7.325 ],
			"to": [ 9.75, 0.1843002, 7.326 ],
			"rotation": { "origin": [ 8.0834, -0.5, 7.095 ], "axis": "x", "angle": 45 },
			"faces": {
				"north": { "uv": [ 5, 12, 6, 10.5 ], "texture": "#bluetit" },
				"south": { "uv": [ 6, 12, 5, 10.5 ], "texture": "#bluetit" }
			}
		},
		{
			"__comment": "PlaneY15",
			"from": [ 7.75, -1.3157, 7.325 ],
			"to": [ 8.75, 0.1843002, 7.326 ],
			"rotation": { "origin": [ 8.0834, -0.5, 7.095 ], "axis": "x", "angle": 45 },
			"faces": {
				"north": { "uv": [ 6, 12, 5, 10.5 ], "texture": "#bluetit" },
				"south": { "uv": [ 5, 12, 6, 10.5 ], "texture": "#bluetit" }
			}
		}
	],
	"display": {
		"thirdperson_righthand": {
			"rotation":  [ 90, 0, 0 ],
			"translation":  [ 0, -0.694, 6.9565 ]
		},
		"thirdperson_lefthand": {
			"rotation":  [ 90, 0, 0 ],
			"translation":  [ 0, -0.694, 6.9565 ]
		},
		"firstperson_righthand": {
			"translation":  [ 0, 11.826, 0 ],
			"scale":  [ 1.5, 1.5, 1.5 ]
		},
		"firstperson_lefthand": {
			"translation":  [ 2.7826, 11.826, 0 ],
			"scale":  [ 1.5, 1.5, 1.5 ]
		},
		"gui": {
			"rotation":  [ 0, 130, 0 ],
			"translation":  [ 1.3913, 6.2608, 1.3913 ]
		},
		"head": {
			"translation":  [ -2.086, -9.029, 0.696 ],
			"scale":  [ 2.7, 2.7, 2.7 ]
		},
		"ground": {
			"translation":  [ 0, 5.5652, 0 ]
		},
		"fixed": {
			"rotation":  [ -90, 0, 0 ],
			"translation":  [ -2.086, -0.695, -20.86 ],
			"scale":  [ 2.5, 2.5, 2.5 ]
		}
	}
}