{
	"__comment": "Cubik Studio - https://cubik.studio",
	"textures": {
		"bluetit": "item/bluetit"
	},
	"elements": [ 	 
		{
			"__comment": "Box1",
			"from": [ 8, 0, 6 ],
			"to": [ 9.5, 1.5, 8 ],
			"faces": {
				"down": { "uv": [ 5, 12, 6, 14 ], "texture": "#bluetit" },
				"up": { "uv": [ 5, 14, 6, 16 ], "texture": "#bluetit" },
				"north": { "uv": [ 9, 11, 10, 12 ], "texture": "#bluetit" },
				"south": { "uv": [ 10, 9, 11, 10 ], "texture": "#bluetit" },
				"west": { "uv": [ 6, 15, 8, 16 ], "texture": "#bluetit" },
				"east": { "uv": [ 8, 15, 6, 16 ], "texture": "#bluetit" }
			}
		},
		{
			"__comment": "PlaneY4",
			"from": [ 8.625, 1.01, 7.75 ],
			"to": [ 10.625, 1.011, 9.75 ],
			"faces": {
				"down": { "uv": [ 5, 14, 3, 12 ], "texture": "#bluetit" },
				"up": { "uv": [ 5, 12, 3, 14 ], "texture": "#bluetit" }
			}
		},
		{
			"__comment": "PlaneY4",
			"from": [ 9.0652, 0.749, 6.6532 ],
			"to": [ 12.5652, 0.75, 8.6532 ],
			"rotation": { "origin": [ 9.9842, 0.6129999, 6.669 ], "axis": "z", "angle": -45 },
			"faces": {
				"down": { "uv": [ 0, 14, 3, 12 ], "texture": "#bluetit", "rotation": 180 },
				"up": { "uv": [ 0, 12, 3, 14 ], "texture": "#bluetit", "rotation": 180 }
			}
		},
		{
			"__comment": "Box1",
			"from": [ 8.125, 0.5, 5 ],
			"to": [ 9.325, 1.7, 6.2 ],
			"faces": {
				"down": { "uv": [ 10, 8, 11, 9 ], "texture": "#bluetit" },
				"up": { "uv": [ 11, 12, 12, 13 ], "texture": "#bluetit" },
				"north": { "uv": [ 5, 8, 6, 9 ], "texture": "#bluetit" },
				"south": { "uv": [ 6, 11.5, 7, 12.5 ], "texture": "#bluetit" },
				"west": { "uv": [ 7, 11.5, 8, 12.5 ], "texture": "#bluetit" },
				"east": { "uv": [ 8, 11.5, 7, 12.5 ], "texture": "#bluetit" }
			}
		},
		{
			"__comment": "Box1",
			"from": [ 9.9842, 0.613, 6.4033 ],
			"to": [ 11.3152, 0.865, 6.66902 ],
			"rotation": { "origin": [ 9.9842, 0.6129999, 6.669 ], "axis": "z", "angle": -45 },
			"faces": {
				"down": { "uv": [ 10, 15, 11, 16 ], "texture": "#bluetit", "rotation": 180 },
				"up": { "uv": [ 10, 15, 11, 16 ], "texture": "#bluetit", "rotation": 180 },
				"north": { "uv": [ 10, 15, 11, 16 ], "texture": "#bluetit", "rotation": 180 },
				"south": { "uv": [ 10, 15, 11, 16 ], "texture": "#bluetit", "rotation": 180 },
				"west": { "uv": [ 10, 15, 11, 16 ], "texture": "#bluetit", "rotation": 180 },
				"east": { "uv": [ 10, 15, 11, 16 ], "texture": "#bluetit", "rotation": 180 }
			}
		},
		{
			"__comment": "Box1",
			"from": [ 9.0652, 0.595, 6.4032 ],
			"to": [ 10.0652, 0.8749999, 6.808199 ],
			"rotation": { "origin": [ 9.9842, 0.6129999, 6.669 ], "axis": "z", "angle": -45 },
			"faces": {
				"down": { "uv": [ 10, 15, 11, 16 ], "texture": "#bluetit", "rotation": 180 },
				"up": { "uv": [ 10, 15, 11, 16 ], "texture": "#bluetit", "rotation": 180 },
				"north": { "uv": [ 10, 15, 11, 16 ], "texture": "#bluetit", "rotation": 180 },
				"south": { "uv": [ 10, 15, 11, 16 ], "texture": "#bluetit", "rotation": 180 },
				"west": { "uv": [ 10, 15, 11, 16 ], "texture": "#bluetit", "rotation": 180 },
				"east": { "uv": [ 10, 15, 11, 16 ], "texture": "#bluetit", "rotation": 180 }
			}
		},
		{
			"__comment": "PlaneY4",
			"from": [ 6.75, 1, 7.75 ],
			"to": [ 8.75, 1.001, 9.75 ],
			"faces": {
				"down": { "uv": [ 3, 14, 5, 12 ], "texture": "#bluetit" },
				"up": { "uv": [ 3, 12, 5, 14 ], "texture": "#bluetit" }
			}
		},
		{
			"__comment": "PlaneY4",
			"from": [ 4.75, 1.25, 6.625 ],
			"to": [ 8.25, 1.251, 8.625 ],
			"rotation": { "origin": [ 8.125, 1.125, 6.375 ], "axis": "z", "angle": 45 },
			"faces": {
				"down": { "uv": [ 3, 14, 0, 12 ], "texture": "#bluetit", "rotation": 180 },
				"up": { "uv": [ 3, 12, 0, 14 ], "texture": "#bluetit", "rotation": 180 }
			}
		},
		{
			"__comment": "Box1",
			"from": [ 9.0834, -0.625, 7.72 ],
			"to": [ 9.375, 0.2018749, 8 ],
			"rotation": { "origin": [ 8.0834, -0.625, 7.72 ], "axis": "x", "angle": -45 },
			"faces": {
				"down": { "uv": [ 10, 11, 11, 12 ], "texture": "#bluetit", "rotation": 270 },
				"up": { "uv": [ 10, 11, 11, 12 ], "texture": "#bluetit", "rotation": 270 },
				"north": { "uv": [ 10, 11, 11, 12 ], "texture": "#bluetit", "rotation": 270 },
				"south": { "uv": [ 10, 11, 11, 12 ], "texture": "#bluetit", "rotation": 270 },
				"west": { "uv": [ 10, 11, 11, 12 ], "texture": "#bluetit", "rotation": 270 },
				"east": { "uv": [ 10, 11, 11, 12 ], "texture": "#bluetit", "rotation": 270 }
			}
		},
		{
			"__comment": "Box1",
			"from": [ 5.875, 1.135, 6.375 ],
			"to": [ 7.206, 1.387, 6.64072 ],
			"rotation": { "origin": [ 8.125, 1.125, 6.375 ], "axis": "z", "angle": 45 },
			"faces": {
				"down": { "uv": [ 10, 15, 11, 16 ], "texture": "#bluetit", "rotation": 180 },
				"up": { "uv": [ 10, 15, 11, 16 ], "texture": "#bluetit", "rotation": 180 },
				"north": { "uv": [ 10, 15, 11, 16 ], "texture": "#bluetit", "rotation": 180 },
				"south": { "uv": [ 10, 15, 11, 16 ], "texture": "#bluetit", "rotation": 180 },
				"west": { "uv": [ 10, 15, 11, 16 ], "texture": "#bluetit", "rotation": 180 },
				"east": { "uv": [ 10, 15, 11, 16 ], "texture": "#bluetit", "rotation": 180 }
			}
		},
		{
			"__comment": "Box1",
			"from": [ 7.125, 1.125, 6.375 ],
			"to": [ 8.125, 1.405, 6.78 ],
			"rotation": { "origin": [ 8.125, 1.125, 6.375 ], "axis": "z", "angle": 45 },
			"faces": {
				"down": { "uv": [ 10, 15, 11, 16 ], "texture": "#bluetit", "rotation": 180 },
				"up": { "uv": [ 10, 15, 11, 16 ], "texture": "#bluetit", "rotation": 180 },
				"north": { "uv": [ 10, 15, 11, 16 ], "texture": "#bluetit", "rotation": 180 },
				"south": { "uv": [ 10, 15, 11, 16 ], "texture": "#bluetit", "rotation": 180 },
				"west": { "uv": [ 10, 15, 11, 16 ], "texture": "#bluetit", "rotation": 180 },
				"east": { "uv": [ 10, 15, 11, 16 ], "texture": "#bluetit", "rotation": 180 }
			}
		},
		{
			"__comment": "Box1",
			"from": [ 8.5834, 0.875, 4.5 ],
			"to": [ 8.875, 1.155, 5.05125 ],
			"faces": {
				"down": { "uv": [ 9, 10, 10, 11 ], "texture": "#bluetit", "rotation": 270 },
				"up": { "uv": [ 9, 9, 10, 10 ], "texture": "#bluetit", "rotation": 90 },
				"north": { "uv": [ 9, 8, 10, 9 ], "texture": "#bluetit" },
				"south": { "uv": [ 10, 13, 11, 14 ], "texture": "#bluetit" },
				"west": { "uv": [ 11, 13, 12, 14 ], "texture": "#bluetit" },
				"east": { "uv": [ 12, 13, 13, 14 ], "texture": "#bluetit" }
			}
		},
		{
			"__comment": "Box1",
			"from": [ 8.0834, -0.625, 7.72 ],
			"to": [ 8.375, 0.2018749, 8 ],
			"rotation": { "origin": [ 8.0834, -0.625, 7.72 ], "axis": "x", "angle": -45 },
			"faces": {
				"down": { "uv": [ 13, 13, 14, 14 ], "texture": "#bluetit" },
				"up": { "uv": [ 10, 11, 11, 12 ], "texture": "#bluetit", "rotation": 270 },
				"north": { "uv": [ 15, 13, 16, 14 ], "texture": "#bluetit", "rotation": 90 },
				"south": { "uv": [ 10, 12, 11, 13 ], "texture": "#bluetit", "rotation": 270 },
				"west": { "uv": [ 10, 11, 11, 12 ], "texture": "#bluetit", "rotation": 270 },
				"east": { "uv": [ 10, 10, 11, 11 ], "texture": "#bluetit", "rotation": 90 }
			}
		},
		{
			"__comment": "PlaneY15",
			"from": [ 8.75, -1.345, 7.969 ],
			"to": [ 9.75, 0.1550001, 7.97 ],
			"rotation": { "origin": [ 8.0834, -0.625, 7.969999 ], "axis": "x", "angle": -22.5 },
			"faces": {
				"north": { "uv": [ 5, 12, 6, 10.5 ], "texture": "#bluetit" },
				"south": { "uv": [ 6, 12, 5, 10.5 ], "texture": "#bluetit" }
			}
		},
		{
			"__comment": "PlaneY15",
			"from": [ 7.75, -1.345, 7.969 ],
			"to": [ 8.75, 0.1550001, 7.97 ],
			"rotation": { "origin": [ 8.0834, -0.625, 7.969999 ], "axis": "x", "angle": -22.5 },
			"faces": {
				"north": { "uv": [ 6, 12, 5, 10.5 ], "texture": "#bluetit" },
				"south": { "uv": [ 5, 12, 6, 10.5 ], "texture": "#bluetit" }
			}
		}
	],
	"display": {
		"thirdperson_righthand": {
			"rotation":  [ 90, 0, 0 ],
			"translation":  [ 0, -0.694, 6.9565 ]
		},
		"thirdperson_lefthand": {
			"rotation":  [ 90, 0, 0 ],
			"translation":  [ 0, -0.694, 6.9565 ]
		},
		"firstperson_righthand": {
			"translation":  [ 0, 11.826, 0 ],
			"scale":  [ 1.5, 1.5, 1.5 ]
		},
		"firstperson_lefthand": {
			"translation":  [ 2.7826, 11.826, 0 ],
			"scale":  [ 1.5, 1.5, 1.5 ]
		},
		"gui": {
			"rotation":  [ 0, 130, 0 ],
			"translation":  [ 1.3913, 6.2608, 1.3913 ]
		},
		"head": {
			"translation":  [ -2.086, 5.5791, 0.696 ],
			"scale":  [ 2.7, 2.7, 2.7 ]
		},
		"ground": {
			"translation":  [ 0, 5.5652, 0 ]
		},
		"fixed": {
			"rotation":  [ -90, 0, 0 ],
			"translation":  [ -2.086, -0.695, -20.86 ],
			"scale":  [ 2.5, 2.5, 2.5 ]
		}
	}
}