{
	"__comment": "Cubik Studio - https://cubik.studio",
	"textures": {
		"booby": "item/booby"
	},
	"elements": [ 	 
		{
			"__comment": "Box1",
			"from": [ -1.6625, 0.1688, 3.0625 ],
			"to": [ 0.1250001, 1.6313, 5.5 ],
			"rotation": { "origin": [ -1.5, 0.7781, 2.6969 ], "axis": "x", "angle": 22.5 },
			"faces": {
				"down": { "uv": [ 0, 2, 1, 4 ], "texture": "#booby" },
				"up": { "uv": [ 1, 2, 2, 4 ], "texture": "#booby" },
				"north": { "uv": [ 3, 11, 4, 12 ], "texture": "#booby" },
				"south": { "uv": [ 3, 10, 4, 11 ], "texture": "#booby" },
				"west": { "uv": [ 0, 1, 2, 2 ], "texture": "#booby" },
				"east": { "uv": [ 2, 1, 0, 2 ], "texture": "#booby" }
			}
		},
		{
			"__comment": "Box3",
			"from": [ -0.1594, -1.5554, 4.775 ],
			"to": [ 0.1656, -0.6259001, 5.1 ],
			"faces": {
				"down": { "uv": [ 8, 12, 9, 13 ], "texture": "#booby" },
				"up": { "uv": [ 8, 12, 9, 13 ], "texture": "#booby" },
				"north": { "uv": [ 8, 12, 9, 13 ], "texture": "#booby" },
				"south": { "uv": [ 8, 12, 9, 13 ], "texture": "#booby" },
				"west": { "uv": [ 8, 12, 9, 13 ], "texture": "#booby" },
				"east": { "uv": [ 8, 12, 9, 13 ], "texture": "#booby" }
			}
		},
		{
			"__comment": "Box3",
			"from": [ 0.3252, 1.2156, 4.8681 ],
			"to": [ 0.5812, 1.4656, 6.3081 ],
			"rotation": { "origin": [ -1.375, 0.9031, 1.9469 ], "axis": "x", "angle": 22.5 },
			"faces": {
				"down": { "uv": [ 11, 12, 12, 13 ], "texture": "#booby" },
				"up": { "uv": [ 11, 12, 12, 13 ], "texture": "#booby" },
				"north": { "uv": [ 11, 12, 12, 13 ], "texture": "#booby" },
				"south": { "uv": [ 11, 12, 12, 13 ], "texture": "#booby" },
				"west": { "uv": [ 11, 12, 12, 13 ], "texture": "#booby" },
				"east": { "uv": [ 11, 12, 12, 13 ], "texture": "#booby" }
			}
		},
		{
			"__comment": "PlaneY5",
			"from": [ -0.6287, -1.6375, 3.6337 ],
			"to": [ 0.7363002, -1.637175, 4.9987 ],
			"faces": {
				"down": { "uv": [ 4, 13, 3, 12 ], "texture": "#booby" },
				"up": { "uv": [ 4, 12, 3, 13 ], "texture": "#booby" }
			}
		},
		{
			"__comment": "PlaneY5",
			"from": [ -1.6094, 1.3896, 3.2556 ],
			"to": [ 0.3906001, 1.3906, 7.4556 ],
			"rotation": { "origin": [ -1.375, 0.9031, 1.9469 ], "axis": "x", "angle": 22.5 },
			"faces": {
				"down": { "uv": [ 0, 12, 2, 9 ], "texture": "#booby" },
				"up": { "uv": [ 0, 9, 2, 12 ], "texture": "#booby" }
			}
		},
		{
			"__comment": "Box1",
			"from": [ -1.5, 0.25, 5.5 ],
			"to": [ -0.03750002, 1.3875, 6.475 ],
			"rotation": { "origin": [ -1.5, 0.7781, 2.6969 ], "axis": "x", "angle": 22.5 },
			"faces": {
				"down": { "uv": [ 14, 15, 15, 16 ], "texture": "#booby" },
				"up": { "uv": [ 15, 15, 16, 16 ], "texture": "#booby" },
				"north": { "uv": [ 14, 14, 15, 15 ], "texture": "#booby" },
				"south": { "uv": [ 15, 14, 16, 15 ], "texture": "#booby" },
				"west": { "uv": [ 2, 13, 3, 14 ], "texture": "#booby" },
				"east": { "uv": [ 3, 13, 2, 14 ], "texture": "#booby" }
			}
		},
		{
			"__comment": "Box1",
			"from": [ -1.5, 0.5281, 2.6969 ],
			"to": [ -0.03750002, 1.5031, 3.5094 ],
			"faces": {
				"down": { "uv": [ 4, 13, 5, 14 ], "texture": "#booby" },
				"up": { "uv": [ 5, 13, 6, 14 ], "texture": "#booby" },
				"north": { "uv": [ 7, 13, 8, 14 ], "texture": "#booby" },
				"south": { "uv": [ 7, 13, 8, 14 ], "texture": "#booby" },
				"west": { "uv": [ 8, 13, 9, 14 ], "texture": "#booby" },
				"east": { "uv": [ 8, 14, 9, 13 ], "texture": "#booby" }
			}
		},
		{
			"__comment": "Box1",
			"from": [ -1.3404, 1.5128, 2.4073 ],
			"to": [ -0.3108, 2.40655, 3.2653 ],
			"rotation": { "origin": [ -1.575, 0.6531, 2.4469 ], "axis": "x", "angle": 22.5 },
			"faces": {
				"down": { "uv": [ 10, 13, 11, 14 ], "texture": "#booby" },
				"up": { "uv": [ 11, 13, 12, 14 ], "texture": "#booby" },
				"north": { "uv": [ 13, 13, 14, 14 ], "texture": "#booby" },
				"south": { "uv": [ 13, 13, 14, 14 ], "texture": "#booby" },
				"west": { "uv": [ 14, 13, 15, 14 ], "texture": "#booby" },
				"east": { "uv": [ 14, 13, 15, 14 ], "texture": "#booby" }
			}
		},
		{
			"__comment": "Box1",
			"from": [ -1.3116, 1.2535, 3.4132 ],
			"to": [ -0.3755999, 2.2285, 4.0632 ],
			"rotation": { "origin": [ -1.575, 1.1531, 2.0719 ], "axis": "x", "angle": -22.5 },
			"faces": {
				"down": { "uv": [ 2, 12, 3, 13 ], "texture": "#booby" },
				"up": { "uv": [ 2, 11, 3, 12 ], "texture": "#booby" },
				"north": { "uv": [ 2, 9, 3, 10 ], "texture": "#booby" },
				"south": { "uv": [ 2, 9, 3, 10 ], "texture": "#booby" },
				"west": { "uv": [ 2, 8, 3, 9 ], "texture": "#booby" },
				"east": { "uv": [ 2, 9, 3, 8 ], "texture": "#booby" }
			}
		},
		{
			"__comment": "Box1",
			"from": [ -1.2906, 2.2781, 2.5966 ],
			"to": [ -0.3155999, 3.0906, 3.4741 ],
			"faces": {
				"down": { "uv": [ 2, 6, 3, 7 ], "texture": "#booby" },
				"up": { "uv": [ 2, 5, 3, 6 ], "texture": "#booby" },
				"north": { "uv": [ 2, 4, 3, 5 ], "texture": "#booby" },
				"south": { "uv": [ 2, 3, 3, 4 ], "texture": "#booby" },
				"west": { "uv": [ 2, 2, 3, 3 ], "texture": "#booby", "rotation": 270 },
				"east": { "uv": [ 2, 3, 3, 2 ], "texture": "#booby", "rotation": 270 }
			}
		},
		{
			"__comment": "PlaneY5",
			"from": [ -2.2313, -1.6375, 3.6587 ],
			"to": [ -0.8662999, -1.637175, 5.0237 ],
			"faces": {
				"down": { "uv": [ 3, 13, 4, 12 ], "texture": "#booby" },
				"up": { "uv": [ 3, 12, 4, 13 ], "texture": "#booby" }
			}
		},
		{
			"__comment": "Box3",
			"from": [ -1.7031, -1.5554, 4.775 ],
			"to": [ -1.3781, -0.6259001, 5.1 ],
			"faces": {
				"down": { "uv": [ 8, 12, 9, 13 ], "texture": "#booby" },
				"up": { "uv": [ 8, 12, 9, 13 ], "texture": "#booby" },
				"north": { "uv": [ 8, 12, 9, 13 ], "texture": "#booby" },
				"south": { "uv": [ 8, 12, 9, 13 ], "texture": "#booby" },
				"west": { "uv": [ 8, 12, 9, 13 ], "texture": "#booby" },
				"east": { "uv": [ 8, 12, 9, 13 ], "texture": "#booby" }
			}
		},
		{
			"__comment": "Box3",
			"from": [ 0.0812, 1.1956, 3.2181 ],
			"to": [ 0.5812, 1.5156, 4.9461 ],
			"rotation": { "origin": [ -1.375, 0.9031, 1.9469 ], "axis": "x", "angle": 22.5 },
			"faces": {
				"down": { "uv": [ 11, 12, 12, 13 ], "texture": "#booby" },
				"up": { "uv": [ 11, 12, 12, 13 ], "texture": "#booby" },
				"north": { "uv": [ 11, 12, 12, 13 ], "texture": "#booby" },
				"south": { "uv": [ 11, 12, 12, 13 ], "texture": "#booby" },
				"west": { "uv": [ 11, 12, 12, 13 ], "texture": "#booby" },
				"east": { "uv": [ 11, 12, 12, 13 ], "texture": "#booby" }
			}
		},
		{
			"__comment": "PlaneY5",
			"from": [ -2.2344, -0.4844, 6.0375 ],
			"to": [ 0.7656, -0.4833999, 8.0375 ],
			"rotation": { "origin": [ -1.5, -0.7219, 2.446899 ], "axis": "x", "angle": 0 },
			"faces": {
				"down": { "uv": [ 5, 16, 8, 14 ], "texture": "#booby" },
				"up": { "uv": [ 5, 14, 8, 16 ], "texture": "#booby" }
			}
		},
		{
			"__comment": "PlaneY5",
			"from": [ -1.8594, 1.3906, 3.2806 ],
			"to": [ 0.1406003, 1.3916, 7.4806 ],
			"rotation": { "origin": [ 15.875, 0.9031, 1.8219 ], "axis": "x", "angle": 22.5 },
			"faces": {
				"down": { "uv": [ 2, 12, 0, 9 ], "texture": "#booby" },
				"up": { "uv": [ 2, 9, 0, 12 ], "texture": "#booby" }
			}
		},
		{
			"__comment": "Box3",
			"from": [ -2.05, 1.2656, 3.2431 ],
			"to": [ -1.55, 1.5856, 4.9711 ],
			"rotation": { "origin": [ 15.875, 0.9031, 1.8219 ], "axis": "x", "angle": 22.5 },
			"faces": {
				"down": { "uv": [ 11, 12, 12, 13 ], "texture": "#booby" },
				"up": { "uv": [ 11, 12, 12, 13 ], "texture": "#booby" },
				"north": { "uv": [ 11, 12, 12, 13 ], "texture": "#booby" },
				"south": { "uv": [ 11, 12, 12, 13 ], "texture": "#booby" },
				"west": { "uv": [ 11, 12, 12, 13 ], "texture": "#booby" },
				"east": { "uv": [ 11, 12, 12, 13 ], "texture": "#booby" }
			}
		},
		{
			"__comment": "Box3",
			"from": [ -2.05, 1.3156, 4.8932 ],
			"to": [ -1.794, 1.5656, 6.3332 ],
			"rotation": { "origin": [ 15.875, 0.9031, 1.8219 ], "axis": "x", "angle": 22.5 },
			"faces": {
				"down": { "uv": [ 11, 12, 12, 13 ], "texture": "#booby" },
				"up": { "uv": [ 11, 12, 12, 13 ], "texture": "#booby" },
				"north": { "uv": [ 11, 12, 12, 13 ], "texture": "#booby" },
				"south": { "uv": [ 11, 12, 12, 13 ], "texture": "#booby" },
				"west": { "uv": [ 11, 12, 12, 13 ], "texture": "#booby" },
				"east": { "uv": [ 11, 12, 12, 13 ], "texture": "#booby" }
			}
		},
		{
			"__comment": "Box1",
			"from": [ -1.1637, 2.3241, 2.2169 ],
			"to": [ -0.3837, 3.03195, 2.601284 ],
			"faces": {
				"down": { "uv": [ 8, 11, 9, 12 ], "texture": "#booby" },
				"up": { "uv": [ 9, 11, 10, 12 ], "texture": "#booby" },
				"north": { "uv": [ 10, 11, 11, 12 ], "texture": "#booby" },
				"south": { "uv": [ 11, 11, 12, 12 ], "texture": "#booby" },
				"west": { "uv": [ 12, 11, 13, 12 ], "texture": "#booby", "rotation": 270 },
				"east": { "uv": [ 12, 12, 13, 11 ], "texture": "#booby", "rotation": 270 }
			}
		},
		{
			"__comment": "Box1",
			"from": [ -1.096, 2.3929, 2.0142 ],
			"to": [ -0.4719999, 2.95918, 2.24716 ],
			"faces": {
				"down": { "uv": [ 14, 11, 15, 12 ], "texture": "#booby" },
				"up": { "uv": [ 15, 11, 16, 12 ], "texture": "#booby" },
				"north": { "uv": [ 4, 10, 5, 11 ], "texture": "#booby" },
				"south": { "uv": [ 4, 9, 5, 10 ], "texture": "#booby" },
				"west": { "uv": [ 4, 8, 5, 9 ], "texture": "#booby", "rotation": 270 },
				"east": { "uv": [ 4, 9, 5, 8 ], "texture": "#booby", "rotation": 270 }
			}
		},
		{
			"__comment": "Box1",
			"from": [ -0.8944, 2.5385, 0.9966 ],
			"to": [ -0.6899277, 2.724059, 1.154891 ],
			"faces": {
				"down": { "uv": [ 4, 6, 5, 7 ], "texture": "#booby" },
				"up": { "uv": [ 4, 5, 5, 6 ], "texture": "#booby" },
				"north": { "uv": [ 4, 4, 5, 5 ], "texture": "#booby" },
				"south": { "uv": [ 4, 3, 5, 4 ], "texture": "#booby" },
				"west": { "uv": [ 4, 2, 5, 3 ], "texture": "#booby", "rotation": 270 },
				"east": { "uv": [ 4, 3, 5, 2 ], "texture": "#booby", "rotation": 270 }
			}
		},
		{
			"__comment": "Box1",
			"from": [ -1.0318, 2.4381, 1.8327 ],
			"to": [ -0.5326, 2.891124, 2.019068 ],
			"faces": {
				"down": { "uv": [ 4, 0, 5, 1 ], "texture": "#booby" },
				"up": { "uv": [ 5, 10, 6, 11 ], "texture": "#booby" },
				"north": { "uv": [ 6, 10, 7, 11 ], "texture": "#booby" },
				"south": { "uv": [ 7, 10, 8, 11 ], "texture": "#booby" },
				"west": { "uv": [ 8, 10, 9, 11 ], "texture": "#booby", "rotation": 270 },
				"east": { "uv": [ 8, 11, 9, 10 ], "texture": "#booby", "rotation": 270 }
			}
		},
		{
			"__comment": "Box1",
			"from": [ -0.9804, 2.4687, 1.6923 ],
			"to": [ -0.5810399, 2.831119, 1.841394 ],
			"faces": {
				"down": { "uv": [ 10, 10, 11, 11 ], "texture": "#booby" },
				"up": { "uv": [ 11, 10, 12, 11 ], "texture": "#booby" },
				"north": { "uv": [ 12, 10, 13, 11 ], "texture": "#booby" },
				"south": { "uv": [ 13, 10, 14, 11 ], "texture": "#booby" },
				"west": { "uv": [ 14, 10, 15, 11 ], "texture": "#booby", "rotation": 270 },
				"east": { "uv": [ 14, 11, 15, 10 ], "texture": "#booby", "rotation": 270 }
			}
		},
		{
			"__comment": "Box1",
			"from": [ -0.9453, 2.4976, 1.3461 ],
			"to": [ -0.6258119, 2.787535, 1.702255 ],
			"faces": {
				"down": { "uv": [ 5, 9, 6, 10 ], "texture": "#booby" },
				"up": { "uv": [ 5, 8, 6, 9 ], "texture": "#booby" },
				"north": { "uv": [ 5, 7, 6, 8 ], "texture": "#booby" },
				"south": { "uv": [ 5, 6, 6, 7 ], "texture": "#booby" },
				"west": { "uv": [ 5, 5, 6, 6 ], "texture": "#booby", "rotation": 270 },
				"east": { "uv": [ 5, 6, 6, 5 ], "texture": "#booby", "rotation": 270 }
			}
		},
		{
			"__comment": "Box1",
			"from": [ -0.9093, 2.5185, 1.1533 ],
			"to": [ -0.6537095, 2.750448, 1.351164 ],
			"faces": {
				"down": { "uv": [ 5, 3, 6, 4 ], "texture": "#booby" },
				"up": { "uv": [ 5, 2, 6, 3 ], "texture": "#booby" },
				"north": { "uv": [ 5, 1, 6, 2 ], "texture": "#booby" },
				"south": { "uv": [ 5, 0, 6, 1 ], "texture": "#booby" },
				"west": { "uv": [ 6, 9, 7, 10 ], "texture": "#booby", "rotation": 270 },
				"east": { "uv": [ 6, 10, 7, 9 ], "texture": "#booby", "rotation": 270 }
			}
		}
	],
	"display": {
		"thirdperson_righthand": {
			"rotation":  [ 72, -2, 0 ],
			"translation":  [ 8.3478, -1.548, 9.7391 ]
		},
		"thirdperson_lefthand": {
			"rotation":  [ 72, -2, 0 ],
			"translation":  [ -8.346, -1.548, 9.7391 ]
		},
		"firstperson_righthand": {
			"translation":  [ 15.304, 6.2608, 0 ]
		},
		"firstperson_lefthand": {
			"translation":  [ -7.651, 9.739, 4.1739 ]
		},
		"gui": {
			"rotation":  [ 11, 101, 0 ],
			"translation":  [ 2.0869, 5.5652, -2.782 ]
		},
		"head": {
			"translation":  [ 34.781, -2.769, 15.304 ],
			"scale":  [ 4, 4, 4 ]
		},
		"ground": {
			"translation":  [ 0, 5.5651, 0 ]
		},
		"fixed": {
			"rotation":  [ -90, 0, 0 ],
			"translation":  [ 16, 7.6504, -18.77 ],
			"scale":  [ 2, 2, 2 ]
		}
	}
}