{
	"__comment": "Cubik Studio - https://cubik.studio",
	"textures": {
		"booby": "item/booby"
	},
	"elements": [ 	 
		{
			"__comment": "Box1",
			"from": [ -1.6625, 0.1503, 2.4694 ],
			"to": [ 0.1250002, 1.6128, 4.9069 ],
			"faces": {
				"down": { "uv": [ 0, 2, 1, 4 ], "texture": "#booby" },
				"up": { "uv": [ 1, 2, 2, 4 ], "texture": "#booby" },
				"north": { "uv": [ 3, 11, 4, 12 ], "texture": "#booby" },
				"south": { "uv": [ 3, 10, 4, 11 ], "texture": "#booby" },
				"west": { "uv": [ 0, 1, 2, 2 ], "texture": "#booby" },
				"east": { "uv": [ 2, 1, 0, 2 ], "texture": "#booby" }
			}
		},
		{
			"__comment": "Box3",
			"from": [ -0.1594, 0.2312, 3.7259 ],
			"to": [ 0.1656, 0.5561998, 4.6554 ],
			"rotation": { "origin": [ -1.5, -2.0969, 3.821899 ], "axis": "x", "angle": 22.5 },
			"faces": {
				"down": { "uv": [ 9, 13, 8, 12 ], "texture": "#booby" },
				"up": { "uv": [ 8, 12, 9, 13 ], "texture": "#booby" },
				"north": { "uv": [ 9, 13, 8, 12 ], "texture": "#booby" },
				"south": { "uv": [ 8, 12, 9, 13 ], "texture": "#booby" },
				"west": { "uv": [ 8, 12, 9, 13 ], "texture": "#booby", "rotation": 270 },
				"east": { "uv": [ 8, 12, 9, 13 ], "texture": "#booby", "rotation": 90 }
			}
		},
		{
			"__comment": "Box3",
			"from": [ 3.0874, 1.4006, 2.4907 ],
			"to": [ 4.5274, 1.6506, 2.7467 ],
			"rotation": { "origin": [ 1.25, -0.2219, 4.571899 ], "axis": "z", "angle": 45 },
			"faces": {
				"down": { "uv": [ 11, 12, 12, 13 ], "texture": "#booby", "rotation": 90 },
				"up": { "uv": [ 11, 12, 12, 13 ], "texture": "#booby", "rotation": 270 },
				"north": { "uv": [ 11, 12, 12, 13 ], "texture": "#booby" },
				"south": { "uv": [ 11, 12, 12, 13 ], "texture": "#booby" },
				"west": { "uv": [ 11, 12, 12, 13 ], "texture": "#booby" },
				"east": { "uv": [ 11, 12, 12, 13 ], "texture": "#booby" }
			}
		},
		{
			"__comment": "PlaneY5",
			"from": [ -0.6287, -0.9101, 7.2372 ],
			"to": [ 0.7363003, 0.4549004, 7.237525 ],
			"rotation": { "origin": [ -1.5, -2.0969, 6.321899 ], "axis": "x", "angle": -45 },
			"faces": {
				"north": { "uv": [ 3, 13, 4, 12 ], "texture": "#booby" },
				"south": { "uv": [ 4, 13, 3, 12 ], "texture": "#booby" }
			}
		},
		{
			"__comment": "PlaneY5",
			"from": [ 1.4749, 1.5746, 2.6813 ],
			"to": [ 5.6749, 1.5756, 4.6813 ],
			"rotation": { "origin": [ 1.25, -0.2219, 4.571899 ], "axis": "z", "angle": 45 },
			"faces": {
				"down": { "uv": [ 0, 12, 2, 9 ], "texture": "#booby", "rotation": 90 },
				"up": { "uv": [ 0, 9, 2, 12 ], "texture": "#booby", "rotation": 270 }
			}
		},
		{
			"__comment": "Box1",
			"from": [ -1.5, 0.2315, 4.9069 ],
			"to": [ -0.03750002, 1.369, 5.8819 ],
			"faces": {
				"down": { "uv": [ 14, 15, 15, 16 ], "texture": "#booby" },
				"up": { "uv": [ 15, 15, 16, 16 ], "texture": "#booby" },
				"north": { "uv": [ 14, 14, 15, 15 ], "texture": "#booby" },
				"south": { "uv": [ 15, 14, 16, 15 ], "texture": "#booby" },
				"west": { "uv": [ 2, 13, 3, 14 ], "texture": "#booby" },
				"east": { "uv": [ 3, 13, 2, 14 ], "texture": "#booby" }
			}
		},
		{
			"__comment": "Box1",
			"from": [ -1.5, 0.2781, 3.1969 ],
			"to": [ -0.03750002, 1.2531, 4.0094 ],
			"rotation": { "origin": [ -1.5, -0.9719, 2.946899 ], "axis": "x", "angle": -22.5 },
			"faces": {
				"down": { "uv": [ 4, 13, 5, 14 ], "texture": "#booby" },
				"up": { "uv": [ 5, 13, 6, 14 ], "texture": "#booby" },
				"north": { "uv": [ 7, 13, 8, 14 ], "texture": "#booby" },
				"south": { "uv": [ 7, 13, 8, 14 ], "texture": "#booby" },
				"west": { "uv": [ 8, 13, 9, 14 ], "texture": "#booby" },
				"east": { "uv": [ 8, 14, 9, 13 ], "texture": "#booby" }
			}
		},
		{
			"__comment": "Box1",
			"from": [ -1.3404, 0.7123, 1.7981 ],
			"to": [ -0.3108, 1.5703, 2.69185 ],
			"faces": {
				"down": { "uv": [ 14, 14, 13, 13 ], "texture": "#booby" },
				"up": { "uv": [ 13, 13, 14, 14 ], "texture": "#booby" },
				"north": { "uv": [ 12, 14, 11, 13 ], "texture": "#booby" },
				"south": { "uv": [ 10, 13, 11, 14 ], "texture": "#booby" },
				"west": { "uv": [ 14, 13, 15, 14 ], "texture": "#booby", "rotation": 270 },
				"east": { "uv": [ 14, 13, 15, 14 ], "texture": "#booby", "rotation": 90 }
			}
		},
		{
			"__comment": "Box1",
			"from": [ -1.3116, 0.8655, 0.8707 ],
			"to": [ -0.3755999, 1.5155, 1.8457 ],
			"faces": {
				"down": { "uv": [ 3, 10, 2, 9 ], "texture": "#booby" },
				"up": { "uv": [ 2, 9, 3, 10 ], "texture": "#booby" },
				"north": { "uv": [ 3, 12, 2, 11 ], "texture": "#booby" },
				"south": { "uv": [ 2, 12, 3, 13 ], "texture": "#booby" },
				"west": { "uv": [ 2, 8, 3, 9 ], "texture": "#booby", "rotation": 270 },
				"east": { "uv": [ 2, 9, 3, 8 ], "texture": "#booby", "rotation": 90 }
			}
		},
		{
			"__comment": "Box1",
			"from": [ -1.2906, 0.7781, 0.0966 ],
			"to": [ -0.3155999, 1.5906, 0.9740999 ],
			"faces": {
				"down": { "uv": [ 2, 6, 3, 7 ], "texture": "#booby" },
				"up": { "uv": [ 2, 5, 3, 6 ], "texture": "#booby" },
				"north": { "uv": [ 2, 4, 3, 5 ], "texture": "#booby" },
				"south": { "uv": [ 2, 3, 3, 4 ], "texture": "#booby" },
				"west": { "uv": [ 2, 2, 3, 3 ], "texture": "#booby", "rotation": 270 },
				"east": { "uv": [ 2, 3, 3, 2 ], "texture": "#booby", "rotation": 270 }
			}
		},
		{
			"__comment": "PlaneY5",
			"from": [ -2.2313, -0.8851, 7.2372 ],
			"to": [ -0.8662996, 0.4799004, 7.237525 ],
			"rotation": { "origin": [ -1.5, -2.0969, 6.321899 ], "axis": "x", "angle": -45 },
			"faces": {
				"north": { "uv": [ 4, 13, 3, 12 ], "texture": "#booby" },
				"south": { "uv": [ 3, 13, 4, 12 ], "texture": "#booby" }
			}
		},
		{
			"__comment": "Box3",
			"from": [ -1.7031, 0.2312, 3.7259 ],
			"to": [ -1.3781, 0.5561998, 4.6554 ],
			"rotation": { "origin": [ -1.5, -2.0969, 3.821899 ], "axis": "x", "angle": 22.5 },
			"faces": {
				"down": { "uv": [ 9, 13, 8, 12 ], "texture": "#booby" },
				"up": { "uv": [ 8, 12, 9, 13 ], "texture": "#booby" },
				"north": { "uv": [ 9, 13, 8, 12 ], "texture": "#booby" },
				"south": { "uv": [ 8, 12, 9, 13 ], "texture": "#booby" },
				"west": { "uv": [ 8, 12, 9, 13 ], "texture": "#booby", "rotation": 270 },
				"east": { "uv": [ 8, 12, 9, 13 ], "texture": "#booby", "rotation": 90 }
			}
		},
		{
			"__comment": "Box3",
			"from": [ 1.4374, 1.3806, 2.4907 ],
			"to": [ 3.1654, 1.7006, 2.9907 ],
			"rotation": { "origin": [ 1.25, -0.2219, 4.571899 ], "axis": "z", "angle": 45 },
			"faces": {
				"down": { "uv": [ 11, 12, 12, 13 ], "texture": "#booby", "rotation": 90 },
				"up": { "uv": [ 11, 12, 12, 13 ], "texture": "#booby", "rotation": 270 },
				"north": { "uv": [ 11, 12, 12, 13 ], "texture": "#booby" },
				"south": { "uv": [ 11, 12, 12, 13 ], "texture": "#booby" },
				"west": { "uv": [ 11, 12, 12, 13 ], "texture": "#booby" },
				"east": { "uv": [ 11, 12, 12, 13 ], "texture": "#booby" }
			}
		},
		{
			"__comment": "PlaneY5",
			"from": [ -2.2344, 1.0156, 5.7875 ],
			"to": [ 0.7656, 1.0166, 7.7875 ],
			"faces": {
				"down": { "uv": [ 5, 16, 8, 14 ], "texture": "#booby" },
				"up": { "uv": [ 5, 14, 8, 16 ], "texture": "#booby" }
			}
		},
		{
			"__comment": "PlaneY5",
			"from": [ -7.2094, 1.5277, 2.7125 ],
			"to": [ -3.009398, 1.5287, 4.7125 ],
			"rotation": { "origin": [ -2.75, -0.2219, 3.071899 ], "axis": "z", "angle": -45 },
			"faces": {
				"down": { "uv": [ 2, 12, 0, 9 ], "texture": "#booby", "rotation": 270 },
				"up": { "uv": [ 2, 9, 0, 12 ], "texture": "#booby", "rotation": 90 }
			}
		},
		{
			"__comment": "Box3",
			"from": [ -4.6999, 1.4027, 2.5219 ],
			"to": [ -2.9719, 1.7227, 3.0219 ],
			"rotation": { "origin": [ -2.75, -0.2219, 3.071899 ], "axis": "z", "angle": -45 },
			"faces": {
				"down": { "uv": [ 11, 12, 12, 13 ], "texture": "#booby", "rotation": 270 },
				"up": { "uv": [ 11, 12, 12, 13 ], "texture": "#booby", "rotation": 90 },
				"north": { "uv": [ 11, 12, 12, 13 ], "texture": "#booby" },
				"south": { "uv": [ 11, 12, 12, 13 ], "texture": "#booby" },
				"west": { "uv": [ 11, 12, 12, 13 ], "texture": "#booby" },
				"east": { "uv": [ 11, 12, 12, 13 ], "texture": "#booby" }
			}
		},
		{
			"__comment": "Box3",
			"from": [ -6.062, 1.4527, 2.5219 ],
			"to": [ -4.622, 1.7027, 2.7779 ],
			"rotation": { "origin": [ -2.75, -0.2219, 3.071899 ], "axis": "z", "angle": -45 },
			"faces": {
				"down": { "uv": [ 11, 12, 12, 13 ], "texture": "#booby", "rotation": 270 },
				"up": { "uv": [ 11, 12, 12, 13 ], "texture": "#booby", "rotation": 90 },
				"north": { "uv": [ 11, 12, 12, 13 ], "texture": "#booby" },
				"south": { "uv": [ 11, 12, 12, 13 ], "texture": "#booby" },
				"west": { "uv": [ 11, 12, 12, 13 ], "texture": "#booby" },
				"east": { "uv": [ 11, 12, 12, 13 ], "texture": "#booby" }
			}
		},
		{
			"__comment": "Box1",
			"from": [ -1.1637, 0.8241, -0.2831 ],
			"to": [ -0.3837, 1.53195, 0.101284 ],
			"faces": {
				"down": { "uv": [ 8, 11, 9, 12 ], "texture": "#booby" },
				"up": { "uv": [ 9, 11, 10, 12 ], "texture": "#booby" },
				"north": { "uv": [ 10, 11, 11, 12 ], "texture": "#booby" },
				"south": { "uv": [ 11, 11, 12, 12 ], "texture": "#booby" },
				"west": { "uv": [ 12, 11, 13, 12 ], "texture": "#booby", "rotation": 270 },
				"east": { "uv": [ 12, 12, 13, 11 ], "texture": "#booby", "rotation": 270 }
			}
		},
		{
			"__comment": "Box1",
			"from": [ -1.096, 0.8929, -0.4858 ],
			"to": [ -0.4719999, 1.45918, -0.25284 ],
			"faces": {
				"down": { "uv": [ 14, 11, 15, 12 ], "texture": "#booby" },
				"up": { "uv": [ 15, 11, 16, 12 ], "texture": "#booby" },
				"north": { "uv": [ 4, 10, 5, 11 ], "texture": "#booby" },
				"south": { "uv": [ 4, 9, 5, 10 ], "texture": "#booby" },
				"west": { "uv": [ 4, 8, 5, 9 ], "texture": "#booby", "rotation": 270 },
				"east": { "uv": [ 4, 9, 5, 8 ], "texture": "#booby", "rotation": 270 }
			}
		},
		{
			"__comment": "Box1",
			"from": [ -0.8944, 1.0385, -1.5034 ],
			"to": [ -0.6899277, 1.224059, -1.345109 ],
			"faces": {
				"down": { "uv": [ 4, 6, 5, 7 ], "texture": "#booby" },
				"up": { "uv": [ 4, 5, 5, 6 ], "texture": "#booby" },
				"north": { "uv": [ 4, 4, 5, 5 ], "texture": "#booby" },
				"south": { "uv": [ 4, 3, 5, 4 ], "texture": "#booby" },
				"west": { "uv": [ 4, 2, 5, 3 ], "texture": "#booby", "rotation": 270 },
				"east": { "uv": [ 4, 3, 5, 2 ], "texture": "#booby", "rotation": 270 }
			}
		},
		{
			"__comment": "Box1",
			"from": [ -1.0318, 0.9381, -0.6673 ],
			"to": [ -0.5326, 1.391124, -0.480932 ],
			"faces": {
				"down": { "uv": [ 4, 0, 5, 1 ], "texture": "#booby" },
				"up": { "uv": [ 5, 10, 6, 11 ], "texture": "#booby" },
				"north": { "uv": [ 6, 10, 7, 11 ], "texture": "#booby" },
				"south": { "uv": [ 7, 10, 8, 11 ], "texture": "#booby" },
				"west": { "uv": [ 8, 10, 9, 11 ], "texture": "#booby", "rotation": 270 },
				"east": { "uv": [ 8, 11, 9, 10 ], "texture": "#booby", "rotation": 270 }
			}
		},
		{
			"__comment": "Box1",
			"from": [ -0.9804, 0.9687, -0.8076 ],
			"to": [ -0.5810398, 1.331119, -0.6585056 ],
			"faces": {
				"down": { "uv": [ 10, 10, 11, 11 ], "texture": "#booby" },
				"up": { "uv": [ 11, 10, 12, 11 ], "texture": "#booby" },
				"north": { "uv": [ 12, 10, 13, 11 ], "texture": "#booby" },
				"south": { "uv": [ 13, 10, 14, 11 ], "texture": "#booby" },
				"west": { "uv": [ 14, 10, 15, 11 ], "texture": "#booby", "rotation": 270 },
				"east": { "uv": [ 14, 11, 15, 10 ], "texture": "#booby", "rotation": 270 }
			}
		},
		{
			"__comment": "Box1",
			"from": [ -0.9453, 0.9976, -1.1539 ],
			"to": [ -0.6258119, 1.287535, -0.7977452 ],
			"faces": {
				"down": { "uv": [ 5, 9, 6, 10 ], "texture": "#booby" },
				"up": { "uv": [ 5, 8, 6, 9 ], "texture": "#booby" },
				"north": { "uv": [ 5, 7, 6, 8 ], "texture": "#booby" },
				"south": { "uv": [ 5, 6, 6, 7 ], "texture": "#booby" },
				"west": { "uv": [ 5, 5, 6, 6 ], "texture": "#booby", "rotation": 270 },
				"east": { "uv": [ 5, 6, 6, 5 ], "texture": "#booby", "rotation": 270 }
			}
		},
		{
			"__comment": "Box1",
			"from": [ -0.9093, 1.0185, -1.3467 ],
			"to": [ -0.6537094, 1.250448, -1.148836 ],
			"faces": {
				"down": { "uv": [ 5, 3, 6, 4 ], "texture": "#booby" },
				"up": { "uv": [ 5, 2, 6, 3 ], "texture": "#booby" },
				"north": { "uv": [ 5, 1, 6, 2 ], "texture": "#booby" },
				"south": { "uv": [ 5, 0, 6, 1 ], "texture": "#booby" },
				"west": { "uv": [ 6, 9, 7, 10 ], "texture": "#booby", "rotation": 270 },
				"east": { "uv": [ 6, 10, 7, 9 ], "texture": "#booby", "rotation": 270 }
			}
		}
	],
	"display": {
		"thirdperson_righthand": {
			"rotation":  [ 72, -2, 0 ],
			"translation":  [ 8.3478, -1.548, 9.7391 ]
		},
		"thirdperson_lefthand": {
			"rotation":  [ 72, -2, 0 ],
			"translation":  [ -8.346, -1.548, 9.7391 ]
		},
		"firstperson_righthand": {
			"translation":  [ 15.304, 6.2608, 0 ]
		},
		"firstperson_lefthand": {
			"translation":  [ -7.651, 9.739, 4.1739 ]
		},
		"gui": {
			"rotation":  [ 11, 101, 0 ],
			"translation":  [ 2.0869, 5.5652, -2.782 ]
		},
		"head": {
			"translation":  [ 34.781, 16.013, 15.304 ],
			"scale":  [ 4, 4, 4 ]
		},
		"ground": {
			"translation":  [ 0, 5.5651, 0 ]
		},
		"fixed": {
			"rotation":  [ -90, 0, 0 ],
			"translation":  [ 16, 7.6504, -18.77 ],
			"scale":  [ 2, 2, 2 ]
		}
	}
}