{
	"__comment": "Cubik Studio - https://cubik.studio",
	"textures": {
		"buzzard": "item/buzzard"
	},
	"elements": [ 	 
		{
			"__comment": "Box1",
			"from": [ 12.875, 1.5625, 5.375 ],
			"to": [ 15.875, 2.0625, 5.875 ],
			"rotation": { "origin": [ 7.875, 1.5625, 5.25 ], "axis": "z", "angle": 45 },
			"faces": {
				"down": { "uv": [ 0, 8, 2.5, 8.5 ], "texture": "#buzzard" },
				"up": { "uv": [ 0, 8, 2.5, 8.5 ], "texture": "#buzzard" },
				"north": { "uv": [ 0, 8, 2.5, 8.5 ], "texture": "#buzzard" },
				"south": { "uv": [ 0, 8, 2.5, 8.5 ], "texture": "#buzzard" },
				"west": { "uv": [ 0, 8, 2.5, 8.5 ], "texture": "#buzzard" },
				"east": { "uv": [ 0, 8, 2.5, 8.5 ], "texture": "#buzzard" }
			}
		},
		{
			"__comment": "Box1",
			"from": [ 5.275, 0, 5 ],
			"to": [ 8.025, 2.88, 11.24 ],
			"faces": {
				"down": { "uv": [ 6.5, 8.5, 7.5, 10.5 ], "texture": "#buzzard", "rotation": 90 },
				"up": { "uv": [ 7.5, 8.5, 8.5, 10.5 ], "texture": "#buzzard", "rotation": 90 },
				"north": { "uv": [ 8.5, 10.5, 9.5, 11.5 ], "texture": "#buzzard" },
				"south": { "uv": [ 8.5, 9.5, 9.5, 10.5 ], "texture": "#buzzard" },
				"west": { "uv": [ 6.5, 10.5, 8.5, 11.5 ], "texture": "#buzzard" },
				"east": { "uv": [ 8.5, 10.5, 6.5, 11.5 ], "texture": "#buzzard" }
			}
		},
		{
			"__comment": "PlaneY3",
			"from": [ 7.875, 1.875, 5.4375 ],
			"to": [ 17.875, 1.876, 10.4375 ],
			"rotation": { "origin": [ 7.875, 1.5625, 5.25 ], "axis": "z", "angle": 45 },
			"faces": {
				"down": { "uv": [ 0, 11, 5, 8.5 ], "texture": "#buzzard" },
				"up": { "uv": [ 0, 8.5, 5, 11 ], "texture": "#buzzard" }
			}
		},
		{
			"__comment": "Box1",
			"from": [ 5.525, 0.4375, 11.175 ],
			"to": [ 7.725, 2.4535, 12.9246 ],
			"faces": {
				"down": { "uv": [ 8.5, 8, 7.5, 8.5 ], "texture": "#buzzard", "rotation": 90 },
				"up": { "uv": [ 7.5, 8, 8.5, 8.5 ], "texture": "#buzzard", "rotation": 90 },
				"north": { "uv": [ 15, 14.5, 16, 15 ], "texture": "#buzzard" },
				"south": { "uv": [ 15, 14, 16, 14.5 ], "texture": "#buzzard" },
				"west": { "uv": [ 10.5, 10.5, 11, 11 ], "texture": "#buzzard" },
				"east": { "uv": [ 11, 10.5, 10.5, 11 ], "texture": "#buzzard" }
			}
		},
		{
			"__comment": "Box5",
			"from": [ 6.4775, -1.1553, 0.2058 ],
			"to": [ 6.7275, -0.8225501, 0.4558001 ],
			"faces": {
				"down": { "uv": [ 12, 12.5, 12.5, 13 ], "texture": "#buzzard" },
				"up": { "uv": [ 12.5, 12.5, 13, 13 ], "texture": "#buzzard" },
				"north": { "uv": [ 13, 12.5, 13.5, 13 ], "texture": "#buzzard" },
				"south": { "uv": [ 13.5, 12.5, 14, 13 ], "texture": "#buzzard" },
				"west": { "uv": [ 14, 12.5, 14.5, 13 ], "texture": "#buzzard", "rotation": 270 },
				"east": { "uv": [ 14, 13, 14.5, 12.5 ], "texture": "#buzzard", "rotation": 270 }
			}
		},
		{
			"__comment": "Box5",
			"from": [ 5.7275, -1.0625, 1.75 ],
			"to": [ 7.5325, 0.29125, 3.194 ],
			"faces": {
				"down": { "uv": [ 11, 11.5, 11.5, 12 ], "texture": "#buzzard" },
				"up": { "uv": [ 11, 11.5, 11.5, 12 ], "texture": "#buzzard" },
				"north": { "uv": [ 11, 11, 11.5, 11.5 ], "texture": "#buzzard" },
				"south": { "uv": [ 11, 10.5, 11.5, 11 ], "texture": "#buzzard" },
				"west": { "uv": [ 11, 9, 11.5, 9.5 ], "texture": "#buzzard" },
				"east": { "uv": [ 11.5, 9, 11, 9.5 ], "texture": "#buzzard" }
			}
		},
		{
			"__comment": "Box5",
			"from": [ 6.1025, -1, 1.25 ],
			"to": [ 7.0525, -0.04999995, 1.82 ],
			"faces": {
				"down": { "uv": [ 11, 8, 11.5, 8.5 ], "texture": "#buzzard" },
				"up": { "uv": [ 11.5, 12, 12, 12.5 ], "texture": "#buzzard" },
				"north": { "uv": [ 13, 12, 13.5, 12.5 ], "texture": "#buzzard" },
				"south": { "uv": [ 13.5, 12, 14, 12.5 ], "texture": "#buzzard" },
				"west": { "uv": [ 14, 12, 14.5, 12.5 ], "texture": "#buzzard" },
				"east": { "uv": [ 14.5, 12, 14, 12.5 ], "texture": "#buzzard" }
			}
		},
		{
			"__comment": "Box5",
			"from": [ 6.3225, -0.9375, 0.5 ],
			"to": [ 6.901311, -0.358688, 1 ],
			"faces": {
				"down": { "uv": [ 11.5, 11.5, 12, 12 ], "texture": "#buzzard" },
				"up": { "uv": [ 11.5, 11, 12, 11.5 ], "texture": "#buzzard" },
				"north": { "uv": [ 15, 13.5, 15.5, 14 ], "texture": "#buzzard" },
				"south": { "uv": [ 15.5, 13.5, 16, 14 ], "texture": "#buzzard" },
				"west": { "uv": [ 10, 11, 10.5, 11.5 ], "texture": "#buzzard" },
				"east": { "uv": [ 10.5, 11, 10, 11.5 ], "texture": "#buzzard" }
			}
		},
		{
			"__comment": "PlaneY3",
			"from": [ -3.1875, 5.4375, 5.4374 ],
			"to": [ 6.8125, 5.4385, 10.4374 ],
			"rotation": { "origin": [ 1.75, 5.1874, 5.375 ], "axis": "z", "angle": -45 },
			"faces": {
				"down": { "uv": [ 5, 11, 0, 8.5 ], "texture": "#buzzard" },
				"up": { "uv": [ 5, 8.5, 0, 11 ], "texture": "#buzzard" }
			}
		},
		{
			"__comment": "Box5",
			"from": [ 6.2275, -0.9375, 0.875 ],
			"to": [ 6.9775, -0.1875, 1.415 ],
			"faces": {
				"down": { "uv": [ 10, 10, 10.5, 10.5 ], "texture": "#buzzard" },
				"up": { "uv": [ 10, 9.5, 10.5, 10 ], "texture": "#buzzard" },
				"north": { "uv": [ 10, 9, 10.5, 9.5 ], "texture": "#buzzard" },
				"south": { "uv": [ 10, 8.5, 10.5, 9 ], "texture": "#buzzard" },
				"west": { "uv": [ 10, 8, 10.5, 8.5 ], "texture": "#buzzard" },
				"east": { "uv": [ 10.5, 8, 10, 8.5 ], "texture": "#buzzard" }
			}
		},
		{
			"__comment": "Box12",
			"from": [ 7.25, -1.0625, 7.9375 ],
			"to": [ 7.75, 0.2575002, 8.4375 ],
			"faces": {
				"down": { "uv": [ 15, 13, 15.5, 13.5 ], "texture": "#buzzard" },
				"up": { "uv": [ 15, 13, 15.5, 13.5 ], "texture": "#buzzard" },
				"north": { "uv": [ 15, 13, 15.5, 13.5 ], "texture": "#buzzard" },
				"south": { "uv": [ 15, 13, 15.5, 13.5 ], "texture": "#buzzard" },
				"west": { "uv": [ 15, 13, 15.5, 13.5 ], "texture": "#buzzard" },
				"east": { "uv": [ 15, 13, 15.5, 13.5 ], "texture": "#buzzard" }
			}
		},
		{
			"__comment": "Box12",
			"from": [ 5.5, -1.0625, 7.9375 ],
			"to": [ 6, 0.2575002, 8.4375 ],
			"faces": {
				"down": { "uv": [ 15, 13, 15.5, 13.5 ], "texture": "#buzzard" },
				"up": { "uv": [ 15, 13, 15.5, 13.5 ], "texture": "#buzzard" },
				"north": { "uv": [ 15, 13, 15.5, 13.5 ], "texture": "#buzzard" },
				"south": { "uv": [ 15, 13, 15.5, 13.5 ], "texture": "#buzzard" },
				"west": { "uv": [ 15, 13, 15.5, 13.5 ], "texture": "#buzzard" },
				"east": { "uv": [ 15, 13, 15.5, 13.5 ], "texture": "#buzzard" }
			}
		},
		{
			"__comment": "PlaneY14",
			"from": [ 6.625, -2.0625, 7.25 ],
			"to": [ 8.375, -2.062, 9.75 ],
			"rotation": { "origin": [ 6.625, -2.0625, 7.25 ], "axis": "x", "angle": -45 },
			"faces": {
				"down": { "uv": [ 8.5, 9.5, 9.5, 8.5 ], "texture": "#buzzard" },
				"up": { "uv": [ 8.5, 8.5, 9.5, 9.5 ], "texture": "#buzzard" }
			}
		},
		{
			"__comment": "PlaneY14",
			"from": [ 4.8125, -2.0625, 7.25 ],
			"to": [ 6.5625, -2.062, 9.75 ],
			"rotation": { "origin": [ 6.625, -2.0625, 7.25 ], "axis": "x", "angle": -45 },
			"faces": {
				"down": { "uv": [ 8.5, 9.5, 9.5, 8.5 ], "texture": "#buzzard" },
				"up": { "uv": [ 9.5, 8.5, 8.5, 9.5 ], "texture": "#buzzard" }
			}
		},
		{
			"__comment": "Box5",
			"from": [ 6.3525, -0.9062, 0.1521 ],
			"to": [ 6.8525, -0.4062001, 0.60335 ],
			"rotation": { "origin": [ 6.3525, -0.9375, 0.25 ], "axis": "x", "angle": 22.5 },
			"faces": {
				"down": { "uv": [ 10.5, 9.5, 11, 10 ], "texture": "#buzzard" },
				"up": { "uv": [ 10.5, 9, 11, 9.5 ], "texture": "#buzzard" },
				"north": { "uv": [ 10.5, 8.5, 11, 9 ], "texture": "#buzzard" },
				"south": { "uv": [ 10.5, 8, 11, 8.5 ], "texture": "#buzzard" },
				"west": { "uv": [ 11, 12.5, 11.5, 13 ], "texture": "#buzzard", "rotation": 270 },
				"east": { "uv": [ 11, 13, 11.5, 12.5 ], "texture": "#buzzard", "rotation": 270 }
			}
		},
		{
			"__comment": "PlaneY3",
			"from": [ 6, 1.6225, 13.3125 ],
			"to": [ 9.5, 1.6235, 18.3125 ],
			"rotation": { "origin": [ 6, 1.6225, 13.3125 ], "axis": "y", "angle": 22.5 },
			"faces": {
				"down": { "uv": [ 9.5, 13.5, 8, 11.5 ], "texture": "#buzzard" },
				"up": { "uv": [ 9.5, 11.5, 8, 13.5 ], "texture": "#buzzard" }
			}
		},
		{
			"__comment": "Box1",
			"from": [ 7.875, 1.5625, 5.25 ],
			"to": [ 12.875, 2.0625, 6.25 ],
			"rotation": { "origin": [ 7.875, 1.5625, 5.25 ], "axis": "z", "angle": 45 },
			"faces": {
				"down": { "uv": [ 0, 8, 2.5, 8.5 ], "texture": "#buzzard" },
				"up": { "uv": [ 0, 8, 2.5, 8.5 ], "texture": "#buzzard" },
				"north": { "uv": [ 0, 8, 2.5, 8.5 ], "texture": "#buzzard" },
				"south": { "uv": [ 0, 8, 2.5, 8.5 ], "texture": "#buzzard" },
				"west": { "uv": [ 0, 8, 2.5, 8.5 ], "texture": "#buzzard" },
				"east": { "uv": [ 0, 8, 2.5, 8.5 ], "texture": "#buzzard" }
			}
		},
		{
			"__comment": "Box1",
			"from": [ 1.75, 5.1874, 5.375 ],
			"to": [ 6.75, 5.6874, 6.375 ],
			"rotation": { "origin": [ 1.75, 5.1874, 5.375 ], "axis": "z", "angle": -45 },
			"faces": {
				"down": { "uv": [ 0, 8, 2.5, 8.5 ], "texture": "#buzzard" },
				"up": { "uv": [ 0, 8, 2.5, 8.5 ], "texture": "#buzzard" },
				"north": { "uv": [ 0, 8, 2.5, 8.5 ], "texture": "#buzzard" },
				"south": { "uv": [ 0, 8, 2.5, 8.5 ], "texture": "#buzzard" },
				"west": { "uv": [ 0, 8, 2.5, 8.5 ], "texture": "#buzzard" },
				"east": { "uv": [ 0, 8, 2.5, 8.5 ], "texture": "#buzzard" }
			}
		},
		{
			"__comment": "Box1",
			"from": [ -1.25, 5.1875, 5.375 ],
			"to": [ 1.75, 5.6875, 5.875 ],
			"rotation": { "origin": [ 1.75, 5.1874, 5.375 ], "axis": "z", "angle": -45 },
			"faces": {
				"down": { "uv": [ 0, 8, 2.5, 8.5 ], "texture": "#buzzard" },
				"up": { "uv": [ 0, 8, 2.5, 8.5 ], "texture": "#buzzard" },
				"north": { "uv": [ 0, 8, 2.5, 8.5 ], "texture": "#buzzard" },
				"south": { "uv": [ 0, 8, 2.5, 8.5 ], "texture": "#buzzard" },
				"west": { "uv": [ 0, 8, 2.5, 8.5 ], "texture": "#buzzard" },
				"east": { "uv": [ 0, 8, 2.5, 8.5 ], "texture": "#buzzard" }
			}
		},
		{
			"__comment": "PlaneY3",
			"from": [ 3.7469, 1.6875, 13.2531 ],
			"to": [ 7.2469, 1.6885, 18.2531 ],
			"rotation": { "origin": [ 7.375, 1.6875, 13.5625 ], "axis": "y", "angle": -22.5 },
			"faces": {
				"down": { "uv": [ 8, 13.5, 9.5, 11.5 ], "texture": "#buzzard" },
				"up": { "uv": [ 8, 11.5, 9.5, 13.5 ], "texture": "#buzzard" }
			}
		},
		{
			"__comment": "Box1",
			"from": [ 5.875, -0.5625, 4.625 ],
			"to": [ 7.375, 0.9375, 6.625 ],
			"rotation": { "origin": [ 5.875, -0.5625, 4.625 ], "axis": "x", "angle": -45 },
			"faces": {
				"down": { "uv": [ 10, 11.5, 10.5, 12.5 ], "texture": "#buzzard", "rotation": 90 },
				"up": { "uv": [ 10, 11.5, 10.5, 12.5 ], "texture": "#buzzard", "rotation": 90 },
				"north": { "uv": [ 13, 13.5, 14, 14 ], "texture": "#buzzard" },
				"south": { "uv": [ 13, 13.5, 14, 14 ], "texture": "#buzzard" },
				"west": { "uv": [ 13, 13.5, 14, 14 ], "texture": "#buzzard" },
				"east": { "uv": [ 14, 13.5, 13, 14 ], "texture": "#buzzard" }
			}
		},
		{
			"__comment": "Box1",
			"from": [ 6.02, -0.875, 2.625 ],
			"to": [ 7.28, 0.385, 3.777 ],
			"faces": {
				"down": { "uv": [ 11.5, 10, 12, 10.5 ], "texture": "#buzzard", "rotation": 90 },
				"up": { "uv": [ 11.5, 10, 12, 10.5 ], "texture": "#buzzard", "rotation": 90 },
				"north": { "uv": [ 11.5, 9.5, 12, 10 ], "texture": "#buzzard" },
				"south": { "uv": [ 11.5, 9.5, 12, 10 ], "texture": "#buzzard" },
				"west": { "uv": [ 11.5, 8.5, 12, 9 ], "texture": "#buzzard" },
				"east": { "uv": [ 12, 8.5, 11.5, 9 ], "texture": "#buzzard" }
			}
		},
		{
			"__comment": "Box1",
			"from": [ 6, -0.875, 3.625 ],
			"to": [ 7.2, 0.325, 4.905 ],
			"rotation": { "origin": [ 6, -0.875, 3.625 ], "axis": "x", "angle": -22.5 },
			"faces": {
				"down": { "uv": [ 12.5, 11.5, 13, 12 ], "texture": "#buzzard", "rotation": 90 },
				"up": { "uv": [ 12.5, 11.5, 13, 12 ], "texture": "#buzzard", "rotation": 90 },
				"north": { "uv": [ 12.5, 11.5, 13, 12 ], "texture": "#buzzard", "rotation": 90 },
				"south": { "uv": [ 12.5, 11.5, 13, 12 ], "texture": "#buzzard", "rotation": 90 },
				"west": { "uv": [ 14, 11.5, 14.5, 12 ], "texture": "#buzzard" },
				"east": { "uv": [ 14.5, 11.5, 14, 12 ], "texture": "#buzzard" }
			}
		}
	],
	"display": {
		"thirdperson_righthand": {
			"rotation":  [ 72, -2, 0 ],
			"translation":  [ 0, 1.3912, 3.4782 ],
			"scale":  [ 0.5, 0.5, 0.5 ]
		},
		"thirdperson_lefthand": {
			"rotation":  [ 72, -2, 0 ],
			"translation":  [ 0, 1.3912, 3.4782 ],
			"scale":  [ 0.5, 0.5, 0.5 ]
		},
		"firstperson_righthand": {
			"translation":  [ 0, 9.0434, 0 ]
		},
		"firstperson_lefthand": {
			"translation":  [ 0, 9.0434, 0 ]
		},
		"gui": {
			"rotation":  [ 90, 0, 0 ],
			"scale":  [ 0.5, 0.5, 0.5 ]
		},
		"head": {
			"translation":  [ 3.4782, 3.4912, 0 ],
			"scale":  [ 2.5, 2.5, 2.5 ]
		},
		"ground": {
			"translation":  [ 0, 2.7826, 0 ],
			"scale":  [ 0.5, 0.5, 0.5 ]
		},
		"fixed": {
			"rotation":  [ -90, 0, 0 ],
			"translation":  [ 0.6956, 1.3913, -11.82 ]
		}
	}
}