{
	"__comment": "Cubik Studio - https://cubik.studio",
	"textures": {
		"buzzard": "item/buzzard"
	},
	"elements": [ 	 
		{
			"__comment": "Box1",
			"from": [ 8.6251, 1.1875, 10.625 ],
			"to": [ 9.1251, 1.6875, 13.625 ],
			"rotation": { "origin": [ 4.875, 1.1874, 10.5 ], "axis": "x", "angle": 45 },
			"faces": {
				"down": { "uv": [ 0, 8, 2.5, 8.5 ], "texture": "#buzzard", "rotation": 270 },
				"up": { "uv": [ 0, 8, 2.5, 8.5 ], "texture": "#buzzard", "rotation": 90 },
				"north": { "uv": [ 0, 8, 2.5, 8.5 ], "texture": "#buzzard" },
				"south": { "uv": [ 0, 8, 2.5, 8.5 ], "texture": "#buzzard" },
				"west": { "uv": [ 0, 8, 2.5, 8.5 ], "texture": "#buzzard" },
				"east": { "uv": [ 0, 8, 2.5, 8.5 ], "texture": "#buzzard" }
			}
		},
		{
			"__comment": "Box1",
			"from": [ 5.275, -0.9276, 5.6876 ],
			"to": [ 8.025, 5.3124, 8.5676 ],
			"rotation": { "origin": [ 0.375, 4.9374, 7.5 ], "axis": "x", "angle": -45 },
			"faces": {
				"down": { "uv": [ 8.5, 9.5, 9.5, 10.5 ], "texture": "#buzzard" },
				"up": { "uv": [ 9.5, 11.5, 8.5, 10.5 ], "texture": "#buzzard" },
				"north": { "uv": [ 7.5, 10.5, 6.5, 8.5 ], "texture": "#buzzard", "rotation": 90 },
				"south": { "uv": [ 7.5, 8.5, 8.5, 10.5 ], "texture": "#buzzard", "rotation": 90 },
				"west": { "uv": [ 6.5, 10.5, 8.5, 11.5 ], "texture": "#buzzard", "rotation": 90 },
				"east": { "uv": [ 8.5, 10.5, 6.5, 11.5 ], "texture": "#buzzard", "rotation": 270 }
			}
		},
		{
			"__comment": "PlaneY3",
			"from": [ 4.0625, 1.4999, 5.625 ],
			"to": [ 9.0625, 1.5009, 15.625 ],
			"rotation": { "origin": [ 4.875, 1.1874, 10.5 ], "axis": "x", "angle": 45 },
			"faces": {
				"down": { "uv": [ 0, 11, 5, 8.5 ], "texture": "#buzzard", "rotation": 270 },
				"up": { "uv": [ 0, 8.5, 5, 11 ], "texture": "#buzzard", "rotation": 90 }
			}
		},
		{
			"__comment": "Box1",
			"from": [ 5.525, -2.6122, 6.1251 ],
			"to": [ 7.725, -0.8626006, 8.1411 ],
			"rotation": { "origin": [ 0.375, 4.9374, 7.5 ], "axis": "x", "angle": -45 },
			"faces": {
				"down": { "uv": [ 15, 14, 16, 14.5 ], "texture": "#buzzard" },
				"up": { "uv": [ 16, 15, 15, 14.5 ], "texture": "#buzzard" },
				"north": { "uv": [ 7.5, 8.5, 8.5, 8 ], "texture": "#buzzard", "rotation": 90 },
				"south": { "uv": [ 7.5, 8, 8.5, 8.5 ], "texture": "#buzzard", "rotation": 90 },
				"west": { "uv": [ 10.5, 10.5, 11, 11 ], "texture": "#buzzard", "rotation": 90 },
				"east": { "uv": [ 11, 10.5, 10.5, 11 ], "texture": "#buzzard", "rotation": 270 }
			}
		},
		{
			"__comment": "Box5",
			"from": [ 6.4775, -0.3568, 6.217 ],
			"to": [ 6.7275, -0.1067999, 6.54975 ],
			"rotation": { "origin": [ 0.375, 4.6874, 4.75 ], "axis": "x", "angle": 45 },
			"faces": {
				"down": { "uv": [ 13.5, 13, 13, 12.5 ], "texture": "#buzzard" },
				"up": { "uv": [ 13.5, 12.5, 14, 13 ], "texture": "#buzzard" },
				"north": { "uv": [ 13, 13, 12.5, 12.5 ], "texture": "#buzzard" },
				"south": { "uv": [ 12, 12.5, 12.5, 13 ], "texture": "#buzzard" },
				"west": { "uv": [ 14, 12.5, 14.5, 13 ], "texture": "#buzzard", "rotation": 180 },
				"east": { "uv": [ 14, 13, 14.5, 12.5 ], "texture": "#buzzard" }
			}
		},
		{
			"__comment": "Box5",
			"from": [ 5.7275, 1.1874, 5.1032 ],
			"to": [ 7.5325, 2.6314, 6.45695 ],
			"rotation": { "origin": [ 0.375, 4.6874, 4.75 ], "axis": "x", "angle": 45 },
			"faces": {
				"down": { "uv": [ 11.5, 11.5, 11, 11 ], "texture": "#buzzard" },
				"up": { "uv": [ 11, 10.5, 11.5, 11 ], "texture": "#buzzard" },
				"north": { "uv": [ 11.5, 12, 11, 11.5 ], "texture": "#buzzard" },
				"south": { "uv": [ 11, 11.5, 11.5, 12 ], "texture": "#buzzard" },
				"west": { "uv": [ 11, 9, 11.5, 9.5 ], "texture": "#buzzard", "rotation": 270 },
				"east": { "uv": [ 11.5, 9, 11, 9.5 ], "texture": "#buzzard", "rotation": 90 }
			}
		},
		{
			"__comment": "Box5",
			"from": [ 6.1025, 0.6874, 5.4445 ],
			"to": [ 7.0525, 1.2574, 6.3945 ],
			"rotation": { "origin": [ 0.375, 4.6874, 4.75 ], "axis": "x", "angle": 45 },
			"faces": {
				"down": { "uv": [ 13.5, 12.5, 13, 12 ], "texture": "#buzzard" },
				"up": { "uv": [ 13.5, 12, 14, 12.5 ], "texture": "#buzzard" },
				"north": { "uv": [ 12, 12.5, 11.5, 12 ], "texture": "#buzzard" },
				"south": { "uv": [ 11, 8, 11.5, 8.5 ], "texture": "#buzzard" },
				"west": { "uv": [ 14, 12, 14.5, 12.5 ], "texture": "#buzzard", "rotation": 270 },
				"east": { "uv": [ 14.5, 12, 14, 12.5 ], "texture": "#buzzard", "rotation": 90 }
			}
		},
		{
			"__comment": "Box5",
			"from": [ 6.3225, -0.0626, 5.7531 ],
			"to": [ 6.90131, 0.4374, 6.331912 ],
			"rotation": { "origin": [ 0.375, 4.6874, 4.75 ], "axis": "x", "angle": 45 },
			"faces": {
				"down": { "uv": [ 15.5, 14, 15, 13.5 ], "texture": "#buzzard" },
				"up": { "uv": [ 15.5, 13.5, 16, 14 ], "texture": "#buzzard" },
				"north": { "uv": [ 12, 11.5, 11.5, 11 ], "texture": "#buzzard" },
				"south": { "uv": [ 11.5, 11.5, 12, 12 ], "texture": "#buzzard" },
				"west": { "uv": [ 10, 11, 10.5, 11.5 ], "texture": "#buzzard", "rotation": 270 },
				"east": { "uv": [ 10.5, 11, 10, 11.5 ], "texture": "#buzzard", "rotation": 90 }
			}
		},
		{
			"__comment": "PlaneY3",
			"from": [ 4.0624, 1.4374, 5.4375 ],
			"to": [ 9.0624, 1.4384, 15.4375 ],
			"rotation": { "origin": [ 4, 1.1874, 10.5 ], "axis": "x", "angle": 45 },
			"faces": {
				"down": { "uv": [ 5, 11, 0, 8.5 ], "texture": "#buzzard", "rotation": 90 },
				"up": { "uv": [ 5, 8.5, 0, 11 ], "texture": "#buzzard", "rotation": 270 }
			}
		},
		{
			"__comment": "Box5",
			"from": [ 6.2275, 0.3124, 5.5819 ],
			"to": [ 6.9775, 0.8523999, 6.3319 ],
			"rotation": { "origin": [ 0.375, 4.6874, 4.75 ], "axis": "x", "angle": 45 },
			"faces": {
				"down": { "uv": [ 10.5, 9.5, 10, 9 ], "texture": "#buzzard" },
				"up": { "uv": [ 10, 8.5, 10.5, 9 ], "texture": "#buzzard" },
				"north": { "uv": [ 10.5, 10, 10, 9.5 ], "texture": "#buzzard" },
				"south": { "uv": [ 10, 10, 10.5, 10.5 ], "texture": "#buzzard" },
				"west": { "uv": [ 10, 8, 10.5, 8.5 ], "texture": "#buzzard", "rotation": 270 },
				"east": { "uv": [ 10.5, 8, 10, 8.5 ], "texture": "#buzzard", "rotation": 90 }
			}
		},
		{
			"__comment": "Box12",
			"from": [ 7.25, -1.7125, 10.161 ],
			"to": [ 7.75, -0.3924998, 10.661 ],
			"faces": {
				"down": { "uv": [ 15, 13, 15.5, 13.5 ], "texture": "#buzzard" },
				"up": { "uv": [ 15, 13, 15.5, 13.5 ], "texture": "#buzzard" },
				"north": { "uv": [ 15, 13, 15.5, 13.5 ], "texture": "#buzzard" },
				"south": { "uv": [ 15, 13, 15.5, 13.5 ], "texture": "#buzzard" },
				"west": { "uv": [ 15, 13, 15.5, 13.5 ], "texture": "#buzzard" },
				"east": { "uv": [ 15, 13, 15.5, 13.5 ], "texture": "#buzzard" }
			}
		},
		{
			"__comment": "Box12",
			"from": [ 5.5, -1.7125, 10.161 ],
			"to": [ 6, -0.3924998, 10.661 ],
			"faces": {
				"down": { "uv": [ 15, 13, 15.5, 13.5 ], "texture": "#buzzard" },
				"up": { "uv": [ 15, 13, 15.5, 13.5 ], "texture": "#buzzard" },
				"north": { "uv": [ 15, 13, 15.5, 13.5 ], "texture": "#buzzard" },
				"south": { "uv": [ 15, 13, 15.5, 13.5 ], "texture": "#buzzard" },
				"west": { "uv": [ 15, 13, 15.5, 13.5 ], "texture": "#buzzard" },
				"east": { "uv": [ 15, 13, 15.5, 13.5 ], "texture": "#buzzard" }
			}
		},
		{
			"__comment": "PlaneY14",
			"from": [ 6.625, -1.7534, 8.960899 ],
			"to": [ 8.375, -1.7529, 11.4609 ],
			"faces": {
				"down": { "uv": [ 8.5, 9.5, 9.5, 8.5 ], "texture": "#buzzard" },
				"up": { "uv": [ 8.5, 8.5, 9.5, 9.5 ], "texture": "#buzzard" }
			}
		},
		{
			"__comment": "PlaneY14",
			"from": [ 4.8125, -1.7534, 8.960899 ],
			"to": [ 6.5625, -1.7529, 11.4609 ],
			"faces": {
				"down": { "uv": [ 8.5, 9.5, 9.5, 8.5 ], "texture": "#buzzard" },
				"up": { "uv": [ 9.5, 8.5, 8.5, 9.5 ], "texture": "#buzzard" }
			}
		},
		{
			"__comment": "Box5",
			"from": [ 6.3525, 1.3436, 0.6382 ],
			"to": [ 6.8525, 1.8436, 1.08945 ],
			"rotation": { "origin": [ 0.375, 4.6874, 4.75 ], "axis": "x", "angle": -22.5 },
			"faces": {
				"down": { "uv": [ 10.5, 9.5, 11, 10 ], "texture": "#buzzard" },
				"up": { "uv": [ 10.5, 9, 11, 9.5 ], "texture": "#buzzard" },
				"north": { "uv": [ 10.5, 8.5, 11, 9 ], "texture": "#buzzard" },
				"south": { "uv": [ 10.5, 8, 11, 8.5 ], "texture": "#buzzard" },
				"west": { "uv": [ 11, 12.5, 11.5, 13 ], "texture": "#buzzard", "rotation": 270 },
				"east": { "uv": [ 11, 13, 11.5, 12.5 ], "texture": "#buzzard", "rotation": 270 }
			}
		},
		{
			"__comment": "PlaneY3",
			"from": [ 5.625, -0.5065, 11.7547 ],
			"to": [ 9.125, -0.5055, 16.7547 ],
			"rotation": { "origin": [ 0.375, 4.3124, 7.5 ], "axis": "x", "angle": 0 },
			"faces": {
				"down": { "uv": [ 9.5, 13.5, 8, 11.5 ], "texture": "#buzzard" },
				"up": { "uv": [ 9.5, 11.5, 8, 13.5 ], "texture": "#buzzard" }
			}
		},
		{
			"__comment": "Box1",
			"from": [ 8.25, 1.1875, 5.625 ],
			"to": [ 9.25, 1.6875, 10.625 ],
			"rotation": { "origin": [ 4.875, 1.1874, 10.5 ], "axis": "x", "angle": 45 },
			"faces": {
				"down": { "uv": [ 0, 8, 2.5, 8.5 ], "texture": "#buzzard", "rotation": 270 },
				"up": { "uv": [ 0, 8, 2.5, 8.5 ], "texture": "#buzzard", "rotation": 90 },
				"north": { "uv": [ 0, 8, 2.5, 8.5 ], "texture": "#buzzard" },
				"south": { "uv": [ 0, 8, 2.5, 8.5 ], "texture": "#buzzard" },
				"west": { "uv": [ 0, 8, 2.5, 8.5 ], "texture": "#buzzard" },
				"east": { "uv": [ 0, 8, 2.5, 8.5 ], "texture": "#buzzard" }
			}
		},
		{
			"__comment": "Box1",
			"from": [ 4, 1.1874, 5.5 ],
			"to": [ 5, 1.6874, 10.5 ],
			"rotation": { "origin": [ 4, 1.1874, 10.5 ], "axis": "x", "angle": 45 },
			"faces": {
				"down": { "uv": [ 0, 8, 2.5, 8.5 ], "texture": "#buzzard", "rotation": 90 },
				"up": { "uv": [ 0, 8, 2.5, 8.5 ], "texture": "#buzzard", "rotation": 270 },
				"north": { "uv": [ 0, 8, 2.5, 8.5 ], "texture": "#buzzard" },
				"south": { "uv": [ 0, 8, 2.5, 8.5 ], "texture": "#buzzard" },
				"west": { "uv": [ 0, 8, 2.5, 8.5 ], "texture": "#buzzard" },
				"east": { "uv": [ 0, 8, 2.5, 8.5 ], "texture": "#buzzard" }
			}
		},
		{
			"__comment": "Box1",
			"from": [ 4, 1.1875, 10.5 ],
			"to": [ 4.5, 1.6875, 13.5 ],
			"rotation": { "origin": [ 4, 1.1874, 10.5 ], "axis": "x", "angle": 45 },
			"faces": {
				"down": { "uv": [ 0, 8, 2.5, 8.5 ], "texture": "#buzzard", "rotation": 90 },
				"up": { "uv": [ 0, 8, 2.5, 8.5 ], "texture": "#buzzard", "rotation": 270 },
				"north": { "uv": [ 0, 8, 2.5, 8.5 ], "texture": "#buzzard" },
				"south": { "uv": [ 0, 8, 2.5, 8.5 ], "texture": "#buzzard" },
				"west": { "uv": [ 0, 8, 2.5, 8.5 ], "texture": "#buzzard" },
				"east": { "uv": [ 0, 8, 2.5, 8.5 ], "texture": "#buzzard" }
			}
		},
		{
			"__comment": "PlaneY3",
			"from": [ 4.1219, -0.4415, 11.6953 ],
			"to": [ 7.6219, -0.4404999, 16.6953 ],
			"rotation": { "origin": [ 0.375, 4.3124, 7.5 ], "axis": "x", "angle": 0 },
			"faces": {
				"down": { "uv": [ 8, 13.5, 9.5, 11.5 ], "texture": "#buzzard" },
				"up": { "uv": [ 8, 11.5, 9.5, 13.5 ], "texture": "#buzzard" }
			}
		},
		{
			"__comment": "Box1",
			"from": [ 5.875, 4.5384, 4.7904 ],
			"to": [ 7.375, 6.0384, 6.7904 ],
			"rotation": { "origin": [ 0.375, 5.6874, 7 ], "axis": "x", "angle": -45 },
			"faces": {
				"down": { "uv": [ 10, 11.5, 10.5, 12.5 ], "texture": "#buzzard", "rotation": 90 },
				"up": { "uv": [ 10, 11.5, 10.5, 12.5 ], "texture": "#buzzard", "rotation": 90 },
				"north": { "uv": [ 13, 13.5, 14, 14 ], "texture": "#buzzard" },
				"south": { "uv": [ 13, 13.5, 14, 14 ], "texture": "#buzzard" },
				"west": { "uv": [ 13, 13.5, 14, 14 ], "texture": "#buzzard" },
				"east": { "uv": [ 14, 13.5, 13, 14 ], "texture": "#buzzard" }
			}
		},
		{
			"__comment": "Box1",
			"from": [ 6.02, 2.409, 2.2463 ],
			"to": [ 7.28, 3.669, 3.3983 ],
			"rotation": { "origin": [ 0.375, 4.8124, 3.875 ], "axis": "x", "angle": -45 },
			"faces": {
				"down": { "uv": [ 11.5, 10, 12, 10.5 ], "texture": "#buzzard", "rotation": 90 },
				"up": { "uv": [ 11.5, 10, 12, 10.5 ], "texture": "#buzzard", "rotation": 90 },
				"north": { "uv": [ 11.5, 9.5, 12, 10 ], "texture": "#buzzard" },
				"south": { "uv": [ 11.5, 9.5, 12, 10 ], "texture": "#buzzard" },
				"west": { "uv": [ 11.5, 8.5, 12, 9 ], "texture": "#buzzard" },
				"east": { "uv": [ 12, 8.5, 11.5, 9 ], "texture": "#buzzard" }
			}
		},
		{
			"__comment": "Box1",
			"from": [ 6, 2.3805, 3.2627 ],
			"to": [ 7.2, 3.5805, 4.5427 ],
			"rotation": { "origin": [ 0.375, 4.8124, 3.875 ], "axis": "x", "angle": -45 },
			"faces": {
				"down": { "uv": [ 12.5, 11.5, 13, 12 ], "texture": "#buzzard", "rotation": 90 },
				"up": { "uv": [ 12.5, 11.5, 13, 12 ], "texture": "#buzzard", "rotation": 90 },
				"north": { "uv": [ 12.5, 11.5, 13, 12 ], "texture": "#buzzard", "rotation": 90 },
				"south": { "uv": [ 12.5, 11.5, 13, 12 ], "texture": "#buzzard", "rotation": 90 },
				"west": { "uv": [ 14, 11.5, 14.5, 12 ], "texture": "#buzzard" },
				"east": { "uv": [ 14.5, 11.5, 14, 12 ], "texture": "#buzzard" }
			}
		}
	],
	"display": {
		"thirdperson_righthand": {
			"rotation":  [ 72, -2, 0 ],
			"translation":  [ 0, 1.3912, 3.4782 ],
			"scale":  [ 0.5, 0.5, 0.5 ]
		},
		"thirdperson_lefthand": {
			"rotation":  [ 72, -2, 0 ],
			"translation":  [ 0, 1.3912, 3.4782 ],
			"scale":  [ 0.5, 0.5, 0.5 ]
		},
		"firstperson_righthand": {
			"translation":  [ 0, 9.0434, 0 ]
		},
		"firstperson_lefthand": {
			"translation":  [ 0, 9.0434, 0 ]
		},
		"gui": {
			"rotation":  [ 90, 0, 0 ],
			"scale":  [ 0.5, 0.5, 0.5 ]
		},
		"head": {
			"translation":  [ 2.7825, -15.98, -2.78 ],
			"scale":  [ 2.5, 2.5, 2.5 ]
		},
		"ground": {
			"translation":  [ 0, 2.7826, 0 ],
			"scale":  [ 0.5, 0.5, 0.5 ]
		},
		"fixed": {
			"rotation":  [ -90, 0, 0 ],
			"translation":  [ 0.6956, 1.3913, -11.82 ]
		}
	}
}