{
	"__comment": "Cubik Studio - https://cubik.studio",
	"textures": {
		"capercaillie": "item/capercaillie"
	},
	"elements": [ 	 
		{
			"__comment": "Box1",
			"from": [ 6.685, 1.5, 5.75 ],
			"to": [ 9.184999, 3.5, 7.75 ],
			"faces": {
				"down": { "uv": [ 7, 11, 8, 12 ], "texture": "#capercaillie" },
				"up": { "uv": [ 5.5, 13, 6.5, 14 ], "texture": "#capercaillie" },
				"north": { "uv": [ 5.5, 12, 6.5, 13 ], "texture": "#capercaillie" },
				"south": { "uv": [ 6.5, 13, 7.5, 14 ], "texture": "#capercaillie" },
				"west": { "uv": [ 6.5, 12, 7.5, 13 ], "texture": "#capercaillie" },
				"east": { "uv": [ 0, 11, 1, 12 ], "texture": "#capercaillie" }
			}
		},
		{
			"__comment": "Box1",
			"from": [ 7.895, 5.125, 1.195 ],
			"to": [ 8.0486, 5.3298, 1.548894 ],
			"rotation": { "origin": [ 7.895, 5.125, 1.195 ], "axis": "x", "angle": -45 },
			"faces": {
				"down": { "uv": [ 3, 9, 3.5, 9.5 ], "texture": "#capercaillie" },
				"up": { "uv": [ 3.5, 9, 4, 9.5 ], "texture": "#capercaillie" },
				"north": { "uv": [ 4, 9, 4.5, 9.5 ], "texture": "#capercaillie" },
				"south": { "uv": [ 4.5, 9, 5, 9.5 ], "texture": "#capercaillie" },
				"west": { "uv": [ 5, 9, 5.5, 9.5 ], "texture": "#capercaillie" },
				"east": { "uv": [ 5.5, 9, 6, 9.5 ], "texture": "#capercaillie" }
			}
		},
		{
			"__comment": "Box1",
			"from": [ 7.375, 5, 2.07 ],
			"to": [ 8.575, 6.083, 3.27 ],
			"faces": {
				"down": { "uv": [ 9, 0, 10, 1 ], "texture": "#capercaillie" },
				"up": { "uv": [ 0.5, 9, 1, 9.5 ], "texture": "#capercaillie" },
				"north": { "uv": [ 6.5, 9, 7, 9.5 ], "texture": "#capercaillie" },
				"south": { "uv": [ 7.5, 9, 8, 9.5 ], "texture": "#capercaillie" },
				"west": { "uv": [ 15, 0, 16, 1 ], "texture": "#capercaillie" },
				"east": { "uv": [ 16, 0, 15, 1 ], "texture": "#capercaillie" }
			}
		},
		{
			"__comment": "Box1",
			"from": [ 7.5, 4, 3 ],
			"to": [ 8.5, 5.5, 4 ],
			"rotation": { "origin": [ 7.5, 4, 3 ], "axis": "x", "angle": -22.5 },
			"faces": {
				"down": { "uv": [ 7, 8.5, 7.5, 9 ], "texture": "#capercaillie" },
				"up": { "uv": [ 7.5, 8.5, 8, 9 ], "texture": "#capercaillie" },
				"north": { "uv": [ 0, 8, 0.5, 8.5 ], "texture": "#capercaillie" },
				"south": { "uv": [ 0.5, 8, 1, 8.5 ], "texture": "#capercaillie" },
				"west": { "uv": [ 1, 8, 1.5, 8.5 ], "texture": "#capercaillie" },
				"east": { "uv": [ 1.5, 8, 2, 8.5 ], "texture": "#capercaillie" }
			}
		},
		{
			"__comment": "Box1",
			"from": [ 7.5, 5.125, 1.82 ],
			"to": [ 8.4, 6.025, 2.27 ],
			"faces": {
				"down": { "uv": [ 2, 8, 2.5, 8.5 ], "texture": "#capercaillie" },
				"up": { "uv": [ 2.5, 8, 3, 8.5 ], "texture": "#capercaillie" },
				"north": { "uv": [ 3, 8, 3.5, 8.5 ], "texture": "#capercaillie" },
				"south": { "uv": [ 3.5, 8, 4, 8.5 ], "texture": "#capercaillie" },
				"west": { "uv": [ 5.5, 8, 6, 8.5 ], "texture": "#capercaillie" },
				"east": { "uv": [ 6, 8, 6.5, 8.5 ], "texture": "#capercaillie" }
			}
		},
		{
			"__comment": "Box1",
			"from": [ 7.665, 5.25, 1.57 ],
			"to": [ 8.241, 5.826, 1.93 ],
			"faces": {
				"down": { "uv": [ 6.5, 8, 7, 8.5 ], "texture": "#capercaillie" },
				"up": { "uv": [ 0, 7.5, 0.5, 8 ], "texture": "#capercaillie" },
				"north": { "uv": [ 0.5, 7.5, 1, 8 ], "texture": "#capercaillie" },
				"south": { "uv": [ 0, 9.5, 0.5, 10 ], "texture": "#capercaillie" },
				"west": { "uv": [ 0.5, 9.5, 1, 10 ], "texture": "#capercaillie" },
				"east": { "uv": [ 1, 9.5, 1.5, 10 ], "texture": "#capercaillie" }
			}
		},
		{
			"__comment": "Box1",
			"from": [ 6.81, 0.0556, 5.045 ],
			"to": [ 7.11, 1.249994, 5.445 ],
			"faces": {
				"down": { "uv": [ 1.5, 9.5, 2, 10 ], "texture": "#capercaillie" },
				"up": { "uv": [ 2, 9.5, 2.5, 10 ], "texture": "#capercaillie" },
				"north": { "uv": [ 2.5, 9.5, 3, 10 ], "texture": "#capercaillie" },
				"south": { "uv": [ 3, 9.5, 3.5, 10 ], "texture": "#capercaillie" },
				"west": { "uv": [ 3.5, 9.5, 4, 10 ], "texture": "#capercaillie", "rotation": 180 },
				"east": { "uv": [ 4, 9.5, 4.5, 10 ], "texture": "#capercaillie", "rotation": 180 }
			}
		},
		{
			"__comment": "Box1",
			"from": [ 7.435, 3.5, 2.82 ],
			"to": [ 8.537499, 4.5, 3.977625 ],
			"faces": {
				"down": { "uv": [ 5, 8, 5.5, 8.5 ], "texture": "#capercaillie" },
				"up": { "uv": [ 4.5, 9.5, 5, 10 ], "texture": "#capercaillie" },
				"north": { "uv": [ 5, 9.5, 5.5, 10 ], "texture": "#capercaillie" },
				"south": { "uv": [ 5.5, 9.5, 6, 10 ], "texture": "#capercaillie" },
				"west": { "uv": [ 6, 9.5, 6.5, 10 ], "texture": "#capercaillie" },
				"east": { "uv": [ 6.5, 9.5, 7, 10 ], "texture": "#capercaillie" }
			}
		},
		{
			"__comment": "Box1",
			"from": [ 6.725, 2, 2.875 ],
			"to": [ 9.1, 3.5, 3.375 ],
			"faces": {
				"down": { "uv": [ 2, 10, 3, 10.5 ], "texture": "#capercaillie" },
				"up": { "uv": [ 2, 10.5, 3, 11 ], "texture": "#capercaillie" },
				"north": { "uv": [ 4, 10.5, 5, 11 ], "texture": "#capercaillie" },
				"south": { "uv": [ 3, 10, 4, 10.5 ], "texture": "#capercaillie" },
				"west": { "uv": [ 7, 9.5, 7.5, 10 ], "texture": "#capercaillie" },
				"east": { "uv": [ 7.5, 9.5, 8, 10 ], "texture": "#capercaillie" }
			}
		},
		{
			"__comment": "Box1",
			"from": [ 9.415, 1.7065, 5.7093 ],
			"to": [ 9.735, 2.9065, 6.7093 ],
			"faces": {
				"down": { "uv": [ 1, 7.5, 1.5, 8 ], "texture": "#capercaillie" },
				"up": { "uv": [ 1.5, 7.5, 2, 8 ], "texture": "#capercaillie" },
				"north": { "uv": [ 2, 7.5, 2.5, 8 ], "texture": "#capercaillie" },
				"south": { "uv": [ 2.5, 7.5, 3, 8 ], "texture": "#capercaillie" },
				"west": { "uv": [ 3.5, 7.5, 4, 8 ], "texture": "#capercaillie", "rotation": 90 },
				"east": { "uv": [ 3, 8, 3.5, 7.5 ], "texture": "#capercaillie", "rotation": 270 }
			}
		},
		{
			"__comment": "Box1",
			"from": [ 6.685, 1.5, 3.125 ],
			"to": [ 9.184999, 3.6, 5.125 ],
			"faces": {
				"down": { "uv": [ 1, 11, 2, 12 ], "texture": "#capercaillie" },
				"up": { "uv": [ 2, 11, 3, 12 ], "texture": "#capercaillie" },
				"north": { "uv": [ 3, 11, 4, 12 ], "texture": "#capercaillie" },
				"south": { "uv": [ 4, 11, 5, 12 ], "texture": "#capercaillie" },
				"west": { "uv": [ 5, 11, 6, 12 ], "texture": "#capercaillie" },
				"east": { "uv": [ 6, 11, 7, 12 ], "texture": "#capercaillie" }
			}
		},
		{
			"__comment": "PlaneX12",
			"from": [ 6.375, 2.555, 10.25 ],
			"to": [ 11.375, 2.556, 14.75 ],
			"rotation": { "origin": [ 11.375, 2.555, 10.25 ], "axis": "y", "angle": -45 },
			"faces": {
				"down": { "uv": [ 5, 16, 2.5, 14 ], "texture": "#capercaillie" },
				"up": { "uv": [ 5, 14, 2.5, 16 ], "texture": "#capercaillie" }
			}
		},
		{
			"__comment": "PlaneX12",
			"from": [ 2.875, 2.625, 6.75 ],
			"to": [ 7.875, 2.626, 11.25 ],
			"rotation": { "origin": [ 7.875, 2.625, 6.75 ], "axis": "y", "angle": 45 },
			"faces": {
				"down": { "uv": [ 2.5, 16, 5, 14 ], "texture": "#capercaillie" },
				"up": { "uv": [ 2.5, 14, 5, 16 ], "texture": "#capercaillie" }
			}
		},
		{
			"__comment": "Box1",
			"from": [ 7.81, 5.25, 1.32 ],
			"to": [ 8.11, 5.65, 1.72 ],
			"faces": {
				"down": { "uv": [ 0, 8.5, 0.5, 9 ], "texture": "#capercaillie" },
				"up": { "uv": [ 0.5, 8.5, 1, 9 ], "texture": "#capercaillie" },
				"north": { "uv": [ 1, 8.5, 1.5, 9 ], "texture": "#capercaillie" },
				"south": { "uv": [ 1.5, 8.5, 2, 9 ], "texture": "#capercaillie" },
				"west": { "uv": [ 2, 8.5, 2.5, 9 ], "texture": "#capercaillie" },
				"east": { "uv": [ 2.5, 8.5, 3, 9 ], "texture": "#capercaillie" }
			}
		},
		{
			"__comment": "Box1",
			"from": [ 8.809999, 0.0556, 5.045 ],
			"to": [ 9.11, 1.249994, 5.445 ],
			"faces": {
				"down": { "uv": [ 2, 9.5, 2.5, 10 ], "texture": "#capercaillie" },
				"up": { "uv": [ 2, 9.5, 2.5, 10 ], "texture": "#capercaillie" },
				"north": { "uv": [ 3.5, 9.5, 4, 10 ], "texture": "#capercaillie", "rotation": 180 },
				"south": { "uv": [ 3.5, 9.5, 4, 10 ], "texture": "#capercaillie", "rotation": 180 },
				"west": { "uv": [ 3.5, 9.5, 4, 10 ], "texture": "#capercaillie", "rotation": 180 },
				"east": { "uv": [ 3.5, 9.5, 4, 10 ], "texture": "#capercaillie", "rotation": 180 }
			}
		},
		{
			"__comment": "PlaneY16",
			"from": [ 8.25, 0.05, 3.875 ],
			"to": [ 9.75, 0.051, 6.375 ],
			"faces": {
				"down": { "uv": [ 16, 16, 15, 14.5 ], "texture": "#capercaillie" },
				"up": { "uv": [ 16, 14.5, 15, 16 ], "texture": "#capercaillie" }
			}
		},
		{
			"__comment": "PlaneY16",
			"from": [ 6.25, 0.05, 3.875 ],
			"to": [ 7.75, 0.051, 6.375 ],
			"faces": {
				"down": { "uv": [ 15, 16, 16, 14.5 ], "texture": "#capercaillie" },
				"up": { "uv": [ 15, 14.5, 16, 16 ], "texture": "#capercaillie" }
			}
		},
		{
			"__comment": "Box1",
			"from": [ 6.435, 1.25, 3.875 ],
			"to": [ 9.434999, 3.625, 5.875 ],
			"faces": {
				"down": { "uv": [ 2.5, 12, 4, 13 ], "texture": "#capercaillie" },
				"up": { "uv": [ 2.5, 13, 4, 14 ], "texture": "#capercaillie" },
				"north": { "uv": [ 4, 12, 5.5, 13 ], "texture": "#capercaillie" },
				"south": { "uv": [ 4, 13, 5.5, 14 ], "texture": "#capercaillie" },
				"west": { "uv": [ 0, 10, 1, 11 ], "texture": "#capercaillie" },
				"east": { "uv": [ 1, 10, 2, 11 ], "texture": "#capercaillie" }
			}
		},
		{
			"__comment": "Box1",
			"from": [ 9.434999, 1.5996, 3.6673 ],
			"to": [ 9.754999, 3.3996, 6.1673 ],
			"faces": {
				"down": { "uv": [ 6.5, 10, 6, 11 ], "texture": "#capercaillie" },
				"up": { "uv": [ 7, 10, 6.5, 11 ], "texture": "#capercaillie" },
				"north": { "uv": [ 7.5, 8, 7, 8.5 ], "texture": "#capercaillie" },
				"south": { "uv": [ 7.5, 8, 8, 8.5 ], "texture": "#capercaillie" },
				"west": { "uv": [ 7, 10, 8, 10.5 ], "texture": "#capercaillie", "rotation": 90 },
				"east": { "uv": [ 7, 11, 8, 10.5 ], "texture": "#capercaillie", "rotation": 270 }
			}
		},
		{
			"__comment": "Box1",
			"from": [ 6.185, 1.5996, 3.6673 ],
			"to": [ 6.505, 3.3996, 6.1673 ],
			"faces": {
				"down": { "uv": [ 6, 10, 6.5, 11 ], "texture": "#capercaillie" },
				"up": { "uv": [ 6.5, 10, 7, 11 ], "texture": "#capercaillie" },
				"north": { "uv": [ 7, 8, 7.5, 8.5 ], "texture": "#capercaillie" },
				"south": { "uv": [ 7.5, 8, 8, 8.5 ], "texture": "#capercaillie" },
				"west": { "uv": [ 7, 10.5, 8, 11 ], "texture": "#capercaillie", "rotation": 270 },
				"east": { "uv": [ 7, 10, 8, 10.5 ], "texture": "#capercaillie", "rotation": 90 }
			}
		},
		{
			"__comment": "Box1",
			"from": [ 6.205, 1.7065, 5.7093 ],
			"to": [ 6.525, 2.9065, 6.7093 ],
			"faces": {
				"down": { "uv": [ 1, 7.5, 1.5, 8 ], "texture": "#capercaillie" },
				"up": { "uv": [ 1.5, 7.5, 2, 8 ], "texture": "#capercaillie" },
				"north": { "uv": [ 2, 7.5, 2.5, 8 ], "texture": "#capercaillie" },
				"south": { "uv": [ 2.5, 7.5, 3, 8 ], "texture": "#capercaillie" },
				"west": { "uv": [ 3, 7.5, 3.5, 8 ], "texture": "#capercaillie", "rotation": 270 },
				"east": { "uv": [ 3.5, 7.5, 4, 8 ], "texture": "#capercaillie", "rotation": 90 }
			}
		}
	],
	"display": {
		"thirdperson_righthand": {
			"rotation":  [ 102, 0, 0 ],
			"translation":  [ 1.3913, -5.565, 6.2608 ]
		},
		"thirdperson_lefthand": {
			"rotation":  [ 102, 0, 0 ],
			"translation":  [ 1.3913, -5.565, 6.2608 ]
		},
		"firstperson_righthand": {
			"translation":  [ 0, 7.6521, 0 ]
		},
		"firstperson_lefthand": {
			"translation":  [ 0, 7.6521, 0 ]
		},
		"gui": {
			"rotation":  [ 0, 72, 3 ],
			"translation":  [ 2.7832, 6.2608, 0.6982 ],
			"scale":  [ 1.5, 1.5, 1.5 ]
		},
		"head": {
			"translation":  [ 0, -11.82, 14.607 ],
			"scale":  [ 4, 4, 4 ]
		},
		"ground": {
			"translation":  [ 0, 6.9565, 0 ]
		},
		"fixed": {
			"rotation":  [ -90, 0, 0 ],
			"translation":  [ 0, 6.2608, -24.33 ],
			"scale":  [ 3, 3, 3 ]
		}
	}
}