{
	"__comment": "Cubik Studio - https://cubik.studio",
	"textures": {
		"capercaillie": "item/capercaillie"
	},
	"elements": [ 	 
		{
			"__comment": "Box1",
			"from": [ 6.81, 1.5, 5.75 ],
			"to": [ 9.309999, 3.5, 7.75 ],
			"faces": {
				"down": { "uv": [ 7, 11, 8, 12 ], "texture": "#capercaillie" },
				"up": { "uv": [ 5.5, 13, 6.5, 14 ], "texture": "#capercaillie" },
				"north": { "uv": [ 5.5, 12, 6.5, 13 ], "texture": "#capercaillie" },
				"south": { "uv": [ 6.5, 13, 7.5, 14 ], "texture": "#capercaillie" },
				"west": { "uv": [ 6.5, 12, 7.5, 13 ], "texture": "#capercaillie" },
				"east": { "uv": [ 0, 11, 1, 12 ], "texture": "#capercaillie" }
			}
		},
		{
			"__comment": "Box1",
			"from": [ 7.895, 7.2981, 1.03 ],
			"to": [ 8.0486, 7.5029, 1.383894 ],
			"rotation": { "origin": [ 7.434999, 5, 1.03 ], "axis": "x", "angle": 22.5 },
			"faces": {
				"down": { "uv": [ 3, 9, 3.5, 9.5 ], "texture": "#capercaillie" },
				"up": { "uv": [ 3.5, 9, 4, 9.5 ], "texture": "#capercaillie" },
				"north": { "uv": [ 4, 9, 4.5, 9.5 ], "texture": "#capercaillie" },
				"south": { "uv": [ 4.5, 9, 5, 9.5 ], "texture": "#capercaillie" },
				"west": { "uv": [ 5, 9, 5.5, 9.5 ], "texture": "#capercaillie" },
				"east": { "uv": [ 5.5, 9, 6, 9.5 ], "texture": "#capercaillie" }
			}
		},
		{
			"__comment": "Box1",
			"from": [ 7.375, 4.55, 2.53 ],
			"to": [ 8.575, 5.75, 3.613 ],
			"rotation": { "origin": [ 7.434999, 5, 1.03 ], "axis": "x", "angle": -22.5 },
			"faces": {
				"down": { "uv": [ 7.5, 9, 8, 9.5 ], "texture": "#capercaillie" },
				"up": { "uv": [ 7, 9.5, 6.5, 9 ], "texture": "#capercaillie" },
				"north": { "uv": [ 10, 1, 9, 0 ], "texture": "#capercaillie" },
				"south": { "uv": [ 0.5, 9, 1, 9.5 ], "texture": "#capercaillie" },
				"west": { "uv": [ 15, 0, 16, 1 ], "texture": "#capercaillie", "rotation": 90 },
				"east": { "uv": [ 16, 0, 15, 1 ], "texture": "#capercaillie", "rotation": 270 }
			}
		},
		{
			"__comment": "Box1",
			"from": [ 7.5, 3.8931, 3.3876 ],
			"to": [ 8.5, 5.3931, 4.3876 ],
			"rotation": { "origin": [ 7.434999, 3.5, 3.03 ], "axis": "x", "angle": -22.5 },
			"faces": {
				"down": { "uv": [ 7, 8.5, 7.5, 9 ], "texture": "#capercaillie" },
				"up": { "uv": [ 7.5, 8.5, 8, 9 ], "texture": "#capercaillie" },
				"north": { "uv": [ 0, 8, 0.5, 8.5 ], "texture": "#capercaillie" },
				"south": { "uv": [ 0.5, 8, 1, 8.5 ], "texture": "#capercaillie" },
				"west": { "uv": [ 1, 8, 1.5, 8.5 ], "texture": "#capercaillie" },
				"east": { "uv": [ 1.5, 8, 2, 8.5 ], "texture": "#capercaillie" }
			}
		},
		{
			"__comment": "Box1",
			"from": [ 7.5, 5.55, 2.655 ],
			"to": [ 8.4, 6, 3.555 ],
			"rotation": { "origin": [ 7.434999, 5, 1.03 ], "axis": "x", "angle": -22.5 },
			"faces": {
				"down": { "uv": [ 3.5, 8, 4, 8.5 ], "texture": "#capercaillie" },
				"up": { "uv": [ 3.5, 8.5, 3, 8 ], "texture": "#capercaillie" },
				"north": { "uv": [ 2.5, 8.5, 2, 8 ], "texture": "#capercaillie" },
				"south": { "uv": [ 2.5, 8, 3, 8.5 ], "texture": "#capercaillie" },
				"west": { "uv": [ 5.5, 8, 6, 8.5 ], "texture": "#capercaillie", "rotation": 90 },
				"east": { "uv": [ 6, 8, 6.5, 8.5 ], "texture": "#capercaillie", "rotation": 270 }
			}
		},
		{
			"__comment": "Box1",
			"from": [ 7.665, 5.89, 2.78 ],
			"to": [ 8.241, 6.25, 3.356 ],
			"rotation": { "origin": [ 7.434999, 5, 1.03 ], "axis": "x", "angle": -22.5 },
			"faces": {
				"down": { "uv": [ 0, 9.5, 0.5, 10 ], "texture": "#capercaillie" },
				"up": { "uv": [ 1, 8, 0.5, 7.5 ], "texture": "#capercaillie" },
				"north": { "uv": [ 7, 8.5, 6.5, 8 ], "texture": "#capercaillie" },
				"south": { "uv": [ 0, 7.5, 0.5, 8 ], "texture": "#capercaillie" },
				"west": { "uv": [ 0.5, 9.5, 1, 10 ], "texture": "#capercaillie", "rotation": 90 },
				"east": { "uv": [ 1, 9.5, 1.5, 10 ], "texture": "#capercaillie", "rotation": 270 }
			}
		},
		{
			"__comment": "Box1",
			"from": [ 6.81, 0.0556, 3.67 ],
			"to": [ 7.11, 1.249994, 4.07 ],
			"rotation": { "origin": [ 6.809999, 1.25, 4.07 ], "axis": "x", "angle": 22.5 },
			"faces": {
				"down": { "uv": [ 1.5, 9.5, 2, 10 ], "texture": "#capercaillie" },
				"up": { "uv": [ 2, 9.5, 2.5, 10 ], "texture": "#capercaillie" },
				"north": { "uv": [ 2.5, 9.5, 3, 10 ], "texture": "#capercaillie" },
				"south": { "uv": [ 3, 9.5, 3.5, 10 ], "texture": "#capercaillie" },
				"west": { "uv": [ 3.5, 9.5, 4, 10 ], "texture": "#capercaillie", "rotation": 180 },
				"east": { "uv": [ 4, 9.5, 4.5, 10 ], "texture": "#capercaillie", "rotation": 180 }
			}
		},
		{
			"__comment": "Box1",
			"from": [ 7.435, 3.5, 2.945 ],
			"to": [ 8.537499, 4.5, 4.102625 ],
			"faces": {
				"down": { "uv": [ 5, 8, 5.5, 8.5 ], "texture": "#capercaillie" },
				"up": { "uv": [ 4.5, 9.5, 5, 10 ], "texture": "#capercaillie" },
				"north": { "uv": [ 5, 9.5, 5.5, 10 ], "texture": "#capercaillie" },
				"south": { "uv": [ 5.5, 9.5, 6, 10 ], "texture": "#capercaillie" },
				"west": { "uv": [ 6, 9.5, 6.5, 10 ], "texture": "#capercaillie" },
				"east": { "uv": [ 6.5, 9.5, 7, 10 ], "texture": "#capercaillie" }
			}
		},
		{
			"__comment": "Box1",
			"from": [ 6.725, 2, 2.875 ],
			"to": [ 9.1, 3.5, 3.375 ],
			"faces": {
				"down": { "uv": [ 2, 10, 3, 10.5 ], "texture": "#capercaillie" },
				"up": { "uv": [ 2, 10.5, 3, 11 ], "texture": "#capercaillie" },
				"north": { "uv": [ 4, 10.5, 5, 11 ], "texture": "#capercaillie" },
				"south": { "uv": [ 3, 10, 4, 10.5 ], "texture": "#capercaillie" },
				"west": { "uv": [ 7, 9.5, 7.5, 10 ], "texture": "#capercaillie" },
				"east": { "uv": [ 7.5, 9.5, 8, 10 ], "texture": "#capercaillie" }
			}
		},
		{
			"__comment": "Box1",
			"from": [ 9.415, 0.1657, 3.9565 ],
			"to": [ 9.735, 1.1657, 5.1565 ],
			"faces": {
				"down": { "uv": [ 2.5, 7.5, 3, 8 ], "texture": "#capercaillie" },
				"up": { "uv": [ 2.5, 8, 2, 7.5 ], "texture": "#capercaillie" },
				"north": { "uv": [ 1.5, 8, 1, 7.5 ], "texture": "#capercaillie" },
				"south": { "uv": [ 1.5, 7.5, 2, 8 ], "texture": "#capercaillie" },
				"west": { "uv": [ 3.5, 7.5, 4, 8 ], "texture": "#capercaillie", "rotation": 180 },
				"east": { "uv": [ 3, 8, 3.5, 7.5 ], "texture": "#capercaillie", "rotation": 180 }
			}
		},
		{
			"__comment": "Box1",
			"from": [ 6.685, 1.5, 3.125 ],
			"to": [ 9.184999, 3.6, 5.125 ],
			"faces": {
				"down": { "uv": [ 1, 11, 2, 12 ], "texture": "#capercaillie" },
				"up": { "uv": [ 2, 11, 3, 12 ], "texture": "#capercaillie" },
				"north": { "uv": [ 3, 11, 4, 12 ], "texture": "#capercaillie" },
				"south": { "uv": [ 4, 11, 5, 12 ], "texture": "#capercaillie" },
				"west": { "uv": [ 5, 11, 6, 12 ], "texture": "#capercaillie" },
				"east": { "uv": [ 6, 11, 7, 12 ], "texture": "#capercaillie" }
			}
		},
		{
			"__comment": "PlaneX12",
			"from": [ 7.625, 2.555, 6.999 ],
			"to": [ 12.625, 7.055, 7 ],
			"rotation": { "origin": [ 12.625, 2.555, 7 ], "axis": "x", "angle": 22.5 },
			"faces": {
				"north": { "uv": [ 2.5, 16, 5, 14 ], "texture": "#capercaillie" },
				"south": { "uv": [ 5, 16, 2.5, 14 ], "texture": "#capercaillie" }
			}
		},
		{
			"__comment": "PlaneX12",
			"from": [ 3, 2.555, 6.929 ],
			"to": [ 8, 7.055, 6.93 ],
			"rotation": { "origin": [ 12.625, 2.555, 7 ], "axis": "x", "angle": 22.5 },
			"faces": {
				"north": { "uv": [ 5, 16, 2.5, 14 ], "texture": "#capercaillie" },
				"south": { "uv": [ 2.5, 16, 5, 14 ], "texture": "#capercaillie" }
			}
		},
		{
			"__comment": "Box1",
			"from": [ 7.81, 6.1, 2.78 ],
			"to": [ 8.11, 6.5, 3.18 ],
			"rotation": { "origin": [ 7.434999, 5, 1.03 ], "axis": "x", "angle": -22.5 },
			"faces": {
				"down": { "uv": [ 1.5, 8.5, 2, 9 ], "texture": "#capercaillie" },
				"up": { "uv": [ 1.5, 9, 1, 8.5 ], "texture": "#capercaillie" },
				"north": { "uv": [ 0.5, 9, 0, 8.5 ], "texture": "#capercaillie" },
				"south": { "uv": [ 0.5, 8.5, 1, 9 ], "texture": "#capercaillie" },
				"west": { "uv": [ 2, 8.5, 2.5, 9 ], "texture": "#capercaillie", "rotation": 90 },
				"east": { "uv": [ 2.5, 8.5, 3, 9 ], "texture": "#capercaillie", "rotation": 270 }
			}
		},
		{
			"__comment": "Box1",
			"from": [ 8.809999, -0.1944, 5.42 ],
			"to": [ 9.11, 0.9999939, 5.82 ],
			"rotation": { "origin": [ 8.25, -0.2, 4.25 ], "axis": "x", "angle": -22.5 },
			"faces": {
				"down": { "uv": [ 2, 9.5, 2.5, 10 ], "texture": "#capercaillie" },
				"up": { "uv": [ 2, 9.5, 2.5, 10 ], "texture": "#capercaillie" },
				"north": { "uv": [ 3.5, 9.5, 4, 10 ], "texture": "#capercaillie", "rotation": 180 },
				"south": { "uv": [ 3.5, 9.5, 4, 10 ], "texture": "#capercaillie", "rotation": 180 },
				"west": { "uv": [ 3.5, 9.5, 4, 10 ], "texture": "#capercaillie", "rotation": 180 },
				"east": { "uv": [ 3.5, 9.5, 4, 10 ], "texture": "#capercaillie", "rotation": 180 }
			}
		},
		{
			"__comment": "PlaneY16",
			"from": [ 8.25, 0.3, 4.125 ],
			"to": [ 9.75, 0.301, 6.625 ],
			"rotation": { "origin": [ 8.25, 0.3, 4.125 ], "axis": "x", "angle": 0 },
			"faces": {
				"down": { "uv": [ 16, 16, 15, 14.5 ], "texture": "#capercaillie" },
				"up": { "uv": [ 16, 14.5, 15, 16 ], "texture": "#capercaillie" }
			}
		},
		{
			"__comment": "PlaneY16",
			"from": [ 6.25, 0.175, 2 ],
			"to": [ 7.75, 0.176, 4.5 ],
			"rotation": { "origin": [ 6.809999, 1.375, 3.57 ], "axis": "x", "angle": 0 },
			"faces": {
				"down": { "uv": [ 15, 16, 16, 14.5 ], "texture": "#capercaillie" },
				"up": { "uv": [ 15, 14.5, 16, 16 ], "texture": "#capercaillie" }
			}
		},
		{
			"__comment": "Box1",
			"from": [ 6.435, 1.25, 3.875 ],
			"to": [ 9.434999, 3.625, 5.875 ],
			"faces": {
				"down": { "uv": [ 2.5, 12, 4, 13 ], "texture": "#capercaillie" },
				"up": { "uv": [ 2.5, 13, 4, 14 ], "texture": "#capercaillie" },
				"north": { "uv": [ 4, 12, 5.5, 13 ], "texture": "#capercaillie" },
				"south": { "uv": [ 4, 13, 5.5, 14 ], "texture": "#capercaillie" },
				"west": { "uv": [ 0, 10, 1, 11 ], "texture": "#capercaillie" },
				"east": { "uv": [ 1, 10, 2, 11 ], "texture": "#capercaillie" }
			}
		},
		{
			"__comment": "Box1",
			"from": [ 9.434999, 0.7077, 3.8496 ],
			"to": [ 9.754999, 3.2077, 5.6496 ],
			"faces": {
				"down": { "uv": [ 7.5, 8, 8, 8.5 ], "texture": "#capercaillie" },
				"up": { "uv": [ 7, 8.5, 7.5, 8 ], "texture": "#capercaillie" },
				"north": { "uv": [ 6, 11, 6.5, 10 ], "texture": "#capercaillie" },
				"south": { "uv": [ 7, 10, 6.5, 11 ], "texture": "#capercaillie" },
				"west": { "uv": [ 7, 10, 8, 10.5 ], "texture": "#capercaillie", "rotation": 180 },
				"east": { "uv": [ 7, 11, 8, 10.5 ], "texture": "#capercaillie", "rotation": 180 }
			}
		},
		{
			"__comment": "Box1",
			"from": [ 6.185, 0.4577, 5.4746 ],
			"to": [ 6.505, 2.9577, 7.2746 ],
			"rotation": { "origin": [ 6.185, 0.5, 5.25 ], "axis": "x", "angle": -45 },
			"faces": {
				"down": { "uv": [ 7.5, 8, 8, 8.5 ], "texture": "#capercaillie" },
				"up": { "uv": [ 7.5, 8.5, 7, 8 ], "texture": "#capercaillie" },
				"north": { "uv": [ 6.5, 11, 6, 10 ], "texture": "#capercaillie" },
				"south": { "uv": [ 6.5, 10, 7, 11 ], "texture": "#capercaillie" },
				"west": { "uv": [ 7, 10.5, 8, 11 ], "texture": "#capercaillie" },
				"east": { "uv": [ 7, 10, 8, 10.5 ], "texture": "#capercaillie" }
			}
		},
		{
			"__comment": "Box1",
			"from": [ 6.205, -0.0843, 5.5815 ],
			"to": [ 6.525, 0.9157, 6.7815 ],
			"rotation": { "origin": [ 6.185, 0.5, 5.25 ], "axis": "x", "angle": -45 },
			"faces": {
				"down": { "uv": [ 2.5, 7.5, 3, 8 ], "texture": "#capercaillie" },
				"up": { "uv": [ 2.5, 8, 2, 7.5 ], "texture": "#capercaillie" },
				"north": { "uv": [ 1.5, 8, 1, 7.5 ], "texture": "#capercaillie" },
				"south": { "uv": [ 1.5, 7.5, 2, 8 ], "texture": "#capercaillie" },
				"west": { "uv": [ 3, 7.5, 3.5, 8 ], "texture": "#capercaillie" },
				"east": { "uv": [ 3.5, 7.5, 4, 8 ], "texture": "#capercaillie" }
			}
		}
	],
	"display": {
		"thirdperson_righthand": {
			"rotation":  [ 102, 0, 0 ],
			"translation":  [ 1.3913, -5.565, 6.2608 ]
		},
		"thirdperson_lefthand": {
			"rotation":  [ 102, 0, 0 ],
			"translation":  [ 1.3913, -5.565, 6.2608 ]
		},
		"firstperson_righthand": {
			"translation":  [ 0, 7.6521, 0 ]
		},
		"firstperson_lefthand": {
			"translation":  [ 0, 7.6521, 0 ]
		},
		"gui": {
			"rotation":  [ 0, 72, 3 ],
			"translation":  [ 2.7832, 6.2608, 0.6982 ],
			"scale":  [ 1.5, 1.5, 1.5 ]
		},
		"head": {
			"translation":  [ 0, -11.82, 14.607 ],
			"scale":  [ 4, 4, 4 ]
		},
		"ground": {
			"translation":  [ 0, 6.9565, 0 ]
		},
		"fixed": {
			"rotation":  [ -90, 0, 0 ],
			"translation":  [ 0, 6.2608, -24.33 ],
			"scale":  [ 3, 3, 3 ]
		}
	}
}