{
	"__comment": "Cubik Studio - https://cubik.studio",
	"textures": {
		"carcass": "item/carcass"
	},
	"elements": [ 	 
		{
			"__comment": "Box1",
			"from": [ 5.4808, 5.0315, 6.1532 ],
			"to": [ 5.799664, 6.306958, 6.472064 ],
			"faces": {
				"down": { "uv": [ 11, 10, 11.5, 10.5 ], "texture": "#carcass", "rotation": 270 },
				"up": { "uv": [ 11, 10, 11.5, 10.5 ], "texture": "#carcass", "rotation": 270 },
				"north": { "uv": [ 11, 10, 11.5, 10.5 ], "texture": "#carcass", "rotation": 270 },
				"south": { "uv": [ 11, 10, 11.5, 10.5 ], "texture": "#carcass", "rotation": 270 },
				"west": { "uv": [ 11, 10, 11.5, 10.5 ], "texture": "#carcass", "rotation": 270 },
				"east": { "uv": [ 11, 10, 11.5, 10.5 ], "texture": "#carcass", "rotation": 270 }
			}
		},
		{
			"__comment": "Box1",
			"from": [ 5.4769, 6.1614, 4.9448 ],
			"to": [ 5.831193, 6.515694, 6.361976 ],
			"rotation": { "origin": [ 5.480832, 6.306916, 6.153251 ], "axis": "x", "angle": 45 },
			"faces": {
				"down": { "uv": [ 11, 10, 11.5, 10.5 ], "texture": "#carcass", "rotation": 270 },
				"up": { "uv": [ 11, 10, 11.5, 10.5 ], "texture": "#carcass", "rotation": 270 },
				"north": { "uv": [ 11, 10, 11.5, 10.5 ], "texture": "#carcass", "rotation": 270 },
				"south": { "uv": [ 11, 10, 11.5, 10.5 ], "texture": "#carcass", "rotation": 270 },
				"west": { "uv": [ 11, 10, 11.5, 10.5 ], "texture": "#carcass", "rotation": 270 },
				"east": { "uv": [ 11, 10, 11.5, 10.5 ], "texture": "#carcass", "rotation": 270 }
			}
		},
		{
			"__comment": "Box1",
			"from": [ 5.473, 6.9013, 3.8405 ],
			"to": [ 5.86666, 7.29496, 5.41514 ],
			"faces": {
				"down": { "uv": [ 11, 10, 11.5, 10.5 ], "texture": "#carcass", "rotation": 270 },
				"up": { "uv": [ 11, 10, 11.5, 10.5 ], "texture": "#carcass", "rotation": 270 },
				"north": { "uv": [ 11, 10, 11.5, 10.5 ], "texture": "#carcass", "rotation": 270 },
				"south": { "uv": [ 11, 10, 11.5, 10.5 ], "texture": "#carcass", "rotation": 270 },
				"west": { "uv": [ 11, 10, 11.5, 10.5 ], "texture": "#carcass", "rotation": 270 },
				"east": { "uv": [ 11, 10, 11.5, 10.5 ], "texture": "#carcass", "rotation": 270 }
			}
		},
		{
			"__comment": "Box1",
			"from": [ 5.473, 6.9013, 1.613 ],
			"to": [ 5.86666, 7.29496, 3.18764 ],
			"faces": {
				"down": { "uv": [ 11, 10, 11.5, 10.5 ], "texture": "#carcass", "rotation": 270 },
				"up": { "uv": [ 11, 10, 11.5, 10.5 ], "texture": "#carcass", "rotation": 270 },
				"north": { "uv": [ 11, 10, 11.5, 10.5 ], "texture": "#carcass", "rotation": 270 },
				"south": { "uv": [ 11, 10, 11.5, 10.5 ], "texture": "#carcass", "rotation": 270 },
				"west": { "uv": [ 11, 10, 11.5, 10.5 ], "texture": "#carcass", "rotation": 270 },
				"east": { "uv": [ 11, 10, 11.5, 10.5 ], "texture": "#carcass", "rotation": 270 }
			}
		},
		{
			"__comment": "Box1",
			"from": [ 5.4769, 2.3404, 2.2121 ],
			"to": [ 5.831193, 3.757576, 2.566394 ],
			"rotation": { "origin": [ 5.480832, 6.306916, 6.153251 ], "axis": "x", "angle": 45 },
			"faces": {
				"down": { "uv": [ 11, 10, 11.5, 10.5 ], "texture": "#carcass", "rotation": 270 },
				"up": { "uv": [ 11, 10, 11.5, 10.5 ], "texture": "#carcass", "rotation": 270 },
				"north": { "uv": [ 11, 10, 11.5, 10.5 ], "texture": "#carcass", "rotation": 270 },
				"south": { "uv": [ 11, 10, 11.5, 10.5 ], "texture": "#carcass", "rotation": 270 },
				"west": { "uv": [ 11, 10, 11.5, 10.5 ], "texture": "#carcass", "rotation": 270 },
				"east": { "uv": [ 11, 10, 11.5, 10.5 ], "texture": "#carcass", "rotation": 270 }
			}
		},
		{
			"__comment": "Box1",
			"from": [ 5.4808, 5.0314, 0.6288 ],
			"to": [ 5.799664, 6.306858, 0.9476645 ],
			"faces": {
				"down": { "uv": [ 11, 10, 11.5, 10.5 ], "texture": "#carcass", "rotation": 270 },
				"up": { "uv": [ 11, 10, 11.5, 10.5 ], "texture": "#carcass", "rotation": 270 },
				"north": { "uv": [ 11, 10, 11.5, 10.5 ], "texture": "#carcass", "rotation": 270 },
				"south": { "uv": [ 11, 10, 11.5, 10.5 ], "texture": "#carcass", "rotation": 270 },
				"west": { "uv": [ 11, 10, 11.5, 10.5 ], "texture": "#carcass", "rotation": 270 },
				"east": { "uv": [ 11, 10, 11.5, 10.5 ], "texture": "#carcass", "rotation": 270 }
			}
		},
		{
			"__comment": "Box1",
			"from": [ 2.1655, 6.755, 3.8626 ],
			"to": [ 2.7055, 7.295, 6.0226 ],
			"faces": {
				"down": { "uv": [ 11, 10, 11.5, 10.5 ], "texture": "#carcass", "rotation": 270 },
				"up": { "uv": [ 11, 10, 11.5, 10.5 ], "texture": "#carcass", "rotation": 270 },
				"north": { "uv": [ 11, 10, 11.5, 10.5 ], "texture": "#carcass", "rotation": 270 },
				"south": { "uv": [ 11, 10, 11.5, 10.5 ], "texture": "#carcass", "rotation": 270 },
				"west": { "uv": [ 11, 10, 11.5, 10.5 ], "texture": "#carcass", "rotation": 270 },
				"east": { "uv": [ 11, 10, 11.5, 10.5 ], "texture": "#carcass", "rotation": 270 }
			}
		},
		{
			"__comment": "Box1",
			"from": [ 2.1709, 6.4712, 5.3789 ],
			"to": [ 2.6569, 6.9572, 7.3229 ],
			"rotation": { "origin": [ 5.480832, 6.306916, 6.153251 ], "axis": "x", "angle": 45 },
			"faces": {
				"down": { "uv": [ 11, 10, 11.5, 10.5 ], "texture": "#carcass", "rotation": 270 },
				"up": { "uv": [ 11, 10, 11.5, 10.5 ], "texture": "#carcass", "rotation": 270 },
				"north": { "uv": [ 11, 10, 11.5, 10.5 ], "texture": "#carcass", "rotation": 270 },
				"south": { "uv": [ 11, 10, 11.5, 10.5 ], "texture": "#carcass", "rotation": 270 },
				"west": { "uv": [ 11, 10, 11.5, 10.5 ], "texture": "#carcass", "rotation": 270 },
				"east": { "uv": [ 11, 10, 11.5, 10.5 ], "texture": "#carcass", "rotation": 270 }
			}
		},
		{
			"__comment": "Box1",
			"from": [ 2.1763, 4.19, 7.0351 ],
			"to": [ 2.6137, 5.9396, 7.4725 ],
			"faces": {
				"down": { "uv": [ 11, 10, 11.5, 10.5 ], "texture": "#carcass", "rotation": 270 },
				"up": { "uv": [ 11, 10, 11.5, 10.5 ], "texture": "#carcass", "rotation": 270 },
				"north": { "uv": [ 11, 10, 11.5, 10.5 ], "texture": "#carcass", "rotation": 270 },
				"south": { "uv": [ 11, 10, 11.5, 10.5 ], "texture": "#carcass", "rotation": 270 },
				"west": { "uv": [ 11, 10, 11.5, 10.5 ], "texture": "#carcass", "rotation": 270 },
				"east": { "uv": [ 11, 10, 11.5, 10.5 ], "texture": "#carcass", "rotation": 270 }
			}
		},
		{
			"__comment": "Box1",
			"from": [ 3.313, 6.809, 3.8086 ],
			"to": [ 3.799, 7.295, 5.7526 ],
			"faces": {
				"down": { "uv": [ 11, 10, 11.5, 10.5 ], "texture": "#carcass", "rotation": 270 },
				"up": { "uv": [ 11, 10, 11.5, 10.5 ], "texture": "#carcass", "rotation": 270 },
				"north": { "uv": [ 11, 10, 11.5, 10.5 ], "texture": "#carcass", "rotation": 270 },
				"south": { "uv": [ 11, 10, 11.5, 10.5 ], "texture": "#carcass", "rotation": 270 },
				"west": { "uv": [ 11, 10, 11.5, 10.5 ], "texture": "#carcass", "rotation": 270 },
				"east": { "uv": [ 11, 10, 11.5, 10.5 ], "texture": "#carcass", "rotation": 270 }
			}
		},
		{
			"__comment": "Box1",
			"from": [ 3.3178, 6.3244, 5.1864 ],
			"to": [ 3.7552, 6.7618, 6.936 ],
			"rotation": { "origin": [ 5.480832, 6.306916, 6.153251 ], "axis": "x", "angle": 45 },
			"faces": {
				"down": { "uv": [ 11, 10, 11.5, 10.5 ], "texture": "#carcass", "rotation": 270 },
				"up": { "uv": [ 11, 10, 11.5, 10.5 ], "texture": "#carcass", "rotation": 270 },
				"north": { "uv": [ 11, 10, 11.5, 10.5 ], "texture": "#carcass", "rotation": 270 },
				"south": { "uv": [ 11, 10, 11.5, 10.5 ], "texture": "#carcass", "rotation": 270 },
				"west": { "uv": [ 11, 10, 11.5, 10.5 ], "texture": "#carcass", "rotation": 270 },
				"east": { "uv": [ 11, 10, 11.5, 10.5 ], "texture": "#carcass", "rotation": 270 }
			}
		},
		{
			"__comment": "Box1",
			"from": [ 3.3227, 4.5005, 6.6639 ],
			"to": [ 3.71636, 6.07514, 7.05756 ],
			"faces": {
				"down": { "uv": [ 11, 10, 11.5, 10.5 ], "texture": "#carcass", "rotation": 270 },
				"up": { "uv": [ 11, 10, 11.5, 10.5 ], "texture": "#carcass", "rotation": 270 },
				"north": { "uv": [ 11, 10, 11.5, 10.5 ], "texture": "#carcass", "rotation": 270 },
				"south": { "uv": [ 11, 10, 11.5, 10.5 ], "texture": "#carcass", "rotation": 270 },
				"west": { "uv": [ 11, 10, 11.5, 10.5 ], "texture": "#carcass", "rotation": 270 },
				"east": { "uv": [ 11, 10, 11.5, 10.5 ], "texture": "#carcass", "rotation": 270 }
			}
		},
		{
			"__comment": "Box1",
			"from": [ 4.4605, 6.8576, 3.8005 ],
			"to": [ 4.8979, 7.295, 5.5501 ],
			"faces": {
				"down": { "uv": [ 11, 10, 11.5, 10.5 ], "texture": "#carcass", "rotation": 270 },
				"up": { "uv": [ 11, 10, 11.5, 10.5 ], "texture": "#carcass", "rotation": 270 },
				"north": { "uv": [ 11, 10, 11.5, 10.5 ], "texture": "#carcass", "rotation": 270 },
				"south": { "uv": [ 11, 10, 11.5, 10.5 ], "texture": "#carcass", "rotation": 270 },
				"west": { "uv": [ 11, 10, 11.5, 10.5 ], "texture": "#carcass", "rotation": 270 },
				"east": { "uv": [ 11, 10, 11.5, 10.5 ], "texture": "#carcass", "rotation": 270 }
			}
		},
		{
			"__comment": "Box1",
			"from": [ 4.4648, 6.221, 5.0417 ],
			"to": [ 4.85846, 6.61466, 6.61634 ],
			"rotation": { "origin": [ 5.480832, 6.306916, 6.153251 ], "axis": "x", "angle": 45 },
			"faces": {
				"down": { "uv": [ 11, 10, 11.5, 10.5 ], "texture": "#carcass", "rotation": 270 },
				"up": { "uv": [ 11, 10, 11.5, 10.5 ], "texture": "#carcass", "rotation": 270 },
				"north": { "uv": [ 11, 10, 11.5, 10.5 ], "texture": "#carcass", "rotation": 270 },
				"south": { "uv": [ 11, 10, 11.5, 10.5 ], "texture": "#carcass", "rotation": 270 },
				"west": { "uv": [ 11, 10, 11.5, 10.5 ], "texture": "#carcass", "rotation": 270 },
				"east": { "uv": [ 11, 10, 11.5, 10.5 ], "texture": "#carcass", "rotation": 270 }
			}
		},
		{
			"__comment": "Box1",
			"from": [ 4.4692, 4.78, 6.3703 ],
			"to": [ 4.823493, 6.197176, 6.724594 ],
			"faces": {
				"down": { "uv": [ 11, 10, 11.5, 10.5 ], "texture": "#carcass", "rotation": 270 },
				"up": { "uv": [ 11, 10, 11.5, 10.5 ], "texture": "#carcass", "rotation": 270 },
				"north": { "uv": [ 11, 10, 11.5, 10.5 ], "texture": "#carcass", "rotation": 270 },
				"south": { "uv": [ 11, 10, 11.5, 10.5 ], "texture": "#carcass", "rotation": 270 },
				"west": { "uv": [ 11, 10, 11.5, 10.5 ], "texture": "#carcass", "rotation": 270 },
				"east": { "uv": [ 11, 10, 11.5, 10.5 ], "texture": "#carcass", "rotation": 270 }
			}
		},
		{
			"__comment": "Box1",
			"from": [ 2.1709, 1.3857, 1.7863 ],
			"to": [ 2.6569, 3.3297, 2.2723 ],
			"rotation": { "origin": [ 5.480832, 6.306916, 6.153251 ], "axis": "x", "angle": 45 },
			"faces": {
				"down": { "uv": [ 11, 10, 11.5, 10.5 ], "texture": "#carcass", "rotation": 270 },
				"up": { "uv": [ 11, 10, 11.5, 10.5 ], "texture": "#carcass", "rotation": 270 },
				"north": { "uv": [ 11, 10, 11.5, 10.5 ], "texture": "#carcass", "rotation": 270 },
				"south": { "uv": [ 11, 10, 11.5, 10.5 ], "texture": "#carcass", "rotation": 270 },
				"west": { "uv": [ 11, 10, 11.5, 10.5 ], "texture": "#carcass", "rotation": 270 },
				"east": { "uv": [ 11, 10, 11.5, 10.5 ], "texture": "#carcass", "rotation": 270 }
			}
		},
		{
			"__comment": "Box1",
			"from": [ 2.1763, 4.19, -0.3224 ],
			"to": [ 2.6137, 5.9396, 0.1149999 ],
			"faces": {
				"down": { "uv": [ 11, 10, 11.5, 10.5 ], "texture": "#carcass", "rotation": 270 },
				"up": { "uv": [ 11, 10, 11.5, 10.5 ], "texture": "#carcass", "rotation": 270 },
				"north": { "uv": [ 11, 10, 11.5, 10.5 ], "texture": "#carcass", "rotation": 270 },
				"south": { "uv": [ 11, 10, 11.5, 10.5 ], "texture": "#carcass", "rotation": 270 },
				"west": { "uv": [ 11, 10, 11.5, 10.5 ], "texture": "#carcass", "rotation": 270 },
				"east": { "uv": [ 11, 10, 11.5, 10.5 ], "texture": "#carcass", "rotation": 270 }
			}
		},
		{
			"__comment": "Box1",
			"from": [ 3.313, 6.809, 1.2436 ],
			"to": [ 3.799, 7.295, 3.1876 ],
			"faces": {
				"down": { "uv": [ 11, 10, 11.5, 10.5 ], "texture": "#carcass", "rotation": 270 },
				"up": { "uv": [ 11, 10, 11.5, 10.5 ], "texture": "#carcass", "rotation": 270 },
				"north": { "uv": [ 11, 10, 11.5, 10.5 ], "texture": "#carcass", "rotation": 270 },
				"south": { "uv": [ 11, 10, 11.5, 10.5 ], "texture": "#carcass", "rotation": 270 },
				"west": { "uv": [ 11, 10, 11.5, 10.5 ], "texture": "#carcass", "rotation": 270 },
				"east": { "uv": [ 11, 10, 11.5, 10.5 ], "texture": "#carcass", "rotation": 270 }
			}
		},
		{
			"__comment": "Box1",
			"from": [ 3.3178, 1.738, 1.9434 ],
			"to": [ 3.7552, 3.4876, 2.3808 ],
			"rotation": { "origin": [ 5.480832, 6.306916, 6.153251 ], "axis": "x", "angle": 45 },
			"faces": {
				"down": { "uv": [ 11, 10, 11.5, 10.5 ], "texture": "#carcass", "rotation": 270 },
				"up": { "uv": [ 11, 10, 11.5, 10.5 ], "texture": "#carcass", "rotation": 270 },
				"north": { "uv": [ 11, 10, 11.5, 10.5 ], "texture": "#carcass", "rotation": 270 },
				"south": { "uv": [ 11, 10, 11.5, 10.5 ], "texture": "#carcass", "rotation": 270 },
				"west": { "uv": [ 11, 10, 11.5, 10.5 ], "texture": "#carcass", "rotation": 270 },
				"east": { "uv": [ 11, 10, 11.5, 10.5 ], "texture": "#carcass", "rotation": 270 }
			}
		},
		{
			"__comment": "Box1",
			"from": [ 3.3227, 4.5005, 0.0286 ],
			"to": [ 3.71636, 6.07514, 0.42226 ],
			"faces": {
				"down": { "uv": [ 11, 10, 11.5, 10.5 ], "texture": "#carcass", "rotation": 270 },
				"up": { "uv": [ 11, 10, 11.5, 10.5 ], "texture": "#carcass", "rotation": 270 },
				"north": { "uv": [ 11, 10, 11.5, 10.5 ], "texture": "#carcass", "rotation": 270 },
				"south": { "uv": [ 11, 10, 11.5, 10.5 ], "texture": "#carcass", "rotation": 270 },
				"west": { "uv": [ 11, 10, 11.5, 10.5 ], "texture": "#carcass", "rotation": 270 },
				"east": { "uv": [ 11, 10, 11.5, 10.5 ], "texture": "#carcass", "rotation": 270 }
			}
		},
		{
			"__comment": "Box1",
			"from": [ 4.4605, 6.8576, 1.438 ],
			"to": [ 4.8979, 7.295, 3.1876 ],
			"faces": {
				"down": { "uv": [ 11, 10, 11.5, 10.5 ], "texture": "#carcass", "rotation": 270 },
				"up": { "uv": [ 11, 10, 11.5, 10.5 ], "texture": "#carcass", "rotation": 270 },
				"north": { "uv": [ 11, 10, 11.5, 10.5 ], "texture": "#carcass", "rotation": 270 },
				"south": { "uv": [ 11, 10, 11.5, 10.5 ], "texture": "#carcass", "rotation": 270 },
				"west": { "uv": [ 11, 10, 11.5, 10.5 ], "texture": "#carcass", "rotation": 270 },
				"east": { "uv": [ 11, 10, 11.5, 10.5 ], "texture": "#carcass", "rotation": 270 }
			}
		},
		{
			"__comment": "Box1",
			"from": [ 4.4648, 2.055, 2.0848 ],
			"to": [ 4.85846, 3.62964, 2.47846 ],
			"rotation": { "origin": [ 5.480832, 6.306916, 6.153251 ], "axis": "x", "angle": 45 },
			"faces": {
				"down": { "uv": [ 11, 10, 11.5, 10.5 ], "texture": "#carcass", "rotation": 270 },
				"up": { "uv": [ 11, 10, 11.5, 10.5 ], "texture": "#carcass", "rotation": 270 },
				"north": { "uv": [ 11, 10, 11.5, 10.5 ], "texture": "#carcass", "rotation": 270 },
				"south": { "uv": [ 11, 10, 11.5, 10.5 ], "texture": "#carcass", "rotation": 270 },
				"west": { "uv": [ 11, 10, 11.5, 10.5 ], "texture": "#carcass", "rotation": 270 },
				"east": { "uv": [ 11, 10, 11.5, 10.5 ], "texture": "#carcass", "rotation": 270 }
			}
		},
		{
			"__comment": "Box1",
			"from": [ 4.4692, 4.7799, 0.3445 ],
			"to": [ 4.823493, 6.197076, 0.698794 ],
			"faces": {
				"down": { "uv": [ 11, 10, 11.5, 10.5 ], "texture": "#carcass", "rotation": 270 },
				"up": { "uv": [ 11, 10, 11.5, 10.5 ], "texture": "#carcass", "rotation": 270 },
				"north": { "uv": [ 11, 10, 11.5, 10.5 ], "texture": "#carcass", "rotation": 270 },
				"south": { "uv": [ 11, 10, 11.5, 10.5 ], "texture": "#carcass", "rotation": 270 },
				"west": { "uv": [ 11, 10, 11.5, 10.5 ], "texture": "#carcass", "rotation": 270 },
				"east": { "uv": [ 11, 10, 11.5, 10.5 ], "texture": "#carcass", "rotation": 270 }
			}
		},
		{
			"__comment": "Box1",
			"from": [ 2.1655, 6.755, 1.0276 ],
			"to": [ 2.7055, 7.295, 3.1876 ],
			"faces": {
				"down": { "uv": [ 11, 10, 11.5, 10.5 ], "texture": "#carcass", "rotation": 270 },
				"up": { "uv": [ 11, 10, 11.5, 10.5 ], "texture": "#carcass", "rotation": 270 },
				"north": { "uv": [ 11, 10, 11.5, 10.5 ], "texture": "#carcass", "rotation": 270 },
				"south": { "uv": [ 11, 10, 11.5, 10.5 ], "texture": "#carcass", "rotation": 270 },
				"west": { "uv": [ 11, 10, 11.5, 10.5 ], "texture": "#carcass", "rotation": 270 },
				"east": { "uv": [ 11, 10, 11.5, 10.5 ], "texture": "#carcass", "rotation": 270 }
			}
		},
		{
			"__comment": "Box1",
			"from": [ 1.8955, 6.497, 3.0526 ],
			"to": [ 2.9755, 7.307, 3.8626 ],
			"faces": {
				"down": { "uv": [ 11, 10, 11.5, 10.5 ], "texture": "#carcass", "rotation": 270 },
				"up": { "uv": [ 11, 10, 11.5, 10.5 ], "texture": "#carcass", "rotation": 270 },
				"north": { "uv": [ 11, 10, 11.5, 10.5 ], "texture": "#carcass", "rotation": 270 },
				"south": { "uv": [ 11, 10, 11.5, 10.5 ], "texture": "#carcass", "rotation": 270 },
				"west": { "uv": [ 11, 10, 11.5, 10.5 ], "texture": "#carcass", "rotation": 270 },
				"east": { "uv": [ 11, 10, 11.5, 10.5 ], "texture": "#carcass", "rotation": 270 }
			}
		},
		{
			"__comment": "Box1",
			"from": [ 3.2455, 6.497, 3.0526 ],
			"to": [ 4.3255, 7.307, 3.8626 ],
			"faces": {
				"down": { "uv": [ 11, 10, 11.5, 10.5 ], "texture": "#carcass", "rotation": 270 },
				"up": { "uv": [ 11, 10, 11.5, 10.5 ], "texture": "#carcass", "rotation": 270 },
				"north": { "uv": [ 11, 10, 11.5, 10.5 ], "texture": "#carcass", "rotation": 270 },
				"south": { "uv": [ 11, 10, 11.5, 10.5 ], "texture": "#carcass", "rotation": 270 },
				"west": { "uv": [ 11, 10, 11.5, 10.5 ], "texture": "#carcass", "rotation": 270 },
				"east": { "uv": [ 11, 10, 11.5, 10.5 ], "texture": "#carcass", "rotation": 270 }
			}
		},
		{
			"__comment": "Box1",
			"from": [ 4.5955, 6.497, 3.0526 ],
			"to": [ 5.6755, 7.307, 3.8626 ],
			"faces": {
				"down": { "uv": [ 11, 10, 11.5, 10.5 ], "texture": "#carcass", "rotation": 270 },
				"up": { "uv": [ 11, 10, 11.5, 10.5 ], "texture": "#carcass", "rotation": 270 },
				"north": { "uv": [ 11, 10, 11.5, 10.5 ], "texture": "#carcass", "rotation": 270 },
				"south": { "uv": [ 11, 10, 11.5, 10.5 ], "texture": "#carcass", "rotation": 270 },
				"west": { "uv": [ 11, 10, 11.5, 10.5 ], "texture": "#carcass", "rotation": 270 },
				"east": { "uv": [ 11, 10, 11.5, 10.5 ], "texture": "#carcass", "rotation": 270 }
			}
		},
		{
			"__comment": "Box1",
			"from": [ 5.909, 4.7602, 5.6886 ],
			"to": [ 7.253, 5.9122, 7.4166 ],
			"faces": {
				"down": { "uv": [ 6.5, 0, 7, 0.5 ], "texture": "#carcass", "rotation": 270 },
				"up": { "uv": [ 6.5, 0, 7, 0.5 ], "texture": "#carcass", "rotation": 270 },
				"north": { "uv": [ 6.5, 0, 7, 0.5 ], "texture": "#carcass", "rotation": 270 },
				"south": { "uv": [ 6.5, 0, 7, 0.5 ], "texture": "#carcass", "rotation": 270 },
				"west": { "uv": [ 6.5, 0, 7, 0.5 ], "texture": "#carcass", "rotation": 270 },
				"east": { "uv": [ 6.5, 0, 7, 0.5 ], "texture": "#carcass", "rotation": 270 }
			}
		},
		{
			"__comment": "Box1",
			"from": [ 2.9544, 6.572, 3.1066 ],
			"to": [ 3.24549, 7.301, 3.8356 ],
			"faces": {
				"down": { "uv": [ 15.5, 13, 16, 13.5 ], "texture": "#carcass", "rotation": 270 },
				"up": { "uv": [ 15.5, 13, 16, 13.5 ], "texture": "#carcass", "rotation": 270 },
				"north": { "uv": [ 15.5, 13, 16, 13.5 ], "texture": "#carcass", "rotation": 270 },
				"south": { "uv": [ 15.5, 13, 16, 13.5 ], "texture": "#carcass", "rotation": 270 },
				"west": { "uv": [ 15.5, 13, 16, 13.5 ], "texture": "#carcass", "rotation": 270 },
				"east": { "uv": [ 15.5, 13, 16, 13.5 ], "texture": "#carcass", "rotation": 270 }
			}
		},
		{
			"__comment": "Box1",
			"from": [ 5.6544, 6.572, 3.1066 ],
			"to": [ 5.945489, 7.301, 3.8356 ],
			"faces": {
				"down": { "uv": [ 15.5, 13, 16, 13.5 ], "texture": "#carcass", "rotation": 270 },
				"up": { "uv": [ 15.5, 13, 16, 13.5 ], "texture": "#carcass", "rotation": 270 },
				"north": { "uv": [ 15.5, 13, 16, 13.5 ], "texture": "#carcass", "rotation": 270 },
				"south": { "uv": [ 15.5, 13, 16, 13.5 ], "texture": "#carcass", "rotation": 270 },
				"west": { "uv": [ 15.5, 13, 16, 13.5 ], "texture": "#carcass", "rotation": 270 },
				"east": { "uv": [ 15.5, 13, 16, 13.5 ], "texture": "#carcass", "rotation": 270 }
			}
		},
		{
			"__comment": "Box1",
			"from": [ 4.3044, 6.572, 3.1066 ],
			"to": [ 4.59549, 7.301, 3.8356 ],
			"faces": {
				"down": { "uv": [ 15.5, 13, 16, 13.5 ], "texture": "#carcass", "rotation": 270 },
				"up": { "uv": [ 15.5, 13, 16, 13.5 ], "texture": "#carcass", "rotation": 270 },
				"north": { "uv": [ 15.5, 13, 16, 13.5 ], "texture": "#carcass", "rotation": 270 },
				"south": { "uv": [ 15.5, 13, 16, 13.5 ], "texture": "#carcass", "rotation": 270 },
				"west": { "uv": [ 15.5, 13, 16, 13.5 ], "texture": "#carcass", "rotation": 270 },
				"east": { "uv": [ 15.5, 13, 16, 13.5 ], "texture": "#carcass", "rotation": 270 }
			}
		},
		{
			"__comment": "Box1",
			"from": [ 4.1396, 6.2048, 2.6538 ],
			"to": [ 4.493894, 7.621975, 3.008094 ],
			"faces": {
				"down": { "uv": [ 11, 10, 11.5, 10.5 ], "texture": "#carcass", "rotation": 270 },
				"up": { "uv": [ 11, 10, 11.5, 10.5 ], "texture": "#carcass", "rotation": 270 },
				"north": { "uv": [ 11, 10, 11.5, 10.5 ], "texture": "#carcass", "rotation": 270 },
				"south": { "uv": [ 11, 10, 11.5, 10.5 ], "texture": "#carcass", "rotation": 270 },
				"west": { "uv": [ 11, 10, 11.5, 10.5 ], "texture": "#carcass", "rotation": 270 },
				"east": { "uv": [ 11, 10, 11.5, 10.5 ], "texture": "#carcass", "rotation": 270 }
			}
		},
		{
			"__comment": "Box1",
			"from": [ 4.1352, 6.2048, 2.6801 ],
			"to": [ 4.52886, 6.59846, 4.25474 ],
			"rotation": { "origin": [ 4.135206, 6.20479, 2.680075 ], "axis": "x", "angle": 45 },
			"faces": {
				"down": { "uv": [ 11, 10, 11.5, 10.5 ], "texture": "#carcass", "rotation": 270 },
				"up": { "uv": [ 11, 10, 11.5, 10.5 ], "texture": "#carcass", "rotation": 270 },
				"north": { "uv": [ 11, 10, 11.5, 10.5 ], "texture": "#carcass", "rotation": 270 },
				"south": { "uv": [ 11, 10, 11.5, 10.5 ], "texture": "#carcass", "rotation": 270 },
				"west": { "uv": [ 11, 10, 11.5, 10.5 ], "texture": "#carcass", "rotation": 270 },
				"east": { "uv": [ 11, 10, 11.5, 10.5 ], "texture": "#carcass", "rotation": 270 }
			}
		},
		{
			"__comment": "Box1",
			"from": [ 4, 5, 4 ],
			"to": [ 4.4374, 5.4374, 5.7496 ],
			"faces": {
				"down": { "uv": [ 11, 10, 11.5, 10.5 ], "texture": "#carcass", "rotation": 270 },
				"up": { "uv": [ 11, 10, 11.5, 10.5 ], "texture": "#carcass", "rotation": 270 },
				"north": { "uv": [ 11, 10, 11.5, 10.5 ], "texture": "#carcass", "rotation": 270 },
				"south": { "uv": [ 11, 10, 11.5, 10.5 ], "texture": "#carcass", "rotation": 270 },
				"west": { "uv": [ 11, 10, 11.5, 10.5 ], "texture": "#carcass", "rotation": 270 },
				"east": { "uv": [ 11, 10, 11.5, 10.5 ], "texture": "#carcass", "rotation": 270 }
			}
		},
		{
			"__comment": "Box1",
			"from": [ 4.1308, 5.1069, 6.3033 ],
			"to": [ 4.5682, 5.5443, 8.052899 ],
			"faces": {
				"down": { "uv": [ 11, 10, 11.5, 10.5 ], "texture": "#carcass", "rotation": 270 },
				"up": { "uv": [ 11, 10, 11.5, 10.5 ], "texture": "#carcass", "rotation": 270 },
				"north": { "uv": [ 11, 10, 11.5, 10.5 ], "texture": "#carcass", "rotation": 270 },
				"south": { "uv": [ 11, 10, 11.5, 10.5 ], "texture": "#carcass", "rotation": 270 },
				"west": { "uv": [ 11, 10, 11.5, 10.5 ], "texture": "#carcass", "rotation": 270 },
				"east": { "uv": [ 11, 10, 11.5, 10.5 ], "texture": "#carcass", "rotation": 270 }
			}
		},
		{
			"__comment": "Box1",
			"from": [ 4.1352, 5.1113, 8.1075 ],
			"to": [ 4.52886, 5.50496, 9.68214 ],
			"rotation": { "origin": [ 4.135206, 5.11129, 8.107525 ], "axis": "x", "angle": -45 },
			"faces": {
				"down": { "uv": [ 11, 10, 11.5, 10.5 ], "texture": "#carcass", "rotation": 270 },
				"up": { "uv": [ 11, 10, 11.5, 10.5 ], "texture": "#carcass", "rotation": 270 },
				"north": { "uv": [ 11, 10, 11.5, 10.5 ], "texture": "#carcass", "rotation": 270 },
				"south": { "uv": [ 11, 10, 11.5, 10.5 ], "texture": "#carcass", "rotation": 270 },
				"west": { "uv": [ 11, 10, 11.5, 10.5 ], "texture": "#carcass", "rotation": 270 },
				"east": { "uv": [ 11, 10, 11.5, 10.5 ], "texture": "#carcass", "rotation": 270 }
			}
		},
		{
			"__comment": "Box1",
			"from": [ 4.1396, 6.2048, 8.7921 ],
			"to": [ 4.493894, 7.621975, 9.146394 ],
			"faces": {
				"down": { "uv": [ 11, 10, 11.5, 10.5 ], "texture": "#carcass", "rotation": 270 },
				"up": { "uv": [ 11, 10, 11.5, 10.5 ], "texture": "#carcass", "rotation": 270 },
				"north": { "uv": [ 11, 10, 11.5, 10.5 ], "texture": "#carcass", "rotation": 270 },
				"south": { "uv": [ 11, 10, 11.5, 10.5 ], "texture": "#carcass", "rotation": 270 },
				"west": { "uv": [ 11, 10, 11.5, 10.5 ], "texture": "#carcass", "rotation": 270 },
				"east": { "uv": [ 11, 10, 11.5, 10.5 ], "texture": "#carcass", "rotation": 270 }
			}
		},
		{
			"__comment": "Box1",
			"from": [ 0.4558, 5.1069, 3.1532 ],
			"to": [ 1.0558, 5.7069, 5.5532 ],
			"faces": {
				"down": { "uv": [ 11, 10, 11.5, 10.5 ], "texture": "#carcass", "rotation": 270 },
				"up": { "uv": [ 11, 10, 11.5, 10.5 ], "texture": "#carcass", "rotation": 270 },
				"north": { "uv": [ 11, 10, 11.5, 10.5 ], "texture": "#carcass", "rotation": 270 },
				"south": { "uv": [ 11, 10, 11.5, 10.5 ], "texture": "#carcass", "rotation": 270 },
				"west": { "uv": [ 11, 10, 11.5, 10.5 ], "texture": "#carcass", "rotation": 270 },
				"east": { "uv": [ 11, 10, 11.5, 10.5 ], "texture": "#carcass", "rotation": 270 }
			}
		},
		{
			"__comment": "Box1",
			"from": [ 0.4618, 6.6129, 1.5782 ],
			"to": [ 1.0018, 7.1529, 3.7382 ],
			"rotation": { "origin": [ 0.4618318, 6.612916, 1.57825 ], "axis": "x", "angle": 45 },
			"faces": {
				"down": { "uv": [ 11, 10, 11.5, 10.5 ], "texture": "#carcass", "rotation": 270 },
				"up": { "uv": [ 11, 10, 11.5, 10.5 ], "texture": "#carcass", "rotation": 270 },
				"north": { "uv": [ 11, 10, 11.5, 10.5 ], "texture": "#carcass", "rotation": 270 },
				"south": { "uv": [ 11, 10, 11.5, 10.5 ], "texture": "#carcass", "rotation": 270 },
				"west": { "uv": [ 11, 10, 11.5, 10.5 ], "texture": "#carcass", "rotation": 270 },
				"east": { "uv": [ 11, 10, 11.5, 10.5 ], "texture": "#carcass", "rotation": 270 }
			}
		},
		{
			"__comment": "Box1",
			"from": [ 0.4678, 6.6129, 1.5422 ],
			"to": [ 0.9538, 8.5569, 2.0282 ],
			"faces": {
				"down": { "uv": [ 11, 10, 11.5, 10.5 ], "texture": "#carcass", "rotation": 270 },
				"up": { "uv": [ 11, 10, 11.5, 10.5 ], "texture": "#carcass", "rotation": 270 },
				"north": { "uv": [ 11, 10, 11.5, 10.5 ], "texture": "#carcass", "rotation": 270 },
				"south": { "uv": [ 11, 10, 11.5, 10.5 ], "texture": "#carcass", "rotation": 270 },
				"west": { "uv": [ 11, 10, 11.5, 10.5 ], "texture": "#carcass", "rotation": 270 },
				"east": { "uv": [ 11, 10, 11.5, 10.5 ], "texture": "#carcass", "rotation": 270 }
			}
		},
		{
			"__comment": "Box1",
			"from": [ 1.7308, 5.1069, 3.4532 ],
			"to": [ 2.2708, 5.6469, 5.6132 ],
			"faces": {
				"down": { "uv": [ 11, 10, 11.5, 10.5 ], "texture": "#carcass", "rotation": 270 },
				"up": { "uv": [ 11, 10, 11.5, 10.5 ], "texture": "#carcass", "rotation": 270 },
				"north": { "uv": [ 11, 10, 11.5, 10.5 ], "texture": "#carcass", "rotation": 270 },
				"south": { "uv": [ 11, 10, 11.5, 10.5 ], "texture": "#carcass", "rotation": 270 },
				"west": { "uv": [ 11, 10, 11.5, 10.5 ], "texture": "#carcass", "rotation": 270 },
				"east": { "uv": [ 11, 10, 11.5, 10.5 ], "texture": "#carcass", "rotation": 270 }
			}
		},
		{
			"__comment": "Box1",
			"from": [ 1.7362, 6.4623, 2.0358 ],
			"to": [ 2.2222, 6.9483, 3.9798 ],
			"rotation": { "origin": [ 1.736232, 6.462316, 2.03575 ], "axis": "x", "angle": 45 },
			"faces": {
				"down": { "uv": [ 11, 10, 11.5, 10.5 ], "texture": "#carcass", "rotation": 270 },
				"up": { "uv": [ 11, 10, 11.5, 10.5 ], "texture": "#carcass", "rotation": 270 },
				"north": { "uv": [ 11, 10, 11.5, 10.5 ], "texture": "#carcass", "rotation": 270 },
				"south": { "uv": [ 11, 10, 11.5, 10.5 ], "texture": "#carcass", "rotation": 270 },
				"west": { "uv": [ 11, 10, 11.5, 10.5 ], "texture": "#carcass", "rotation": 270 },
				"east": { "uv": [ 11, 10, 11.5, 10.5 ], "texture": "#carcass", "rotation": 270 }
			}
		},
		{
			"__comment": "Box1",
			"from": [ 1.7416, 6.4623, 2.0033 ],
			"to": [ 2.179, 8.2119, 2.4407 ],
			"faces": {
				"down": { "uv": [ 11, 10, 11.5, 10.5 ], "texture": "#carcass", "rotation": 270 },
				"up": { "uv": [ 11, 10, 11.5, 10.5 ], "texture": "#carcass", "rotation": 270 },
				"north": { "uv": [ 11, 10, 11.5, 10.5 ], "texture": "#carcass", "rotation": 270 },
				"south": { "uv": [ 11, 10, 11.5, 10.5 ], "texture": "#carcass", "rotation": 270 },
				"west": { "uv": [ 11, 10, 11.5, 10.5 ], "texture": "#carcass", "rotation": 270 },
				"east": { "uv": [ 11, 10, 11.5, 10.5 ], "texture": "#carcass", "rotation": 270 }
			}
		},
		{
			"__comment": "Box1",
			"from": [ 3.0058, 5.1069, 3.6782 ],
			"to": [ 3.4918, 5.5929, 5.6222 ],
			"faces": {
				"down": { "uv": [ 11, 10, 11.5, 10.5 ], "texture": "#carcass", "rotation": 270 },
				"up": { "uv": [ 11, 10, 11.5, 10.5 ], "texture": "#carcass", "rotation": 270 },
				"north": { "uv": [ 11, 10, 11.5, 10.5 ], "texture": "#carcass", "rotation": 270 },
				"south": { "uv": [ 11, 10, 11.5, 10.5 ], "texture": "#carcass", "rotation": 270 },
				"west": { "uv": [ 11, 10, 11.5, 10.5 ], "texture": "#carcass", "rotation": 270 },
				"east": { "uv": [ 11, 10, 11.5, 10.5 ], "texture": "#carcass", "rotation": 270 }
			}
		},
		{
			"__comment": "Box1",
			"from": [ 3.0107, 6.3268, 2.4025 ],
			"to": [ 3.4481, 6.7642, 4.1521 ],
			"rotation": { "origin": [ 3.010692, 6.326776, 2.4025 ], "axis": "x", "angle": 45 },
			"faces": {
				"down": { "uv": [ 11, 10, 11.5, 10.5 ], "texture": "#carcass", "rotation": 270 },
				"up": { "uv": [ 11, 10, 11.5, 10.5 ], "texture": "#carcass", "rotation": 270 },
				"north": { "uv": [ 11, 10, 11.5, 10.5 ], "texture": "#carcass", "rotation": 270 },
				"south": { "uv": [ 11, 10, 11.5, 10.5 ], "texture": "#carcass", "rotation": 270 },
				"west": { "uv": [ 11, 10, 11.5, 10.5 ], "texture": "#carcass", "rotation": 270 },
				"east": { "uv": [ 11, 10, 11.5, 10.5 ], "texture": "#carcass", "rotation": 270 }
			}
		},
		{
			"__comment": "Box1",
			"from": [ 3.0156, 6.3268, 2.3733 ],
			"to": [ 3.40926, 7.90144, 2.76696 ],
			"faces": {
				"down": { "uv": [ 11, 10, 11.5, 10.5 ], "texture": "#carcass", "rotation": 270 },
				"up": { "uv": [ 11, 10, 11.5, 10.5 ], "texture": "#carcass", "rotation": 270 },
				"north": { "uv": [ 11, 10, 11.5, 10.5 ], "texture": "#carcass", "rotation": 270 },
				"south": { "uv": [ 11, 10, 11.5, 10.5 ], "texture": "#carcass", "rotation": 270 },
				"west": { "uv": [ 11, 10, 11.5, 10.5 ], "texture": "#carcass", "rotation": 270 },
				"east": { "uv": [ 11, 10, 11.5, 10.5 ], "texture": "#carcass", "rotation": 270 }
			}
		},
		{
			"__comment": "Box1",
			"from": [ 0.4618, 5.1129, 8.7782 ],
			"to": [ 1.0018, 5.6529, 10.9382 ],
			"rotation": { "origin": [ 0.4618318, 5.112916, 8.77825 ], "axis": "x", "angle": -45 },
			"faces": {
				"down": { "uv": [ 11, 10, 11.5, 10.5 ], "texture": "#carcass", "rotation": 270 },
				"up": { "uv": [ 11, 10, 11.5, 10.5 ], "texture": "#carcass", "rotation": 270 },
				"north": { "uv": [ 11, 10, 11.5, 10.5 ], "texture": "#carcass", "rotation": 270 },
				"south": { "uv": [ 11, 10, 11.5, 10.5 ], "texture": "#carcass", "rotation": 270 },
				"west": { "uv": [ 11, 10, 11.5, 10.5 ], "texture": "#carcass", "rotation": 270 },
				"east": { "uv": [ 11, 10, 11.5, 10.5 ], "texture": "#carcass", "rotation": 270 }
			}
		},
		{
			"__comment": "Box1",
			"from": [ 0.4678, 6.6129, 9.717199 ],
			"to": [ 0.9538, 8.5569, 10.2032 ],
			"faces": {
				"down": { "uv": [ 11, 10, 11.5, 10.5 ], "texture": "#carcass", "rotation": 270 },
				"up": { "uv": [ 11, 10, 11.5, 10.5 ], "texture": "#carcass", "rotation": 270 },
				"north": { "uv": [ 11, 10, 11.5, 10.5 ], "texture": "#carcass", "rotation": 270 },
				"south": { "uv": [ 11, 10, 11.5, 10.5 ], "texture": "#carcass", "rotation": 270 },
				"west": { "uv": [ 11, 10, 11.5, 10.5 ], "texture": "#carcass", "rotation": 270 },
				"east": { "uv": [ 11, 10, 11.5, 10.5 ], "texture": "#carcass", "rotation": 270 }
			}
		},
		{
			"__comment": "Box1",
			"from": [ 1.7308, 5.1069, 6.3033 ],
			"to": [ 2.2708, 5.6469, 8.4633 ],
			"faces": {
				"down": { "uv": [ 11, 10, 11.5, 10.5 ], "texture": "#carcass", "rotation": 270 },
				"up": { "uv": [ 11, 10, 11.5, 10.5 ], "texture": "#carcass", "rotation": 270 },
				"north": { "uv": [ 11, 10, 11.5, 10.5 ], "texture": "#carcass", "rotation": 270 },
				"south": { "uv": [ 11, 10, 11.5, 10.5 ], "texture": "#carcass", "rotation": 270 },
				"west": { "uv": [ 11, 10, 11.5, 10.5 ], "texture": "#carcass", "rotation": 270 },
				"east": { "uv": [ 11, 10, 11.5, 10.5 ], "texture": "#carcass", "rotation": 270 }
			}
		},
		{
			"__comment": "Box1",
			"from": [ 1.7362, 5.1123, 8.5308 ],
			"to": [ 2.2222, 5.5983, 10.4748 ],
			"rotation": { "origin": [ 1.736232, 5.112316, 8.53075 ], "axis": "x", "angle": -45 },
			"faces": {
				"down": { "uv": [ 11, 10, 11.5, 10.5 ], "texture": "#carcass", "rotation": 270 },
				"up": { "uv": [ 11, 10, 11.5, 10.5 ], "texture": "#carcass", "rotation": 270 },
				"north": { "uv": [ 11, 10, 11.5, 10.5 ], "texture": "#carcass", "rotation": 270 },
				"south": { "uv": [ 11, 10, 11.5, 10.5 ], "texture": "#carcass", "rotation": 270 },
				"west": { "uv": [ 11, 10, 11.5, 10.5 ], "texture": "#carcass", "rotation": 270 },
				"east": { "uv": [ 11, 10, 11.5, 10.5 ], "texture": "#carcass", "rotation": 270 }
			}
		},
		{
			"__comment": "Box1",
			"from": [ 1.7416, 6.4623, 9.3758 ],
			"to": [ 2.179, 8.2119, 9.8132 ],
			"faces": {
				"down": { "uv": [ 11, 10, 11.5, 10.5 ], "texture": "#carcass", "rotation": 270 },
				"up": { "uv": [ 11, 10, 11.5, 10.5 ], "texture": "#carcass", "rotation": 270 },
				"north": { "uv": [ 11, 10, 11.5, 10.5 ], "texture": "#carcass", "rotation": 270 },
				"south": { "uv": [ 11, 10, 11.5, 10.5 ], "texture": "#carcass", "rotation": 270 },
				"west": { "uv": [ 11, 10, 11.5, 10.5 ], "texture": "#carcass", "rotation": 270 },
				"east": { "uv": [ 11, 10, 11.5, 10.5 ], "texture": "#carcass", "rotation": 270 }
			}
		},
		{
			"__comment": "Box1",
			"from": [ 3.0058, 5.1069, 6.3033 ],
			"to": [ 3.4918, 5.5929, 8.2473 ],
			"faces": {
				"down": { "uv": [ 11, 10, 11.5, 10.5 ], "texture": "#carcass", "rotation": 270 },
				"up": { "uv": [ 11, 10, 11.5, 10.5 ], "texture": "#carcass", "rotation": 270 },
				"north": { "uv": [ 11, 10, 11.5, 10.5 ], "texture": "#carcass", "rotation": 270 },
				"south": { "uv": [ 11, 10, 11.5, 10.5 ], "texture": "#carcass", "rotation": 270 },
				"west": { "uv": [ 11, 10, 11.5, 10.5 ], "texture": "#carcass", "rotation": 270 },
				"east": { "uv": [ 11, 10, 11.5, 10.5 ], "texture": "#carcass", "rotation": 270 }
			}
		},
		{
			"__comment": "Box1",
			"from": [ 3.0107, 5.1118, 8.308 ],
			"to": [ 3.4481, 5.5492, 10.0576 ],
			"rotation": { "origin": [ 3.010692, 5.111776, 8.308 ], "axis": "x", "angle": -45 },
			"faces": {
				"down": { "uv": [ 11, 10, 11.5, 10.5 ], "texture": "#carcass", "rotation": 270 },
				"up": { "uv": [ 11, 10, 11.5, 10.5 ], "texture": "#carcass", "rotation": 270 },
				"north": { "uv": [ 11, 10, 11.5, 10.5 ], "texture": "#carcass", "rotation": 270 },
				"south": { "uv": [ 11, 10, 11.5, 10.5 ], "texture": "#carcass", "rotation": 270 },
				"west": { "uv": [ 11, 10, 11.5, 10.5 ], "texture": "#carcass", "rotation": 270 },
				"east": { "uv": [ 11, 10, 11.5, 10.5 ], "texture": "#carcass", "rotation": 270 }
			}
		},
		{
			"__comment": "Box1",
			"from": [ 3.0156, 6.3268, 9.0686 ],
			"to": [ 3.40926, 7.90144, 9.462259 ],
			"faces": {
				"down": { "uv": [ 11, 10, 11.5, 10.5 ], "texture": "#carcass", "rotation": 270 },
				"up": { "uv": [ 11, 10, 11.5, 10.5 ], "texture": "#carcass", "rotation": 270 },
				"north": { "uv": [ 11, 10, 11.5, 10.5 ], "texture": "#carcass", "rotation": 270 },
				"south": { "uv": [ 11, 10, 11.5, 10.5 ], "texture": "#carcass", "rotation": 270 },
				"west": { "uv": [ 11, 10, 11.5, 10.5 ], "texture": "#carcass", "rotation": 270 },
				"east": { "uv": [ 11, 10, 11.5, 10.5 ], "texture": "#carcass", "rotation": 270 }
			}
		},
		{
			"__comment": "Box1",
			"from": [ 0.4558, 5.1069, 6.3033 ],
			"to": [ 1.0558, 5.7069, 8.7033 ],
			"faces": {
				"down": { "uv": [ 11, 10, 11.5, 10.5 ], "texture": "#carcass", "rotation": 270 },
				"up": { "uv": [ 11, 10, 11.5, 10.5 ], "texture": "#carcass", "rotation": 270 },
				"north": { "uv": [ 11, 10, 11.5, 10.5 ], "texture": "#carcass", "rotation": 270 },
				"south": { "uv": [ 11, 10, 11.5, 10.5 ], "texture": "#carcass", "rotation": 270 },
				"west": { "uv": [ 11, 10, 11.5, 10.5 ], "texture": "#carcass", "rotation": 270 },
				"east": { "uv": [ 11, 10, 11.5, 10.5 ], "texture": "#carcass", "rotation": 270 }
			}
		},
		{
			"__comment": "Box1",
			"from": [ 0.1558, 5.1069, 5.5533 ],
			"to": [ 1.3558, 6.0069, 6.4533 ],
			"faces": {
				"down": { "uv": [ 11, 10, 11.5, 10.5 ], "texture": "#carcass", "rotation": 270 },
				"up": { "uv": [ 11, 10, 11.5, 10.5 ], "texture": "#carcass", "rotation": 270 },
				"north": { "uv": [ 11, 10, 11.5, 10.5 ], "texture": "#carcass", "rotation": 270 },
				"south": { "uv": [ 11, 10, 11.5, 10.5 ], "texture": "#carcass", "rotation": 270 },
				"west": { "uv": [ 11, 10, 11.5, 10.5 ], "texture": "#carcass", "rotation": 270 },
				"east": { "uv": [ 11, 10, 11.5, 10.5 ], "texture": "#carcass", "rotation": 270 }
			}
		},
		{
			"__comment": "Box1",
			"from": [ 1.6558, 5.1069, 5.5533 ],
			"to": [ 2.8558, 6.0069, 6.4533 ],
			"faces": {
				"down": { "uv": [ 11, 10, 11.5, 10.5 ], "texture": "#carcass", "rotation": 270 },
				"up": { "uv": [ 11, 10, 11.5, 10.5 ], "texture": "#carcass", "rotation": 270 },
				"north": { "uv": [ 11, 10, 11.5, 10.5 ], "texture": "#carcass", "rotation": 270 },
				"south": { "uv": [ 11, 10, 11.5, 10.5 ], "texture": "#carcass", "rotation": 270 },
				"west": { "uv": [ 11, 10, 11.5, 10.5 ], "texture": "#carcass", "rotation": 270 },
				"east": { "uv": [ 11, 10, 11.5, 10.5 ], "texture": "#carcass", "rotation": 270 }
			}
		},
		{
			"__comment": "Box1",
			"from": [ 3.1558, 5.1069, 5.5533 ],
			"to": [ 4.3558, 6.0069, 6.4533 ],
			"faces": {
				"down": { "uv": [ 11, 10, 11.5, 10.5 ], "texture": "#carcass", "rotation": 270 },
				"up": { "uv": [ 11, 10, 11.5, 10.5 ], "texture": "#carcass", "rotation": 270 },
				"north": { "uv": [ 11, 10, 11.5, 10.5 ], "texture": "#carcass", "rotation": 270 },
				"south": { "uv": [ 11, 10, 11.5, 10.5 ], "texture": "#carcass", "rotation": 270 },
				"west": { "uv": [ 11, 10, 11.5, 10.5 ], "texture": "#carcass", "rotation": 270 },
				"east": { "uv": [ 11, 10, 11.5, 10.5 ], "texture": "#carcass", "rotation": 270 }
			}
		},
		{
			"__comment": "Box1",
			"from": [ 4.6558, 5.1069, 5.5533 ],
			"to": [ 5.8558, 6.0069, 6.4533 ],
			"faces": {
				"down": { "uv": [ 11, 10, 11.5, 10.5 ], "texture": "#carcass", "rotation": 270 },
				"up": { "uv": [ 11, 10, 11.5, 10.5 ], "texture": "#carcass", "rotation": 270 },
				"north": { "uv": [ 11, 10, 11.5, 10.5 ], "texture": "#carcass", "rotation": 270 },
				"south": { "uv": [ 11, 10, 11.5, 10.5 ], "texture": "#carcass", "rotation": 270 },
				"west": { "uv": [ 11, 10, 11.5, 10.5 ], "texture": "#carcass", "rotation": 270 },
				"east": { "uv": [ 11, 10, 11.5, 10.5 ], "texture": "#carcass", "rotation": 270 }
			}
		},
		{
			"__comment": "Box1",
			"from": [ 1.3324, 5.1069, 5.5832 ],
			"to": [ 1.655833, 5.9169, 6.3932 ],
			"faces": {
				"down": { "uv": [ 15.5, 13, 16, 13.5 ], "texture": "#carcass", "rotation": 270 },
				"up": { "uv": [ 15.5, 13, 16, 13.5 ], "texture": "#carcass", "rotation": 270 },
				"north": { "uv": [ 15.5, 13, 16, 13.5 ], "texture": "#carcass", "rotation": 270 },
				"south": { "uv": [ 15.5, 13, 16, 13.5 ], "texture": "#carcass", "rotation": 270 },
				"west": { "uv": [ 15.5, 13, 16, 13.5 ], "texture": "#carcass", "rotation": 270 },
				"east": { "uv": [ 15.5, 13, 16, 13.5 ], "texture": "#carcass", "rotation": 270 }
			}
		},
		{
			"__comment": "Box1",
			"from": [ 4.3324, 5.1069, 5.5832 ],
			"to": [ 4.655833, 5.9169, 6.3932 ],
			"faces": {
				"down": { "uv": [ 15.5, 13, 16, 13.5 ], "texture": "#carcass", "rotation": 270 },
				"up": { "uv": [ 15.5, 13, 16, 13.5 ], "texture": "#carcass", "rotation": 270 },
				"north": { "uv": [ 15.5, 13, 16, 13.5 ], "texture": "#carcass", "rotation": 270 },
				"south": { "uv": [ 15.5, 13, 16, 13.5 ], "texture": "#carcass", "rotation": 270 },
				"west": { "uv": [ 15.5, 13, 16, 13.5 ], "texture": "#carcass", "rotation": 270 },
				"east": { "uv": [ 15.5, 13, 16, 13.5 ], "texture": "#carcass", "rotation": 270 }
			}
		},
		{
			"__comment": "Box1",
			"from": [ 2.8324, 5.1069, 5.5832 ],
			"to": [ 3.155833, 5.9169, 6.3932 ],
			"faces": {
				"down": { "uv": [ 15.5, 13, 16, 13.5 ], "texture": "#carcass", "rotation": 270 },
				"up": { "uv": [ 15.5, 13, 16, 13.5 ], "texture": "#carcass", "rotation": 270 },
				"north": { "uv": [ 15.5, 13, 16, 13.5 ], "texture": "#carcass", "rotation": 270 },
				"south": { "uv": [ 15.5, 13, 16, 13.5 ], "texture": "#carcass", "rotation": 270 },
				"west": { "uv": [ 15.5, 13, 16, 13.5 ], "texture": "#carcass", "rotation": 270 },
				"east": { "uv": [ 15.5, 13, 16, 13.5 ], "texture": "#carcass", "rotation": 270 }
			}
		},
		{
			"__comment": "Box1",
			"from": [ 5.9455, 6.497, 3.0526 ],
			"to": [ 7.0255, 7.307, 3.8626 ],
			"faces": {
				"down": { "uv": [ 11, 10, 11.5, 10.5 ], "texture": "#carcass", "rotation": 270 },
				"up": { "uv": [ 11, 10, 11.5, 10.5 ], "texture": "#carcass", "rotation": 270 },
				"north": { "uv": [ 11, 10, 11.5, 10.5 ], "texture": "#carcass", "rotation": 270 },
				"south": { "uv": [ 11, 10, 11.5, 10.5 ], "texture": "#carcass", "rotation": 270 },
				"west": { "uv": [ 11, 10, 11.5, 10.5 ], "texture": "#carcass", "rotation": 270 },
				"east": { "uv": [ 11, 10, 11.5, 10.5 ], "texture": "#carcass", "rotation": 270 }
			}
		},
		{
			"__comment": "Box1",
			"from": [ 0.4593, 4.4527, 2.9428 ],
			"to": [ 2.5593, 6.2527, 5.6428 ],
			"faces": {
				"down": { "uv": [ 6.5, 0, 7, 0.5 ], "texture": "#carcass", "rotation": 270 },
				"up": { "uv": [ 6.5, 0, 7, 0.5 ], "texture": "#carcass", "rotation": 270 },
				"north": { "uv": [ 6.5, 0, 7, 0.5 ], "texture": "#carcass", "rotation": 270 },
				"south": { "uv": [ 6.5, 0, 7, 0.5 ], "texture": "#carcass", "rotation": 270 },
				"west": { "uv": [ 6.5, 0, 7, 0.5 ], "texture": "#carcass", "rotation": 270 },
				"east": { "uv": [ 6.5, 0, 7, 0.5 ], "texture": "#carcass", "rotation": 270 }
			}
		},
		{
			"__comment": "Box1",
			"from": [ 4.4036, 4.6735, 5.4599 ],
			"to": [ 6.0836, 6.1135, 7.6199 ],
			"faces": {
				"down": { "uv": [ 6.5, 0, 7, 0.5 ], "texture": "#carcass", "rotation": 270 },
				"up": { "uv": [ 6.5, 0, 7, 0.5 ], "texture": "#carcass", "rotation": 270 },
				"north": { "uv": [ 6.5, 0, 7, 0.5 ], "texture": "#carcass", "rotation": 270 },
				"south": { "uv": [ 6.5, 0, 7, 0.5 ], "texture": "#carcass", "rotation": 270 },
				"west": { "uv": [ 6.5, 0, 7, 0.5 ], "texture": "#carcass", "rotation": 270 },
				"east": { "uv": [ 6.5, 0, 7, 0.5 ], "texture": "#carcass", "rotation": 270 }
			}
		},
		{
			"__comment": "Box1",
			"from": [ -0.991, 4.7602, 4.2636 ],
			"to": [ 0.3530001, 5.9122, 5.9916 ],
			"faces": {
				"down": { "uv": [ 6.5, 0, 7, 0.5 ], "texture": "#carcass", "rotation": 270 },
				"up": { "uv": [ 6.5, 0, 7, 0.5 ], "texture": "#carcass", "rotation": 270 },
				"north": { "uv": [ 6.5, 0, 7, 0.5 ], "texture": "#carcass", "rotation": 270 },
				"south": { "uv": [ 6.5, 0, 7, 0.5 ], "texture": "#carcass", "rotation": 270 },
				"west": { "uv": [ 6.5, 0, 7, 0.5 ], "texture": "#carcass", "rotation": 270 },
				"east": { "uv": [ 6.5, 0, 7, 0.5 ], "texture": "#carcass", "rotation": 270 }
			}
		},
		{
			"__comment": "PlaneY67",
			"from": [ -2.5442, 4.7319, -1.0468 ],
			"to": [ 8.855801, 4.7329, 10.9532 ],
			"faces": {
				"down": { "uv": [ 0, 16, 5.5, 10 ], "texture": "#carcass" },
				"up": { "uv": [ 0, 10, 5.5, 16 ], "texture": "#carcass" }
			}
		},
		{
			"__comment": "Box1",
			"from": [ 0.2786, 4.2985, 5.4599 ],
			"to": [ 1.9586, 5.7385, 7.6199 ],
			"faces": {
				"down": { "uv": [ 6.5, 0, 7, 0.5 ], "texture": "#carcass", "rotation": 270 },
				"up": { "uv": [ 6.5, 0, 7, 0.5 ], "texture": "#carcass", "rotation": 270 },
				"north": { "uv": [ 6.5, 0, 7, 0.5 ], "texture": "#carcass", "rotation": 270 },
				"south": { "uv": [ 6.5, 0, 7, 0.5 ], "texture": "#carcass", "rotation": 270 },
				"west": { "uv": [ 6.5, 0, 7, 0.5 ], "texture": "#carcass", "rotation": 270 },
				"east": { "uv": [ 6.5, 0, 7, 0.5 ], "texture": "#carcass", "rotation": 270 }
			}
		},
		{
			"__comment": "Box1",
			"from": [ 1.5286, 4.6735, 4.4599 ],
			"to": [ 3.2086, 6.1135, 6.6199 ],
			"faces": {
				"down": { "uv": [ 6.5, 0, 7, 0.5 ], "texture": "#carcass", "rotation": 270 },
				"up": { "uv": [ 6.5, 0, 7, 0.5 ], "texture": "#carcass", "rotation": 270 },
				"north": { "uv": [ 6.5, 0, 7, 0.5 ], "texture": "#carcass", "rotation": 270 },
				"south": { "uv": [ 6.5, 0, 7, 0.5 ], "texture": "#carcass", "rotation": 270 },
				"west": { "uv": [ 6.5, 0, 7, 0.5 ], "texture": "#carcass", "rotation": 270 },
				"east": { "uv": [ 6.5, 0, 7, 0.5 ], "texture": "#carcass", "rotation": 270 }
			}
		},
		{
			"__comment": "Box1",
			"from": [ 2.9036, 4.6735, 2.8349 ],
			"to": [ 4.5836, 6.1135, 4.9949 ],
			"faces": {
				"down": { "uv": [ 6.5, 0, 7, 0.5 ], "texture": "#carcass", "rotation": 270 },
				"up": { "uv": [ 6.5, 0, 7, 0.5 ], "texture": "#carcass", "rotation": 270 },
				"north": { "uv": [ 6.5, 0, 7, 0.5 ], "texture": "#carcass", "rotation": 270 },
				"south": { "uv": [ 6.5, 0, 7, 0.5 ], "texture": "#carcass", "rotation": 270 },
				"west": { "uv": [ 6.5, 0, 7, 0.5 ], "texture": "#carcass", "rotation": 270 },
				"east": { "uv": [ 6.5, 0, 7, 0.5 ], "texture": "#carcass", "rotation": 270 }
			}
		}
	],
	"display": {
		"thirdperson_righthand": {
			"rotation":  [ 90, -23, 0 ],
			"translation":  [ 4.1748, -6.26, 3.4782 ]
		},
		"thirdperson_lefthand": {
			"rotation":  [ 90, -23, 0 ],
			"translation":  [ -4.173, -0.695, 4.1739 ]
		},
		"firstperson_righthand": {
			"translation":  [ 9.0434, 0, 0 ]
		},
		"gui": {
			"rotation":  [ 30, 0, 0 ],
			"translation":  [ 4.1739, 0, 0 ]
		},
		"head": {
			"translation":  [ 22.26, -27.12, 11.826 ],
			"scale":  [ 4, 4, 4 ]
		},
		"fixed": {
			"rotation":  [ -90, -3, 0 ],
			"translation":  [ 4.1739, 0.6956, -3.476 ]
		}
	}
}