{
	"__comment": "Cubik Studio - https://cubik.studio",
	"textures": {
		"centipede": "item/centipede"
	},
	"elements": [ 	 
		{
			"__comment": "Box1",
			"from": [ 7.625, 0.01, 9.125 ],
			"to": [ 8.625, 1.01, 11.125 ],
			"rotation": { "origin": [ 7.625, 0.01, 9.125 ], "axis": "y", "angle": -22.5 },
			"faces": {
				"down": { "uv": [ 8, 8, 9, 10 ], "texture": "#centipede" },
				"up": { "uv": [ 11, 9, 12, 11 ], "texture": "#centipede" },
				"north": { "uv": [ 12, 10, 13, 11 ], "texture": "#centipede" },
				"south": { "uv": [ 11, 8, 12, 9 ], "texture": "#centipede" },
				"west": { "uv": [ 13, 11, 15, 12 ], "texture": "#centipede" },
				"east": { "uv": [ 13, 11, 15, 12 ], "texture": "#centipede" }
			}
		},
		{
			"__comment": "Box1",
			"from": [ 10.25, 0.02, 3 ],
			"to": [ 11.25, 1.02, 5 ],
			"rotation": { "origin": [ 8.5, 0.145, 3 ], "axis": "y", "angle": -45 },
			"faces": {
				"down": { "uv": [ 9, 9, 10, 11 ], "texture": "#centipede" },
				"up": { "uv": [ 10, 10, 11, 12 ], "texture": "#centipede" },
				"north": { "uv": [ 15, 11, 16, 12 ], "texture": "#centipede" },
				"south": { "uv": [ 9, 8, 10, 9 ], "texture": "#centipede" },
				"west": { "uv": [ 14, 12, 16, 13 ], "texture": "#centipede" },
				"east": { "uv": [ 16, 12, 14, 13 ], "texture": "#centipede" }
			}
		},
		{
			"__comment": "Box1",
			"from": [ 9.25, 0.01, 5.125 ],
			"to": [ 10.25, 1.01, 7.125 ],
			"rotation": { "origin": [ 7.5, 0.135, 3.125 ], "axis": "y", "angle": -22.5 },
			"faces": {
				"down": { "uv": [ 10, 8, 11, 10 ], "texture": "#centipede" },
				"up": { "uv": [ 11, 9, 12, 11 ], "texture": "#centipede" },
				"north": { "uv": [ 15, 13, 16, 14 ], "texture": "#centipede" },
				"south": { "uv": [ 12, 8, 13, 9 ], "texture": "#centipede" },
				"west": { "uv": [ 13, 11, 15, 12 ], "texture": "#centipede" },
				"east": { "uv": [ 13, 11, 15, 12 ], "texture": "#centipede" }
			}
		},
		{
			"__comment": "Box1",
			"from": [ 7.625, 0, 7.5 ],
			"to": [ 8.625, 1, 9.5 ],
			"faces": {
				"down": { "uv": [ 8, 12, 9, 14 ], "texture": "#centipede" },
				"up": { "uv": [ 11, 9, 12, 11 ], "texture": "#centipede" },
				"north": { "uv": [ 12, 9, 13, 10 ], "texture": "#centipede" },
				"south": { "uv": [ 13, 10, 14, 11 ], "texture": "#centipede" },
				"west": { "uv": [ 13, 11, 15, 12 ], "texture": "#centipede" },
				"east": { "uv": [ 13, 11, 15, 12 ], "texture": "#centipede" }
			}
		},
		{
			"__comment": "PlaneY5",
			"from": [ 11, 0.145, 3 ],
			"to": [ 13, 0.146, 5 ],
			"rotation": { "origin": [ 8.5, 0.145, 3 ], "axis": "y", "angle": -45 },
			"faces": {
				"down": { "uv": [ 8, 12, 6, 10 ], "texture": "#centipede" },
				"up": { "uv": [ 8, 10, 6, 12 ], "texture": "#centipede" }
			}
		},
		{
			"__comment": "PlaneY5",
			"from": [ 9.75, 0.895, 0.75 ],
			"to": [ 11.75, 0.896, 3.25 ],
			"rotation": { "origin": [ 8.5, 0.145, 3 ], "axis": "y", "angle": -45 },
			"faces": {
				"down": { "uv": [ 2, 16, 4, 14 ], "texture": "#centipede" },
				"up": { "uv": [ 2, 14, 4, 16 ], "texture": "#centipede" }
			}
		},
		{
			"__comment": "PlaneY5",
			"from": [ 7.25, 0.885, 10.75 ],
			"to": [ 9.25, 0.886, 12.75 ],
			"rotation": { "origin": [ 7.625, 0.01, 9.125 ], "axis": "y", "angle": -22.5 },
			"faces": {
				"down": { "uv": [ 2, 14, 4, 16 ], "texture": "#centipede" },
				"up": { "uv": [ 2, 16, 4, 14 ], "texture": "#centipede" }
			}
		},
		{
			"__comment": "PlaneY5",
			"from": [ 8.375, 0.135, 9.125 ],
			"to": [ 10.375, 0.136, 11.125 ],
			"rotation": { "origin": [ 7.625, 0.01, 9.125 ], "axis": "y", "angle": -22.5 },
			"faces": {
				"down": { "uv": [ 8, 12, 6, 10 ], "texture": "#centipede" },
				"up": { "uv": [ 8, 10, 6, 12 ], "texture": "#centipede" }
			}
		},
		{
			"__comment": "PlaneY5",
			"from": [ 8.375, 0.125, 7.5 ],
			"to": [ 10.375, 0.126, 9.5 ],
			"faces": {
				"down": { "uv": [ 8, 12, 6, 10 ], "texture": "#centipede" },
				"up": { "uv": [ 8, 10, 6, 12 ], "texture": "#centipede" }
			}
		},
		{
			"__comment": "PlaneY5",
			"from": [ 10, 0.135, 5.125 ],
			"to": [ 12, 0.136, 7.125 ],
			"rotation": { "origin": [ 7.5, 0.135, 3.125 ], "axis": "y", "angle": -22.5 },
			"faces": {
				"down": { "uv": [ 8, 12, 6, 10 ], "texture": "#centipede" },
				"up": { "uv": [ 8, 10, 6, 12 ], "texture": "#centipede" }
			}
		},
		{
			"__comment": "PlaneY5",
			"from": [ 8.5, 0.145, 3 ],
			"to": [ 10.5, 0.146, 5 ],
			"rotation": { "origin": [ 8.5, 0.145, 3 ], "axis": "y", "angle": -45 },
			"faces": {
				"down": { "uv": [ 6, 12, 8, 10 ], "texture": "#centipede" },
				"up": { "uv": [ 6, 10, 8, 12 ], "texture": "#centipede" }
			}
		},
		{
			"__comment": "PlaneY5",
			"from": [ 7.5, 0.135, 5.125 ],
			"to": [ 9.5, 0.136, 7.125 ],
			"rotation": { "origin": [ 7.5, 0.135, 3.125 ], "axis": "y", "angle": -22.5 },
			"faces": {
				"down": { "uv": [ 6, 12, 8, 10 ], "texture": "#centipede" },
				"up": { "uv": [ 6, 10, 8, 12 ], "texture": "#centipede" }
			}
		},
		{
			"__comment": "PlaneY5",
			"from": [ 5.875, 0.125, 7.5 ],
			"to": [ 7.875, 0.126, 9.5 ],
			"faces": {
				"down": { "uv": [ 6, 12, 8, 10 ], "texture": "#centipede" },
				"up": { "uv": [ 6, 10, 8, 12 ], "texture": "#centipede" }
			}
		},
		{
			"__comment": "PlaneY5",
			"from": [ 5.875, 0.135, 9.125 ],
			"to": [ 7.875, 0.136, 11.125 ],
			"rotation": { "origin": [ 7.625, 0.01, 9.125 ], "axis": "y", "angle": -22.5 },
			"faces": {
				"down": { "uv": [ 6, 12, 8, 10 ], "texture": "#centipede" },
				"up": { "uv": [ 6, 10, 8, 12 ], "texture": "#centipede" }
			}
		}
	],
	"display": {
		"thirdperson_righthand": {
			"rotation":  [ 72, -2, 0 ],
			"translation":  [ -0.695, 1.3926, 6.9564 ]
		},
		"thirdperson_lefthand": {
			"rotation":  [ 72, -2, 0 ],
			"translation":  [ -0.695, 1.3926, 6.9564 ]
		},
		"firstperson_righthand": {
			"rotation":  [ 0, 0, 9 ],
			"translation":  [ 0, 11.13, 0.6956 ]
		},
		"firstperson_lefthand": {
			"rotation":  [ 0, 0, 9 ],
			"translation":  [ 0, 11.13, 0.6956 ]
		},
		"gui": {
			"rotation":  [ 90, 0, 0 ]
		},
		"head": {
			"translation":  [ 0, -27.11, -10.43 ],
			"scale":  [ 2, 2, 2 ]
		},
		"ground": {
			"translation":  [ 0, 6.2604, 0 ]
		},
		"fixed": {
			"rotation":  [ -90, 0, 0 ],
			"translation":  [ 0, 0.0006, -8.347 ]
		}
	}
}