{
	"__comment": "Cubik Studio - https://cubik.studio",
	"textures": {
		"particle": "item/claw",
		"claw": "item/claw"
	},
	"elements": [ 	 
		{
			"__comment": "Box1",
			"from": [ -2.25, 0.25, 2.25 ],
			"to": [ -1.45, 1.05, 3.45 ],
			"rotation": { "origin": [ -2.25, 0.25, 2.25 ], "axis": "x", "angle": 0 },
			"faces": {
				"down": { "uv": [ 0, 12, 4, 16 ], "texture": "#claw" },
				"up": { "uv": [ 4, 12, 8, 16 ], "texture": "#claw" },
				"north": { "uv": [ 8, 12, 12, 16 ], "texture": "#claw" },
				"south": { "uv": [ 12, 12, 16, 16 ], "texture": "#claw" },
				"west": { "uv": [ 0, 8, 4, 12 ], "texture": "#claw" },
				"east": { "uv": [ 0, 4, 4, 8 ], "texture": "#claw" }
			}
		},
		{
			"__comment": "Box1",
			"from": [ -2.125, 0, 1.5 ],
			"to": [ -1.625, 0.5, 2.5 ],
			"rotation": { "origin": [ -2.125, 0, 1.5 ], "axis": "x", "angle": -22.5 },
			"faces": {
				"down": { "uv": [ 0, 0, 4, 4 ], "texture": "#claw" },
				"up": { "uv": [ 4, 8, 8, 12 ], "texture": "#claw" },
				"north": { "uv": [ 8, 8, 12, 12 ], "texture": "#claw" },
				"south": { "uv": [ 12, 8, 16, 12 ], "texture": "#claw" },
				"west": { "uv": [ 4, 4, 8, 8 ], "texture": "#claw" },
				"east": { "uv": [ 4, 0, 8, 4 ], "texture": "#claw" }
			}
		}
	],
	"display": {
		"thirdperson_righthand": {
			"rotation":  [ 100, 0, 0 ],
			"translation":  [ 29.925, -17.36, 20.172 ],
			"scale":  [ 3, 3, 3 ]
		},
		"thirdperson_lefthand": {
			"rotation":  [ 100, 0, 0 ],
			"translation":  [ -29.9, -18.07, 19.477 ],
			"scale":  [ 3, 3, 3 ]
		},
		"firstperson_righthand": {
			"translation":  [ 38.26, 19.478, 9.0439 ],
			"scale":  [ 3, 3, 3 ]
		},
		"firstperson_lefthand": {
			"rotation":  [ 0, -25, -9 ],
			"translation":  [ -18.78, 22.956, -6.495 ],
			"scale":  [ 3, 3, 3 ]
		},
		"gui": {
			"rotation":  [ 0, 90, 0 ],
			"translation":  [ 16, 20.869, -18.78 ],
			"scale":  [ 3, 3, 3 ]
		},
		"ground": {
			"translation":  [ 28.521, 16.695, 12.521 ],
			"scale":  [ 3, 3, 3 ]
		},
		"fixed": {
			"rotation":  [ 0, -105, 0 ],
			"translation":  [ -30.6, 30.608, 29.911 ],
			"scale":  [ 4, 4, 4 ]
		}
	}
}