{
	"__comment": "Cubik Studio - https://cubik.studio",
	"textures": {
		"conure": "item/conure"
	},
	"elements": [ 	 
		{
			"__comment": "Box1",
			"from": [ 8, 0.5, 6 ],
			"to": [ 9.35, 1.85, 8.64 ],
			"rotation": { "origin": [ 8, 0.5, 6 ], "axis": "x", "angle": 0 },
			"faces": {
				"down": { "uv": [ 6, 14, 7, 16 ], "texture": "#conure" },
				"up": { "uv": [ 6, 12, 7, 14 ], "texture": "#conure" },
				"north": { "uv": [ 6, 11, 7, 12 ], "texture": "#conure" },
				"south": { "uv": [ 6, 10, 7, 11 ], "texture": "#conure" },
				"west": { "uv": [ 7, 15, 9, 16 ], "texture": "#conure" },
				"east": { "uv": [ 9, 15, 7, 16 ], "texture": "#conure" }
			}
		},
		{
			"__comment": "PlaneY4",
			"from": [ 7.125, 1.51, 8.875 ],
			"to": [ 9.125, 1.511, 11.275 ],
			"rotation": { "origin": [ 7, 1.75, 6 ], "axis": "y", "angle": 22.5 },
			"faces": {
				"down": { "uv": [ 6, 14, 4, 12 ], "texture": "#conure" },
				"up": { "uv": [ 6, 12, 4, 14 ], "texture": "#conure" }
			}
		},
		{
			"__comment": "PlaneY4",
			"from": [ 10.0081, 1.7391, 6.375 ],
			"to": [ 14.2081, 1.7401, 8.375 ],
			"rotation": { "origin": [ 9.875, 0.75, 7.875 ], "axis": "z", "angle": 45 },
			"faces": {
				"down": { "uv": [ 0, 12, 2, 8 ], "texture": "#conure", "rotation": 90 },
				"up": { "uv": [ 0, 8, 2, 12 ], "texture": "#conure", "rotation": 270 }
			}
		},
		{
			"__comment": "Box1",
			"from": [ 8.075, 1.75, 4.315 ],
			"to": [ 9.250999, 2.134, 5.275 ],
			"rotation": { "origin": [ 8, 0.125, 4.875 ], "axis": "x", "angle": 0 },
			"faces": {
				"down": { "uv": [ 6, 9, 7, 10 ], "texture": "#conure" },
				"up": { "uv": [ 6, 8, 7, 9 ], "texture": "#conure" },
				"north": { "uv": [ 11, 15, 12, 16 ], "texture": "#conure" },
				"south": { "uv": [ 12, 15, 13, 16 ], "texture": "#conure" },
				"west": { "uv": [ 13, 15, 14, 16 ], "texture": "#conure", "rotation": 270 },
				"east": { "uv": [ 13, 16, 14, 15 ], "texture": "#conure", "rotation": 270 }
			}
		},
		{
			"__comment": "Box1",
			"from": [ 10.9859, 1.6031, 6.1251 ],
			"to": [ 12.5831, 1.8551, 6.39082 ],
			"rotation": { "origin": [ 9.875, 0.75, 7.875 ], "axis": "z", "angle": 45 },
			"faces": {
				"down": { "uv": [ 7, 8, 8, 9 ], "texture": "#conure" },
				"up": { "uv": [ 7, 8, 8, 9 ], "texture": "#conure", "rotation": 180 },
				"north": { "uv": [ 7, 8, 8, 9 ], "texture": "#conure", "rotation": 270 },
				"south": { "uv": [ 7, 8, 8, 9 ], "texture": "#conure", "rotation": 270 },
				"west": { "uv": [ 7, 8, 8, 9 ], "texture": "#conure", "rotation": 270 },
				"east": { "uv": [ 7, 8, 8, 9 ], "texture": "#conure", "rotation": 270 }
			}
		},
		{
			"__comment": "Box1",
			"from": [ 10.0081, 1.5851, 6.125 ],
			"to": [ 11.0081, 1.8651, 6.53 ],
			"rotation": { "origin": [ 9.875, 0.75, 7.875 ], "axis": "z", "angle": 45 },
			"faces": {
				"down": { "uv": [ 7, 8, 8, 9 ], "texture": "#conure" },
				"up": { "uv": [ 7, 8, 8, 9 ], "texture": "#conure", "rotation": 180 },
				"north": { "uv": [ 7, 8, 8, 9 ], "texture": "#conure", "rotation": 270 },
				"south": { "uv": [ 7, 8, 8, 9 ], "texture": "#conure", "rotation": 270 },
				"west": { "uv": [ 7, 8, 8, 9 ], "texture": "#conure", "rotation": 270 },
				"east": { "uv": [ 7, 8, 8, 9 ], "texture": "#conure", "rotation": 270 }
			}
		},
		{
			"__comment": "PlaneY4",
			"from": [ 8.5, 1.5, 8.375 ],
			"to": [ 10.5, 1.501, 10.775 ],
			"rotation": { "origin": [ 9.25, 1.75, 5.5 ], "axis": "y", "angle": -22.5 },
			"faces": {
				"down": { "uv": [ 4, 14, 6, 12 ], "texture": "#conure" },
				"up": { "uv": [ 4, 12, 6, 14 ], "texture": "#conure" }
			}
		},
		{
			"__comment": "PlaneY4",
			"from": [ 3.2406, 1.5864, 6.375 ],
			"to": [ 7.4406, 1.5874, 8.375 ],
			"rotation": { "origin": [ 7.5, 0.6249999, 6.5 ], "axis": "z", "angle": -45 },
			"faces": {
				"down": { "uv": [ 2, 12, 0, 8 ], "texture": "#conure", "rotation": 270 },
				"up": { "uv": [ 2, 8, 0, 12 ], "texture": "#conure", "rotation": 90 }
			}
		},
		{
			"__comment": "Box1",
			"from": [ 9.0834, -0.875, 7.47 ],
			"to": [ 9.375, -0.04812509, 7.75 ],
			"rotation": { "origin": [ 8, 0.5, 6 ], "axis": "x", "angle": -22.5 },
			"faces": {
				"down": { "uv": [ 10, 8, 11, 9 ], "texture": "#conure", "rotation": 90 },
				"up": { "uv": [ 10, 8, 11, 9 ], "texture": "#conure", "rotation": 90 },
				"north": { "uv": [ 10, 8, 11, 9 ], "texture": "#conure", "rotation": 90 },
				"south": { "uv": [ 10, 8, 11, 9 ], "texture": "#conure", "rotation": 90 },
				"west": { "uv": [ 10, 8, 11, 9 ], "texture": "#conure", "rotation": 90 },
				"east": { "uv": [ 10, 8, 11, 9 ], "texture": "#conure", "rotation": 90 }
			}
		},
		{
			"__comment": "Box1",
			"from": [ 4.8406, 1.4714, 6.125 ],
			"to": [ 6.4378, 1.7234, 6.39072 ],
			"rotation": { "origin": [ 7.5, 0.6249999, 6.5 ], "axis": "z", "angle": -45 },
			"faces": {
				"down": { "uv": [ 7, 8, 8, 9 ], "texture": "#conure", "rotation": 180 },
				"up": { "uv": [ 7, 8, 8, 9 ], "texture": "#conure" },
				"north": { "uv": [ 7, 8, 8, 9 ], "texture": "#conure", "rotation": 270 },
				"south": { "uv": [ 7, 8, 8, 9 ], "texture": "#conure", "rotation": 270 },
				"west": { "uv": [ 7, 8, 8, 9 ], "texture": "#conure", "rotation": 270 },
				"east": { "uv": [ 7, 8, 8, 9 ], "texture": "#conure", "rotation": 270 }
			}
		},
		{
			"__comment": "Box1",
			"from": [ 6.4406, 1.4614, 6.125 ],
			"to": [ 7.4406, 1.7414, 6.53 ],
			"rotation": { "origin": [ 7.5, 0.625, 6.5 ], "axis": "z", "angle": -45 },
			"faces": {
				"down": { "uv": [ 7, 8, 8, 9 ], "texture": "#conure", "rotation": 180 },
				"up": { "uv": [ 7, 8, 8, 9 ], "texture": "#conure" },
				"north": { "uv": [ 7, 8, 8, 9 ], "texture": "#conure", "rotation": 270 },
				"south": { "uv": [ 7, 8, 8, 9 ], "texture": "#conure", "rotation": 270 },
				"west": { "uv": [ 7, 8, 8, 9 ], "texture": "#conure", "rotation": 270 },
				"east": { "uv": [ 7, 8, 8, 9 ], "texture": "#conure", "rotation": 270 }
			}
		},
		{
			"__comment": "Box1",
			"from": [ 8.068399, 1, 4.525 ],
			"to": [ 9.23, 1.5, 5.025 ],
			"rotation": { "origin": [ 8, 0.125, 4.875 ], "axis": "x", "angle": 0 },
			"faces": {
				"down": { "uv": [ 12, 13, 13, 14 ], "texture": "#conure", "rotation": 270 },
				"up": { "uv": [ 13, 13, 14, 14 ], "texture": "#conure", "rotation": 90 },
				"north": { "uv": [ 14, 13, 15, 14 ], "texture": "#conure" },
				"south": { "uv": [ 15, 13, 16, 14 ], "texture": "#conure" },
				"west": { "uv": [ 10, 12, 11, 13 ], "texture": "#conure" },
				"east": { "uv": [ 10, 11, 11, 12 ], "texture": "#conure" }
			}
		},
		{
			"__comment": "Box1",
			"from": [ 8.0834, -0.875, 7.47 ],
			"to": [ 8.375, -0.04812509, 7.75 ],
			"rotation": { "origin": [ 8, 0.5, 6 ], "axis": "x", "angle": -22.5 },
			"faces": {
				"down": { "uv": [ 10, 8, 11, 9 ], "texture": "#conure", "rotation": 90 },
				"up": { "uv": [ 10, 8, 11, 9 ], "texture": "#conure", "rotation": 90 },
				"north": { "uv": [ 10, 8, 11, 9 ], "texture": "#conure", "rotation": 90 },
				"south": { "uv": [ 10, 8, 11, 9 ], "texture": "#conure", "rotation": 90 },
				"west": { "uv": [ 10, 8, 11, 9 ], "texture": "#conure", "rotation": 90 },
				"east": { "uv": [ 10, 8, 11, 9 ], "texture": "#conure", "rotation": 90 }
			}
		},
		{
			"__comment": "PlaneY15",
			"from": [ 8.75, -0.25, 7.624 ],
			"to": [ 9.75, 1.25, 7.625 ],
			"rotation": { "origin": [ 8, -1, 6.25 ], "axis": "x", "angle": 22.5 },
			"faces": {
				"north": { "uv": [ 11, 10, 12, 11 ], "texture": "#conure" },
				"south": { "uv": [ 12, 10, 11, 11 ], "texture": "#conure" }
			}
		},
		{
			"__comment": "PlaneY15",
			"from": [ 7.75, -0.25, 7.624 ],
			"to": [ 8.75, 1.25, 7.625 ],
			"rotation": { "origin": [ 8, -1, 6.25 ], "axis": "x", "angle": 22.5 },
			"faces": {
				"north": { "uv": [ 12, 10, 11, 11 ], "texture": "#conure" },
				"south": { "uv": [ 11, 10, 12, 11 ], "texture": "#conure" }
			}
		},
		{
			"__comment": "Box1",
			"from": [ 8.148399, 1.25, 4.275 ],
			"to": [ 9.148399, 1.75, 5.275 ],
			"rotation": { "origin": [ 8, 0.125, 4.875 ], "axis": "x", "angle": 0 },
			"faces": {
				"down": { "uv": [ 11, 9, 12, 10 ], "texture": "#conure", "rotation": 270 },
				"up": { "uv": [ 11, 8, 12, 9 ], "texture": "#conure", "rotation": 90 },
				"north": { "uv": [ 12, 11, 13, 12 ], "texture": "#conure" },
				"south": { "uv": [ 13, 11, 14, 12 ], "texture": "#conure" },
				"west": { "uv": [ 14, 11, 15, 12 ], "texture": "#conure" },
				"east": { "uv": [ 15, 11, 16, 12 ], "texture": "#conure" }
			}
		},
		{
			"__comment": "Box1",
			"from": [ 8.155, 1, 5.25 ],
			"to": [ 9.155, 2, 6.25 ],
			"rotation": { "origin": [ 8, 1, 5.375 ], "axis": "x", "angle": 22.5 },
			"faces": {
				"down": { "uv": [ 12, 10, 13, 11 ], "texture": "#conure" },
				"up": { "uv": [ 12, 9, 13, 10 ], "texture": "#conure" },
				"north": { "uv": [ 12, 8, 13, 9 ], "texture": "#conure" },
				"south": { "uv": [ 13, 10, 14, 11 ], "texture": "#conure" },
				"west": { "uv": [ 14, 10, 15, 11 ], "texture": "#conure" },
				"east": { "uv": [ 15, 10, 14, 11 ], "texture": "#conure" }
			}
		},
		{
			"__comment": "Box1",
			"from": [ 8.065, 0.875, 5 ],
			"to": [ 9.264999, 2.075, 5.6 ],
			"rotation": { "origin": [ 8, 0.125, 4.875 ], "axis": "x", "angle": 0 },
			"faces": {
				"down": { "uv": [ 13, 9, 14, 10 ], "texture": "#conure" },
				"up": { "uv": [ 13, 8, 14, 9 ], "texture": "#conure" },
				"north": { "uv": [ 14, 9, 15, 10 ], "texture": "#conure" },
				"south": { "uv": [ 15, 9, 16, 10 ], "texture": "#conure" },
				"west": { "uv": [ 14, 8, 15, 9 ], "texture": "#conure" },
				"east": { "uv": [ 15, 8, 14, 9 ], "texture": "#conure" }
			}
		}
	],
	"display": {
		"thirdperson_righthand": {
			"rotation":  [ 90, 0, 0 ],
			"translation":  [ 0, -0.694, 6.9565 ]
		},
		"thirdperson_lefthand": {
			"rotation":  [ 90, 0, 0 ],
			"translation":  [ 0, -0.694, 6.9565 ]
		},
		"firstperson_righthand": {
			"translation":  [ 0, 11.826, 0 ],
			"scale":  [ 1.5, 1.5, 1.5 ]
		},
		"firstperson_lefthand": {
			"translation":  [ 2.7826, 11.826, 0 ],
			"scale":  [ 1.5, 1.5, 1.5 ]
		},
		"gui": {
			"rotation":  [ 0, 130, 0 ],
			"translation":  [ 1.3913, 6.2608, 1.3913 ]
		},
		"head": {
			"translation":  [ -2.086, 9.0639, 0.696 ],
			"scale":  [ 3.5, 3.5, 3.5 ]
		},
		"ground": {
			"translation":  [ 0, 5.5652, 0 ]
		},
		"fixed": {
			"rotation":  [ -90, 0, 0 ],
			"translation":  [ -2.086, -0.695, -22.94 ],
			"scale":  [ 2.5, 2.5, 2.5 ]
		}
	}
}