{
	"__comment": "Cubik Studio - https://cubik.studio",
	"textures": {
		"doe": "item/doe"
	},
	"elements": [ 	 
		{
			"__comment": "Box1",
			"from": [ -13.25, 10.25, 7.5 ],
			"to": [ -9.75, 13.25, 10.5 ],
			"rotation": { "origin": [ -13.25, 10.25, 7.5 ], "axis": "z", "angle": 45 },
			"faces": {
				"down": { "uv": [ 11.75, 12, 12.5, 12.75 ], "texture": "#doe", "cullface": "west" },
				"up": { "uv": [ 1.5, 0, 2.25, 0.75 ], "texture": "#doe", "cullface": "west" },
				"north": { "uv": [ 8.75, 12, 9.5, 12.75 ], "texture": "#doe", "cullface": "west" },
				"south": { "uv": [ 9.5, 12, 10.25, 12.75 ], "texture": "#doe", "cullface": "west" },
				"west": { "uv": [ 10.25, 12, 11, 12.75 ], "texture": "#doe", "cullface": "west" },
				"east": { "uv": [ 11, 12, 11.75, 12.75 ], "texture": "#doe", "cullface": "west" }
			}
		},
		{
			"__comment": "Box2",
			"from": [ -10.5, 12.375, 7 ],
			"to": [ -5.5, 16.375, 11 ],
			"rotation": { "origin": [ -10.5, 12.375, 7 ], "axis": "z", "angle": 45 },
			"faces": {
				"down": { "uv": [ 3.25, 11.75, 4.5, 12.75 ], "texture": "#doe", "cullface": "west" },
				"up": { "uv": [ 12.25, 13.25, 13.5, 14.25 ], "texture": "#doe", "cullface": "west" },
				"north": { "uv": [ 13.5, 13.25, 14.75, 14.25 ], "texture": "#doe", "cullface": "west" },
				"south": { "uv": [ 4.5, 11.75, 5.75, 12.75 ], "texture": "#doe", "cullface": "west" },
				"west": { "uv": [ 2.25, 1.25, 3.25, 2.25 ], "texture": "#doe", "cullface": "west" },
				"east": { "uv": [ 2.25, 2.25, 3.25, 3.25 ], "texture": "#doe", "cullface": "west" }
			}
		},
		{
			"__comment": "Box3",
			"from": [ -8.5, 3.875, 5.375 ],
			"to": [ -2, 10.375, 12.875 ],
			"faces": {
				"down": { "uv": [ 0, 8.5, 1.5, 10.25 ], "texture": "#doe", "cullface": "west" },
				"up": { "uv": [ 0, 3.25, 1.5, 5 ], "texture": "#doe", "cullface": "west" },
				"north": { "uv": [ 0, 1.75, 1.5, 3.25 ], "texture": "#doe", "cullface": "west" },
				"south": { "uv": [ 0, 0.25, 1.5, 1.75 ], "texture": "#doe", "cullface": "west" },
				"west": { "uv": [ 1.5, 12.75, 3.25, 14.25 ], "texture": "#doe", "cullface": "west" },
				"east": { "uv": [ 3.25, 12.75, 5, 14.25 ], "texture": "#doe", "cullface": "west" }
			}
		},
		{
			"__comment": "Box4",
			"from": [ -7.25, 13.875, 7 ],
			"to": [ -4.25, 18.375, 11 ],
			"rotation": { "origin": [ -7.25, 13.875, 7 ], "axis": "z", "angle": 45 },
			"faces": {
				"down": { "uv": [ 5.75, 11.75, 6.5, 12.75 ], "texture": "#doe", "cullface": "west" },
				"up": { "uv": [ 6.5, 11.75, 7.25, 12.75 ], "texture": "#doe", "cullface": "west" },
				"north": { "uv": [ 7.25, 11.75, 8, 12.75 ], "texture": "#doe", "cullface": "west" },
				"south": { "uv": [ 8, 11.75, 8.75, 12.75 ], "texture": "#doe", "cullface": "west" },
				"west": { "uv": [ 2.25, 3.25, 3.25, 4.25 ], "texture": "#doe", "cullface": "west" },
				"east": { "uv": [ 2.25, 4.25, 3.25, 5.25 ], "texture": "#doe", "cullface": "west" }
			}
		},
		{
			"__comment": "Box5",
			"from": [ -7.125, 8.25, 6.5 ],
			"to": [ -1.625, 14.75, 11.5 ],
			"rotation": { "origin": [ -7.125, 8.25, 6.5 ], "axis": "z", "angle": 22.5 },
			"faces": {
				"up": { "uv": [ 10, 13, 11.25, 14.25 ], "texture": "#doe", "cullface": "west" },
				"north": { "uv": [ 8.75, 12.75, 10, 14.25 ], "texture": "#doe", "cullface": "west" },
				"south": { "uv": [ 5, 12.75, 6.25, 14.25 ], "texture": "#doe", "cullface": "west" },
				"west": { "uv": [ 6.25, 12.75, 7.5, 14.25 ], "texture": "#doe", "cullface": "west" },
				"east": { "uv": [ 7.5, 12.75, 8.75, 14.25 ], "texture": "#doe", "cullface": "west" }
			}
		},
		{
			"__comment": "Box6",
			"from": [ -3.5, 2.875, 5.5 ],
			"to": [ 5, 9.875, 13 ],
			"faces": {
				"down": { "uv": [ 8, 14.25, 10, 16 ], "texture": "#doe", "cullface": "west" },
				"up": { "uv": [ 6, 14.25, 8, 16 ], "texture": "#doe", "cullface": "west" },
				"north": { "uv": [ 4, 14.25, 6, 16 ], "texture": "#doe", "cullface": "west" },
				"south": { "uv": [ 2, 14.25, 4, 16 ], "texture": "#doe", "cullface": "west" },
				"west": { "uv": [ 13.75, 14.25, 15.5, 16 ], "texture": "#doe", "cullface": "west" },
				"east": { "uv": [ 12, 14.25, 13.75, 16 ], "texture": "#doe", "cullface": "west" }
			}
		},
		{
			"__comment": "Box7",
			"from": [ 5, 3.375, 5.375 ],
			"to": [ 11.5, 10.375, 13.375 ],
			"faces": {
				"down": { "uv": [ 0, 12.25, 1.5, 14.25 ], "texture": "#doe" },
				"up": { "uv": [ 0, 10.25, 1.5, 12.25 ], "texture": "#doe" },
				"north": { "uv": [ 0, 5, 1.5, 6.75 ], "texture": "#doe" },
				"south": { "uv": [ 0, 6.75, 1.5, 8.5 ], "texture": "#doe" },
				"west": { "uv": [ 10, 14.25, 12, 16 ], "texture": "#doe" },
				"east": { "uv": [ 0, 14.25, 2, 16 ], "texture": "#doe" }
			}
		},
		{
			"__comment": "Box8",
			"from": [ 5.75, 3.25, 12.75 ],
			"to": [ 10.25, 8.25, 14.75 ],
			"faces": {
				"down": { "uv": [ 12.25, 12.75, 13.25, 13.25 ], "texture": "#doe" },
				"up": { "uv": [ 13.5, 12.75, 14.5, 13.25 ], "texture": "#doe" },
				"north": { "uv": [ 2.25, 7.75, 3.25, 9 ], "texture": "#doe" },
				"south": { "uv": [ 2.25, 6.5, 3.25, 7.75 ], "texture": "#doe" },
				"west": { "uv": [ 3.75, 3.75, 4.25, 5 ], "texture": "#doe" },
				"east": { "uv": [ 3.75, 2.5, 4.25, 3.75 ], "texture": "#doe" }
			}
		},
		{
			"__comment": "Box9",
			"from": [ 9.5, -1.625, 12.5 ],
			"to": [ 13, 6.375, 14.5 ],
			"rotation": { "origin": [ 9.5, -1.625, 12.5 ], "axis": "z", "angle": 22.5 },
			"faces": {
				"down": { "uv": [ 15.25, 12, 16, 12.5 ], "texture": "#doe", "cullface": "down" },
				"up": { "uv": [ 5, 11, 5.75, 11.5 ], "texture": "#doe", "cullface": "down" },
				"north": { "uv": [ 1.5, 6.75, 2.25, 8.75 ], "texture": "#doe", "cullface": "down" },
				"south": { "uv": [ 1.5, 4.75, 2.25, 6.75 ], "texture": "#doe", "cullface": "down" },
				"west": { "uv": [ 3.25, 9.75, 3.75, 11.75 ], "texture": "#doe", "cullface": "down" },
				"east": { "uv": [ 3.25, 7.75, 3.75, 9.75 ], "texture": "#doe", "cullface": "down" }
			}
		},
		{
			"__comment": "Box10",
			"from": [ 10, -7, 12.875 ],
			"to": [ 12.5, -0.5, 14.375 ],
			"faces": {
				"up": { "uv": [ 10, 9.5, 10.5, 9.75 ], "texture": "#doe", "cullface": "down" },
				"north": { "uv": [ 3.25, 3, 3.75, 4.5 ], "texture": "#doe", "cullface": "down" },
				"south": { "uv": [ 3.25, 1.5, 3.75, 3 ], "texture": "#doe", "cullface": "down" },
				"west": { "uv": [ 4.25, 6.5, 4.5, 8 ], "texture": "#doe", "cullface": "down" },
				"east": { "uv": [ 4.25, 5, 4.5, 6.5 ], "texture": "#doe", "cullface": "down" }
			}
		},
		{
			"__comment": "Box8",
			"from": [ 5.75, 3.25, 3.5 ],
			"to": [ 10.25, 8.25, 5.5 ],
			"faces": {
				"down": { "uv": [ 12.5, 12.25, 13.5, 12.75 ], "texture": "#doe" },
				"up": { "uv": [ 12.5, 11.75, 13.5, 12.25 ], "texture": "#doe" },
				"north": { "uv": [ 14.75, 13, 15.75, 14.25 ], "texture": "#doe" },
				"south": { "uv": [ 2.25, 11.5, 3.25, 12.75 ], "texture": "#doe" },
				"west": { "uv": [ 4.5, 10.5, 5, 11.75 ], "texture": "#doe" },
				"east": { "uv": [ 4.5, 6.75, 5, 8 ], "texture": "#doe" }
			}
		},
		{
			"__comment": "Box9",
			"from": [ 9.75, -1.625, 3.5 ],
			"to": [ 13.25, 6.375, 5.5 ],
			"rotation": { "origin": [ 9.75, -1.625, 3.5 ], "axis": "z", "angle": 22.5 },
			"faces": {
				"down": { "uv": [ 6.5, 11, 7.25, 11.5 ], "texture": "#doe", "cullface": "down" },
				"north": { "uv": [ 1.5, 8.75, 2.25, 10.75 ], "texture": "#doe", "cullface": "down" },
				"south": { "uv": [ 1.5, 10.75, 2.25, 12.75 ], "texture": "#doe", "cullface": "down" },
				"west": { "uv": [ 1.5, 2.75, 2, 4.75 ], "texture": "#doe", "cullface": "down" },
				"east": { "uv": [ 1.5, 0.75, 2, 2.75 ], "texture": "#doe", "cullface": "down" }
			}
		},
		{
			"__comment": "Box10",
			"from": [ 10.125, -7.125, 3.75 ],
			"to": [ 12.625, -0.625, 5.25 ],
			"faces": {
				"up": { "uv": [ 4.5, 0, 5, 0.25 ], "texture": "#doe", "cullface": "down" },
				"north": { "uv": [ 3.25, 4.5, 3.75, 6 ], "texture": "#doe", "cullface": "down" },
				"south": { "uv": [ 3.25, 0, 3.75, 1.5 ], "texture": "#doe", "cullface": "down" },
				"west": { "uv": [ 5, 9.5, 5.25, 11 ], "texture": "#doe", "cullface": "down" },
				"east": { "uv": [ 5, 6.5, 5.25, 8 ], "texture": "#doe", "cullface": "down" }
			}
		},
		{
			"__comment": "Box14",
			"from": [ -7.875, 3.25, 12.75 ],
			"to": [ -3.375, 8.25, 13.75 ],
			"faces": {
				"down": { "uv": [ 13.75, 11.25, 14.75, 11.5 ], "texture": "#doe", "cullface": "west" },
				"up": { "uv": [ 13.75, 11, 14.75, 11.25 ], "texture": "#doe", "cullface": "west" },
				"north": { "uv": [ 2.25, 10.25, 3.25, 11.5 ], "texture": "#doe", "cullface": "west" },
				"south": { "uv": [ 2.25, 9, 3.25, 10.25 ], "texture": "#doe", "cullface": "west" },
				"west": { "uv": [ 5, 3.75, 5.25, 5 ], "texture": "#doe", "cullface": "west" },
				"east": { "uv": [ 4.25, 2.5, 4.5, 3.75 ], "texture": "#doe", "cullface": "west" }
			}
		},
		{
			"__comment": "Box14",
			"from": [ -7.875, 3.25, 4.5 ],
			"to": [ -3.375, 8.25, 5.5 ],
			"faces": {
				"down": { "uv": [ 14.75, 11.25, 15.75, 11.5 ], "texture": "#doe", "cullface": "west" },
				"up": { "uv": [ 14.75, 11, 15.75, 11.25 ], "texture": "#doe", "cullface": "west" },
				"north": { "uv": [ 2.25, 5.25, 3.25, 6.5 ], "texture": "#doe", "cullface": "west" },
				"south": { "uv": [ 11.25, 13, 12.25, 14.25 ], "texture": "#doe", "cullface": "west" },
				"west": { "uv": [ 5.5, 9.75, 5.75, 11 ], "texture": "#doe", "cullface": "west" },
				"east": { "uv": [ 15.75, 13, 16, 14.25 ], "texture": "#doe", "cullface": "west" }
			}
		},
		{
			"__comment": "Box16",
			"from": [ -7.25, -1.25, 12.625 ],
			"to": [ -3.75, 3.75, 14.125 ],
			"faces": {
				"down": { "uv": [ 8.75, 11.75, 9.5, 12 ], "texture": "#doe", "cullface": "west" },
				"up": { "uv": [ 9.5, 11.75, 10.25, 12 ], "texture": "#doe", "cullface": "west" },
				"north": { "uv": [ 3.75, 10.5, 4.5, 11.75 ], "texture": "#doe", "cullface": "west" },
				"south": { "uv": [ 2.25, 0, 3, 1.25 ], "texture": "#doe", "cullface": "west" },
				"west": { "uv": [ 4.25, 1.25, 4.5, 2.5 ], "texture": "#doe", "cullface": "west" },
				"east": { "uv": [ 4.25, 0, 4.5, 1.25 ], "texture": "#doe", "cullface": "west" }
			}
		},
		{
			"__comment": "Box17",
			"from": [ -6.75, -7, 12.625 ],
			"to": [ -4.25, 0, 14.125 ],
			"faces": {
				"north": { "uv": [ 15.5, 14.25, 16, 16 ], "texture": "#doe" },
				"south": { "uv": [ 3.25, 6, 3.75, 7.75 ], "texture": "#doe" },
				"west": { "uv": [ 2, 3, 2.25, 4.75 ], "texture": "#doe" },
				"east": { "uv": [ 2, 1, 2.25, 2.75 ], "texture": "#doe" }
			}
		},
		{
			"__comment": "Box16",
			"from": [ -7.25, -1.375, 4.5 ],
			"to": [ -3.75, 3.625, 6 ],
			"faces": {
				"down": { "uv": [ 10.25, 11.75, 11, 12 ], "texture": "#doe", "cullface": "west" },
				"up": { "uv": [ 11, 11.75, 11.75, 12 ], "texture": "#doe", "cullface": "west" },
				"north": { "uv": [ 3.75, 8, 4.5, 9.25 ], "texture": "#doe", "cullface": "west" },
				"south": { "uv": [ 3.75, 9.25, 4.5, 10.5 ], "texture": "#doe", "cullface": "west" },
				"west": { "uv": [ 5.25, 6, 5.5, 7.25 ], "texture": "#doe", "cullface": "west" },
				"east": { "uv": [ 5, 2.5, 5.25, 3.75 ], "texture": "#doe", "cullface": "west" }
			}
		},
		{
			"__comment": "Box17",
			"from": [ -6.75, -7.125, 4.5 ],
			"to": [ -4.25, -0.625, 6 ],
			"faces": {
				"north": { "uv": [ 3.75, 5, 4.25, 6.5 ], "texture": "#doe" },
				"south": { "uv": [ 3.75, 6.5, 4.25, 8 ], "texture": "#doe" },
				"west": { "uv": [ 4.75, 3.75, 5, 5.25 ], "texture": "#doe" },
				"east": { "uv": [ 5, 8, 5.25, 9.5 ], "texture": "#doe" }
			}
		},
		{
			"__comment": "Box20",
			"from": [ -7.375, -8.5, 4.125 ],
			"to": [ -3.875, -7, 6.125 ],
			"faces": {
				"down": { "uv": [ 7.25, 11, 8, 11.5 ], "texture": "#doe" },
				"up": { "uv": [ 11.75, 11, 12.5, 11.5 ], "texture": "#doe" },
				"north": { "uv": [ 11.75, 11.75, 12.5, 12 ], "texture": "#doe" },
				"south": { "uv": [ 15.25, 12.5, 16, 12.75 ], "texture": "#doe" },
				"west": { "uv": [ 8.25, 9.75, 8.75, 10 ], "texture": "#doe" },
				"east": { "uv": [ 13.25, 9.75, 13.75, 10 ], "texture": "#doe" }
			}
		},
		{
			"__comment": "Box20",
			"from": [ 9.375, -8.5, 3.5 ],
			"to": [ 12.875, -7, 5.5 ],
			"faces": {
				"down": { "uv": [ 11, 11, 11.75, 11.5 ], "texture": "#doe", "cullface": "down" },
				"up": { "uv": [ 10.25, 11, 11, 11.5 ], "texture": "#doe", "cullface": "down" },
				"north": { "uv": [ 11.25, 9.75, 12, 10 ], "texture": "#doe", "cullface": "down" },
				"south": { "uv": [ 13, 10.75, 13.75, 11 ], "texture": "#doe", "cullface": "down" },
				"west": { "uv": [ 13, 9.5, 13.5, 9.75 ], "texture": "#doe", "cullface": "down" },
				"east": { "uv": [ 12.5, 9.5, 13, 9.75 ], "texture": "#doe", "cullface": "down" }
			}
		},
		{
			"__comment": "Box20",
			"from": [ -7.375, -8.5, 12.375 ],
			"to": [ -3.875, -7, 14.375 ],
			"faces": {
				"down": { "uv": [ 8, 11, 8.75, 11.5 ], "texture": "#doe" },
				"up": { "uv": [ 8.75, 11, 9.5, 11.5 ], "texture": "#doe" },
				"north": { "uv": [ 15, 10.5, 15.75, 10.75 ], "texture": "#doe" },
				"south": { "uv": [ 15.25, 11.75, 16, 12 ], "texture": "#doe" },
				"west": { "uv": [ 11.5, 9.5, 12, 9.75 ], "texture": "#doe" },
				"east": { "uv": [ 11, 9.5, 11.5, 9.75 ], "texture": "#doe" }
			}
		},
		{
			"__comment": "Box20",
			"from": [ 9.375, -8.5, 12.375 ],
			"to": [ 12.875, -7, 14.375 ],
			"faces": {
				"down": { "uv": [ 9.5, 11, 10.25, 11.5 ], "texture": "#doe", "cullface": "down" },
				"up": { "uv": [ 5.75, 11, 6.5, 11.5 ], "texture": "#doe", "cullface": "down" },
				"north": { "uv": [ 8.5, 9.5, 9.25, 9.75 ], "texture": "#doe", "cullface": "down" },
				"south": { "uv": [ 7.75, 9.5, 8.5, 9.75 ], "texture": "#doe", "cullface": "down" },
				"west": { "uv": [ 12, 9.5, 12.5, 9.75 ], "texture": "#doe", "cullface": "down" },
				"east": { "uv": [ 10.5, 9.5, 11, 9.75 ], "texture": "#doe", "cullface": "down" }
			}
		},
		{
			"__comment": "Box24",
			"from": [ 13.375, 4.875, 7.75 ],
			"to": [ 15.875, 9.875, 9.75 ],
			"rotation": { "origin": [ 13.375, 4.875, 7.75 ], "axis": "z", "angle": 45 },
			"faces": {
				"down": { "uv": [ 4.5, 0.25, 5, 0.75 ], "texture": "#doe" },
				"up": { "uv": [ 8.25, 10, 8.75, 10.5 ], "texture": "#doe" },
				"north": { "uv": [ 4.5, 8, 5, 9.25 ], "texture": "#doe" },
				"south": { "uv": [ 3.75, 1.25, 4.25, 2.5 ], "texture": "#doe" },
				"west": { "uv": [ 4.5, 9.25, 5, 10.5 ], "texture": "#doe" },
				"east": { "uv": [ 3.75, 0, 4.25, 1.25 ], "texture": "#doe" }
			}
		},
		{
			"__comment": "Box25",
			"from": [ -9.75, 18.625, 10.625 ],
			"to": [ -8.75, 20.125, 11.625 ],
			"rotation": { "origin": [ -9.75, 18.625, 10.625 ], "axis": "x", "angle": 22.5 },
			"faces": {
				"down": { "uv": [ 6.25, 3.25, 6.5, 3.5 ], "texture": "#doe" },
				"up": { "uv": [ 7.25, 9.25, 7.5, 9.5 ], "texture": "#doe" },
				"north": { "uv": [ 15.75, 9.5, 16, 9.75 ], "texture": "#doe" },
				"south": { "uv": [ 15, 9.5, 15.25, 9.75 ], "texture": "#doe" },
				"west": { "uv": [ 14.75, 9.5, 15, 9.75 ], "texture": "#doe" },
				"east": { "uv": [ 14.5, 9.5, 14.75, 9.75 ], "texture": "#doe" }
			}
		},
		{
			"__comment": "Box25",
			"from": [ -9.75, 18.25, 6.625 ],
			"to": [ -8.75, 19.75, 7.625 ],
			"rotation": { "origin": [ -9.75, 18.25, 6.625 ], "axis": "x", "angle": -22.5 },
			"faces": {
				"down": { "uv": [ 14.25, 9.5, 14.5, 9.75 ], "texture": "#doe" },
				"up": { "uv": [ 13.5, 9.5, 13.75, 9.75 ], "texture": "#doe" },
				"north": { "uv": [ 15.75, 10.5, 16, 10.75 ], "texture": "#doe" },
				"south": { "uv": [ 15.75, 10.75, 16, 11 ], "texture": "#doe" },
				"west": { "uv": [ 14.75, 9.75, 15, 10 ], "texture": "#doe" },
				"east": { "uv": [ 14.5, 10, 14.75, 10.25 ], "texture": "#doe" }
			}
		},
		{
			"__comment": "Box27",
			"from": [ -9.375, 19.875, 11.375 ],
			"to": [ -8.875, 22.875, 11.875 ],
			"rotation": { "origin": [ -9.375, 19.875, 11.375 ], "axis": "x", "angle": 45 },
			"faces": {
				"down": { "uv": [ 8, 9.75, 8.25, 10 ], "texture": "#doe" },
				"up": { "uv": [ 7.5, 9.75, 7.75, 10 ], "texture": "#doe" },
				"north": { "uv": [ 6.25, 8, 6.5, 8.75 ], "texture": "#doe" },
				"south": { "uv": [ 6, 0, 6.25, 0.75 ], "texture": "#doe" },
				"west": { "uv": [ 6, 0.75, 6.25, 1.5 ], "texture": "#doe" },
				"east": { "uv": [ 6, 3, 6.25, 3.75 ], "texture": "#doe" }
			}
		},
		{
			"__comment": "Box27",
			"from": [ -9.5, 19.5, 6.5 ],
			"to": [ -9, 22.5, 7 ],
			"rotation": { "origin": [ -9.5, 19.5, 6.5 ], "axis": "x", "angle": -45 },
			"faces": {
				"down": { "uv": [ 15.75, 11.5, 16, 11.75 ], "texture": "#doe" },
				"up": { "uv": [ 2, 0.75, 2.25, 1 ], "texture": "#doe" },
				"north": { "uv": [ 6, 5.25, 6.25, 6 ], "texture": "#doe" },
				"south": { "uv": [ 15.75, 9.75, 16, 10.5 ], "texture": "#doe" },
				"west": { "uv": [ 15.5, 9.75, 15.75, 10.5 ], "texture": "#doe" },
				"east": { "uv": [ 6.25, 7.25, 6.5, 8 ], "texture": "#doe" }
			}
		},
		{
			"__comment": "Box37",
			"from": [ -11.375, 20.25, 6.375 ],
			"to": [ -9.375, 20.75, 6.875 ],
			"rotation": { "origin": [ -11.375, 20.25, 6.375 ], "axis": "z", "angle": -22.5 },
			"faces": {
				"down": { "uv": [ 10.25, 10.75, 11.25, 11 ], "texture": "#doe" },
				"up": { "uv": [ 10.25, 10.5, 11.25, 10.75 ], "texture": "#doe" },
				"north": { "uv": [ 10.25, 10.25, 11.25, 10.5 ], "texture": "#doe" },
				"south": { "uv": [ 10.25, 10, 11.25, 10.25 ], "texture": "#doe" },
				"west": { "uv": [ 6.25, 1.5, 6.5, 1.75 ], "texture": "#doe" },
				"east": { "uv": [ 6.25, 0.5, 6.5, 0.75 ], "texture": "#doe" }
			}
		},
		{
			"__comment": "Box37",
			"from": [ -11.375, 20.375, 11.5 ],
			"to": [ -9.375, 20.875, 12 ],
			"rotation": { "origin": [ -11.375, 20.375, 11.5 ], "axis": "z", "angle": -22.5 },
			"faces": {
				"down": { "uv": [ 10.25, 9.75, 11.25, 10 ], "texture": "#doe" },
				"up": { "uv": [ 11.25, 10.75, 12.25, 11 ], "texture": "#doe" },
				"north": { "uv": [ 11.25, 10.5, 12.25, 10.75 ], "texture": "#doe" },
				"south": { "uv": [ 11.25, 10.25, 12.25, 10.5 ], "texture": "#doe" },
				"west": { "uv": [ 6.25, 0, 6.5, 0.25 ], "texture": "#doe" },
				"east": { "uv": [ 6.5, 9.25, 6.75, 9.5 ], "texture": "#doe" }
			}
		},
		{
			"__comment": "Box31",
			"from": [ 0.625, 5, 8 ],
			"to": [ 3.125, 7, 9 ],
			"faces": {
				"down": { "uv": [ 13, 8.5, 14, 9.5 ], "texture": "#doe" },
				"up": { "uv": [ 13, 8.5, 14, 9.5 ], "texture": "#doe" },
				"north": { "uv": [ 13, 8.5, 14, 9.5 ], "texture": "#doe" },
				"south": { "uv": [ 13, 8.5, 14, 9.5 ], "texture": "#doe" },
				"west": { "uv": [ 13, 8.5, 14, 9.5 ], "texture": "#doe" },
				"east": { "uv": [ 13, 8.5, 14, 9.5 ], "texture": "#doe" }
			}
		}
	],
	"display": {
		"thirdperson_righthand": {
			"rotation":  [ 0, -90, -90 ],
			"translation":  [ 0, -4.869, 0 ],
			"scale":  [ 0.5, 0.5, 0.5 ]
		},
		"thirdperson_lefthand": {
			"rotation":  [ 0, 90, 90 ],
			"translation":  [ 0, -4.869, 0 ],
			"scale":  [ 0.5, 0.5, 0.5 ]
		},
		"firstperson_righthand": {
			"rotation":  [ 2, -90, 0 ],
			"translation":  [ 0, 4.1745, 7.6521 ],
			"scale":  [ 0.5, 0.5, 0.5 ]
		},
		"firstperson_lefthand": {
			"rotation":  [ 2, 88, 0 ],
			"translation":  [ 0, 4.1745, 7.6521 ],
			"scale":  [ 0.5, 0.5, 0.5 ]
		},
		"gui": {
			"translation":  [ 2.0869, 0.6956, 2.0869 ],
			"scale":  [ 0.3, 0.3, 0.3 ]
		},
		"head": {
			"rotation":  [ 0, -90, 0 ],
			"translation":  [ 2.0869, -12.5, 15.304 ],
			"scale":  [ 2, 2, 2 ]
		},
		"ground": {
			"translation":  [ 0, 2.0869, 0 ],
			"scale":  [ 0.3, 0.3, 0.3 ]
		},
		"fixed": {
			"rotation":  [ 0, -92, 90 ],
			"translation":  [ 2.7826, 13.913, -46.59 ],
			"scale":  [ 3, 3, 3 ]
		}
	}
}