{
	"__comment": "Cubik Studio - https://cubik.studio",
	"textures": {
		"duck": "item/duck"
	},
	"elements": [ 	 
		{
			"__comment": "Box1",
			"from": [ -1.0531, 2.4844, 1.3969 ],
			"to": [ -0.4031, 2.9719, 2.2094 ],
			"faces": {
				"down": { "uv": [ 5, 9, 6, 10 ], "texture": "#duck" },
				"up": { "uv": [ 14, 12, 15, 13 ], "texture": "#duck" },
				"north": { "uv": [ 15, 12, 16, 13 ], "texture": "#duck" },
				"south": { "uv": [ 11, 11, 12, 12 ], "texture": "#duck" },
				"west": { "uv": [ 11, 10, 12, 11 ], "texture": "#duck", "rotation": 270 },
				"east": { "uv": [ 5, 11, 6, 12 ], "texture": "#duck", "rotation": 90 }
			}
		},
		{
			"__comment": "Box1",
			"from": [ -1.6625, 0.1688, 3.0625 ],
			"to": [ 0.125, 1.6313, 5.5 ],
			"faces": {
				"down": { "uv": [ 3, 9, 4, 11 ], "texture": "#duck" },
				"up": { "uv": [ 4, 9, 5, 11 ], "texture": "#duck" },
				"north": { "uv": [ 3, 8, 4, 9 ], "texture": "#duck" },
				"south": { "uv": [ 5, 10, 6, 11 ], "texture": "#duck" },
				"west": { "uv": [ 4, 8, 6, 9 ], "texture": "#duck" },
				"east": { "uv": [ 6, 8, 4, 9 ], "texture": "#duck" }
			}
		},
		{
			"__comment": "Box3",
			"from": [ -0.1594, -0.4844, 4.4719 ],
			"to": [ 0.1656, 0.1656, 4.7969 ],
			"faces": {
				"down": { "uv": [ 15, 13, 16, 14 ], "texture": "#duck" },
				"up": { "uv": [ 15, 13, 16, 14 ], "texture": "#duck" },
				"north": { "uv": [ 15, 13, 16, 14 ], "texture": "#duck" },
				"south": { "uv": [ 15, 13, 16, 14 ], "texture": "#duck" },
				"west": { "uv": [ 15, 13, 16, 14 ], "texture": "#duck" },
				"east": { "uv": [ 15, 13, 16, 14 ], "texture": "#duck" }
			}
		},
		{
			"__comment": "Box3",
			"from": [ 0.2002, 1.0906, 5.1312 ],
			"to": [ 0.4562, 1.3406, 6.3312 ],
			"faces": {
				"down": { "uv": [ 10, 9, 11, 10 ], "texture": "#duck", "rotation": 180 },
				"up": { "uv": [ 10, 9, 11, 10 ], "texture": "#duck" },
				"north": { "uv": [ 10, 9, 11, 10 ], "texture": "#duck", "rotation": 270 },
				"south": { "uv": [ 10, 9, 11, 10 ], "texture": "#duck", "rotation": 270 },
				"west": { "uv": [ 10, 9, 11, 10 ], "texture": "#duck", "rotation": 270 },
				"east": { "uv": [ 10, 9, 11, 10 ], "texture": "#duck", "rotation": 270 }
			}
		},
		{
			"__comment": "PlaneY5",
			"from": [ -0.5656, -0.4844, 3.5375 ],
			"to": [ 0.5719, -0.484075, 4.675 ],
			"faces": {
				"down": { "uv": [ 14, 7.5, 15.5, 6 ], "texture": "#duck" },
				"up": { "uv": [ 15.5, 6, 14, 7.5 ], "texture": "#duck" }
			}
		},
		{
			"__comment": "PlaneY5",
			"from": [ -1.7344, 1.2646, 3.7875 ],
			"to": [ 0.2656001, 1.2656, 7.2875 ],
			"faces": {
				"down": { "uv": [ 0, 16, 3, 14 ], "texture": "#duck", "rotation": 90 },
				"up": { "uv": [ 0, 14, 3, 16 ], "texture": "#duck", "rotation": 270 }
			}
		},
		{
			"__comment": "Box1",
			"from": [ -1.5, 0.25, 5.5 ],
			"to": [ -0.03750002, 1.3875, 6.475 ],
			"faces": {
				"down": { "uv": [ 7, 9, 8, 10 ], "texture": "#duck" },
				"up": { "uv": [ 7, 8, 8, 9 ], "texture": "#duck" },
				"north": { "uv": [ 8, 15, 9, 16 ], "texture": "#duck" },
				"south": { "uv": [ 9, 15, 10, 16 ], "texture": "#duck" },
				"west": { "uv": [ 12, 15, 11, 16 ], "texture": "#duck" },
				"east": { "uv": [ 11, 15, 12, 16 ], "texture": "#duck" }
			}
		},
		{
			"__comment": "Box1",
			"from": [ -1.5, 0.7781, 2.6969 ],
			"to": [ -0.03750002, 1.7531, 3.5094 ],
			"faces": {
				"down": { "uv": [ 12, 15, 13, 16 ], "texture": "#duck" },
				"up": { "uv": [ 13, 15, 14, 16 ], "texture": "#duck" },
				"north": { "uv": [ 14, 15, 15, 16 ], "texture": "#duck" },
				"south": { "uv": [ 15, 15, 16, 16 ], "texture": "#duck" },
				"west": { "uv": [ 8, 14, 9, 15 ], "texture": "#duck" },
				"east": { "uv": [ 9, 14, 8, 15 ], "texture": "#duck" }
			}
		},
		{
			"__comment": "Box1",
			"from": [ -1.2556, 1.7125, 2.9406 ],
			"to": [ -0.1831, 2.60625, 3.6556 ],
			"rotation": { "origin": [ -1.255625, 1.7125, 2.940625 ], "axis": "x", "angle": 22.5 },
			"faces": {
				"down": { "uv": [ 8, 12, 9, 13 ], "texture": "#duck" },
				"up": { "uv": [ 8, 11, 9, 12 ], "texture": "#duck" },
				"north": { "uv": [ 8, 10, 9, 11 ], "texture": "#duck" },
				"south": { "uv": [ 8, 9, 9, 10 ], "texture": "#duck" },
				"west": { "uv": [ 8, 8, 9, 9 ], "texture": "#duck" },
				"east": { "uv": [ 9, 8, 8, 9 ], "texture": "#duck" }
			}
		},
		{
			"__comment": "Box1",
			"from": [ -1.2256, 2.0375, 3.4281 ],
			"to": [ -0.2506, 2.85, 4.0781 ],
			"rotation": { "origin": [ -1.225625, 2.0375, 3.428125 ], "axis": "x", "angle": -45 },
			"faces": {
				"down": { "uv": [ 10, 14, 11, 15 ], "texture": "#duck" },
				"up": { "uv": [ 11, 14, 12, 15 ], "texture": "#duck" },
				"north": { "uv": [ 13, 14, 14, 15 ], "texture": "#duck" },
				"south": { "uv": [ 13, 14, 14, 15 ], "texture": "#duck" },
				"west": { "uv": [ 14, 14, 15, 15 ], "texture": "#duck" },
				"east": { "uv": [ 15, 14, 14, 15 ], "texture": "#duck" }
			}
		},
		{
			"__comment": "Box1",
			"from": [ -1.2156, 2.4031, 2.1688 ],
			"to": [ -0.2406, 3.2156, 3.1438 ],
			"faces": {
				"down": { "uv": [ 9, 13, 10, 14 ], "texture": "#duck" },
				"up": { "uv": [ 9, 12, 10, 13 ], "texture": "#duck" },
				"north": { "uv": [ 9, 11, 10, 12 ], "texture": "#duck" },
				"south": { "uv": [ 9, 10, 10, 11 ], "texture": "#duck" },
				"west": { "uv": [ 9, 9, 10, 10 ], "texture": "#duck", "rotation": 270 },
				"east": { "uv": [ 9, 10, 10, 9 ], "texture": "#duck", "rotation": 270 }
			}
		},
		{
			"__comment": "PlaneY5",
			"from": [ -2.1094, -0.4844, 3.6625 ],
			"to": [ -0.9719001, -0.484075, 4.8 ],
			"faces": {
				"down": { "uv": [ 14, 7.5, 15.5, 6 ], "texture": "#duck" },
				"up": { "uv": [ 14, 6, 15.5, 7.5 ], "texture": "#duck" }
			}
		},
		{
			"__comment": "Box3",
			"from": [ -1.7031, -0.4844, 4.4719 ],
			"to": [ -1.3781, 0.1656, 4.7969 ],
			"faces": {
				"down": { "uv": [ 15, 13, 16, 14 ], "texture": "#duck" },
				"up": { "uv": [ 15, 13, 16, 14 ], "texture": "#duck" },
				"north": { "uv": [ 15, 13, 16, 14 ], "texture": "#duck" },
				"south": { "uv": [ 15, 13, 16, 14 ], "texture": "#duck" },
				"west": { "uv": [ 15, 13, 16, 14 ], "texture": "#duck" },
				"east": { "uv": [ 15, 13, 16, 14 ], "texture": "#duck" }
			}
		},
		{
			"__comment": "Box3",
			"from": [ -0.0438, 1.0706, 3.7562 ],
			"to": [ 0.4562, 1.3906, 5.1962 ],
			"faces": {
				"down": { "uv": [ 10, 9, 11, 10 ], "texture": "#duck", "rotation": 180 },
				"up": { "uv": [ 10, 9, 11, 10 ], "texture": "#duck" },
				"north": { "uv": [ 10, 9, 11, 10 ], "texture": "#duck", "rotation": 270 },
				"south": { "uv": [ 10, 9, 11, 10 ], "texture": "#duck", "rotation": 270 },
				"west": { "uv": [ 10, 9, 11, 10 ], "texture": "#duck", "rotation": 270 },
				"east": { "uv": [ 10, 9, 11, 10 ], "texture": "#duck", "rotation": 270 }
			}
		},
		{
			"__comment": "PlaneY5",
			"from": [ -2.2344, 1.0156, 6.2875 ],
			"to": [ 0.7656, 1.0166, 8.2875 ],
			"faces": {
				"down": { "uv": [ 0, 10, 3, 8 ], "texture": "#duck" },
				"up": { "uv": [ 0, 8, 3, 10 ], "texture": "#duck" }
			}
		},
		{
			"__comment": "PlaneY5",
			"from": [ -1.8594, 1.2656, 3.9125 ],
			"to": [ 0.1406001, 1.2666, 7.4125 ],
			"faces": {
				"down": { "uv": [ 3, 16, 0, 14 ], "texture": "#duck", "rotation": 270 },
				"up": { "uv": [ 3, 14, 0, 16 ], "texture": "#duck", "rotation": 90 }
			}
		},
		{
			"__comment": "Box3",
			"from": [ -2.05, 1.1406, 3.8812 ],
			"to": [ -1.55, 1.4606, 5.3212 ],
			"faces": {
				"down": { "uv": [ 10, 9, 11, 10 ], "texture": "#duck" },
				"up": { "uv": [ 10, 9, 11, 10 ], "texture": "#duck", "rotation": 180 },
				"north": { "uv": [ 10, 9, 11, 10 ], "texture": "#duck", "rotation": 270 },
				"south": { "uv": [ 10, 9, 11, 10 ], "texture": "#duck", "rotation": 270 },
				"west": { "uv": [ 10, 9, 11, 10 ], "texture": "#duck", "rotation": 270 },
				"east": { "uv": [ 10, 9, 11, 10 ], "texture": "#duck", "rotation": 270 }
			}
		},
		{
			"__comment": "Box3",
			"from": [ -2.05, 1.1906, 5.2563 ],
			"to": [ -1.794, 1.4406, 6.4563 ],
			"faces": {
				"down": { "uv": [ 10, 9, 11, 10 ], "texture": "#duck" },
				"up": { "uv": [ 10, 9, 11, 10 ], "texture": "#duck", "rotation": 180 },
				"north": { "uv": [ 10, 9, 11, 10 ], "texture": "#duck", "rotation": 270 },
				"south": { "uv": [ 10, 9, 11, 10 ], "texture": "#duck", "rotation": 270 },
				"west": { "uv": [ 10, 9, 11, 10 ], "texture": "#duck", "rotation": 270 },
				"east": { "uv": [ 10, 9, 11, 10 ], "texture": "#duck", "rotation": 270 }
			}
		}
	],
	"display": {
		"thirdperson_righthand": {
			"rotation":  [ 72, -2, 0 ],
			"translation":  [ 8.3478, -1.548, 9.7391 ]
		},
		"thirdperson_lefthand": {
			"rotation":  [ 72, -2, 0 ],
			"translation":  [ -8.346, -1.548, 9.7391 ]
		},
		"firstperson_righthand": {
			"translation":  [ 15.304, 6.2608, 0 ]
		},
		"firstperson_lefthand": {
			"translation":  [ -7.651, 9.739, 4.1739 ]
		},
		"gui": {
			"rotation":  [ 11, 101, 0 ],
			"translation":  [ 2.0869, 5.5652, -2.782 ]
		},
		"head": {
			"translation":  [ 34.086, -9.03, 15.304 ],
			"scale":  [ 4, 4, 4 ]
		},
		"ground": {
			"translation":  [ 0, 5.5651, 0 ]
		},
		"fixed": {
			"rotation":  [ -90, 0, 0 ],
			"translation":  [ 16, 7.6504, -18.77 ],
			"scale":  [ 2, 2, 2 ]
		}
	}
}