{
	"__comment": "Cubik Studio - https://cubik.studio",
	"textures": {
		"feralpiglet": "item/feralpiglet"
	},
	"elements": [ 	 
		{
			"__comment": "Box1",
			"from": [ 6.625, 9.3494, 0.4744 ],
			"to": [ 9.625, 10.3494, 1.9744 ],
			"rotation": { "origin": [ 6.625, 10.125, 1.25 ], "axis": "x", "angle": 45 },
			"faces": {
				"down": { "uv": [ 1.25, 8, 2, 8.75 ], "texture": "#feralpiglet" },
				"up": { "uv": [ 5.5, 13.75, 6.25, 14.5 ], "texture": "#feralpiglet" },
				"north": { "uv": [ 14.5, 15.5, 15.25, 15.75 ], "texture": "#feralpiglet" },
				"south": { "uv": [ 14.5, 15.75, 15.25, 16 ], "texture": "#feralpiglet" },
				"west": { "uv": [ 3.25, 9.5, 3.5, 10.25 ], "texture": "#feralpiglet" },
				"east": { "uv": [ 3.25, 10.25, 3.5, 11 ], "texture": "#feralpiglet" }
			}
		},
		{
			"__comment": "Box1",
			"from": [ 5.125, 7.25, 7.375 ],
			"to": [ 11.125, 13.25, 16.875 ],
			"faces": {
				"down": { "uv": [ 0, 10.25, 1.25, 12.5 ], "texture": "#feralpiglet" },
				"up": { "uv": [ 0, 8, 1.25, 10.25 ], "texture": "#feralpiglet" },
				"north": { "uv": [ 2.25, 14.25, 3.5, 16 ], "texture": "#feralpiglet" },
				"south": { "uv": [ 2.25, 12.5, 3.5, 14.25 ], "texture": "#feralpiglet" },
				"west": { "uv": [ 0, 14.25, 2.25, 16 ], "texture": "#feralpiglet", "rotation": 90 },
				"east": { "uv": [ 0, 16, 2.25, 14.25 ], "texture": "#feralpiglet", "rotation": 90 }
			}
		},
		{
			"__comment": "Box1",
			"from": [ 6.325, 7.409, 1.2854 ],
			"to": [ 9.825, 8.409, 3.7854 ],
			"rotation": { "origin": [ 6.625, 10, 1.25 ], "axis": "x", "angle": -22.5 },
			"faces": {
				"down": { "uv": [ 4.5, 12, 5.25, 13 ], "texture": "#feralpiglet" },
				"up": { "uv": [ 5.5, 8.25, 6, 9.25 ], "texture": "#feralpiglet" },
				"north": { "uv": [ 6.25, 8, 6.75, 8.25 ], "texture": "#feralpiglet" },
				"south": { "uv": [ 5.5, 13, 6.25, 13.75 ], "texture": "#feralpiglet" },
				"west": { "uv": [ 6.75, 14, 7.25, 15 ], "texture": "#feralpiglet", "rotation": 90 },
				"east": { "uv": [ 6.75, 15, 7.25, 14 ], "texture": "#feralpiglet", "rotation": 90 }
			}
		},
		{
			"__comment": "Box1",
			"from": [ 5.625, 7.3254, 2.8572 ],
			"to": [ 10.625, 11.3254, 6.3572 ],
			"rotation": { "origin": [ 6.625, 10.125, 1.25 ], "axis": "x", "angle": -22.5 },
			"faces": {
				"down": { "uv": [ 3.5, 10.5, 4.5, 11.5 ], "texture": "#feralpiglet" },
				"up": { "uv": [ 3.5, 9.5, 4.5, 10.5 ], "texture": "#feralpiglet" },
				"north": { "uv": [ 3.5, 8.5, 4.5, 9.5 ], "texture": "#feralpiglet" },
				"south": { "uv": [ 4.5, 14, 5.5, 15 ], "texture": "#feralpiglet" },
				"west": { "uv": [ 5.5, 13, 4.5, 14 ], "texture": "#feralpiglet", "rotation": 90 },
				"east": { "uv": [ 5.5, 14, 4.5, 13 ], "texture": "#feralpiglet", "rotation": 90 }
			}
		},
		{
			"__comment": "Box1",
			"from": [ 5.625, 7.625, 16.875 ],
			"to": [ 10.625, 12.625, 19.375 ],
			"faces": {
				"down": { "uv": [ 6.25, 13.5, 7.25, 14 ], "texture": "#feralpiglet" },
				"up": { "uv": [ 3.5, 8, 4.5, 8.5 ], "texture": "#feralpiglet" },
				"north": { "uv": [ 2.25, 11, 3.25, 12.5 ], "texture": "#feralpiglet" },
				"south": { "uv": [ 3.5, 14.5, 4.5, 16 ], "texture": "#feralpiglet", "rotation": 90 },
				"west": { "uv": [ 2.25, 8, 3.25, 9.5 ], "texture": "#feralpiglet", "rotation": 180 },
				"east": { "uv": [ 3.25, 8, 2.25, 9.5 ], "texture": "#feralpiglet", "rotation": 180 }
			}
		},
		{
			"__comment": "Box1",
			"from": [ 5.75, 8.26, 5.625 ],
			"to": [ 10.25, 13.26, 7.625 ],
			"faces": {
				"down": { "uv": [ 6.25, 15.5, 7.25, 16 ], "texture": "#feralpiglet" },
				"up": { "uv": [ 6.25, 15, 7.25, 15.5 ], "texture": "#feralpiglet" },
				"north": { "uv": [ 1.25, 8.75, 2.25, 10.25 ], "texture": "#feralpiglet" },
				"south": { "uv": [ 1.25, 11, 2.25, 12.5 ], "texture": "#feralpiglet" },
				"west": { "uv": [ 3.5, 13, 4.5, 14.5 ], "texture": "#feralpiglet", "rotation": 180 },
				"east": { "uv": [ 4.5, 13, 3.5, 14.5 ], "texture": "#feralpiglet", "rotation": 180 }
			}
		},
		{
			"__comment": "Box7",
			"from": [ 9.05, 3.125, 16.75 ],
			"to": [ 11.05, 6.625, 18.75 ],
			"faces": {
				"down": { "uv": [ 12.75, 15.5, 13.25, 16 ], "texture": "#feralpiglet" },
				"up": { "uv": [ 12.25, 15.5, 12.75, 16 ], "texture": "#feralpiglet" },
				"north": { "uv": [ 7.75, 10, 8.25, 10.75 ], "texture": "#feralpiglet" },
				"south": { "uv": [ 6.25, 12.75, 6.75, 13.5 ], "texture": "#feralpiglet" },
				"west": { "uv": [ 6.75, 12.75, 7.25, 13.5 ], "texture": "#feralpiglet" },
				"east": { "uv": [ 6.25, 12, 6.75, 12.75 ], "texture": "#feralpiglet" }
			}
		},
		{
			"__comment": "Box7",
			"from": [ 4.95, 3.25, 16.5 ],
			"to": [ 6.95, 6.75, 18.5 ],
			"faces": {
				"down": { "uv": [ 11.75, 15.5, 12.25, 16 ], "texture": "#feralpiglet" },
				"up": { "uv": [ 10.75, 15.5, 11.25, 16 ], "texture": "#feralpiglet" },
				"north": { "uv": [ 6.75, 12, 7.25, 12.75 ], "texture": "#feralpiglet" },
				"south": { "uv": [ 6.25, 11.25, 6.75, 12 ], "texture": "#feralpiglet" },
				"west": { "uv": [ 6.75, 11.25, 7.25, 12 ], "texture": "#feralpiglet" },
				"east": { "uv": [ 6.25, 10.5, 6.75, 11.25 ], "texture": "#feralpiglet" }
			}
		},
		{
			"__comment": "Box7",
			"from": [ 8.8, 5.625, 17.375 ],
			"to": [ 11.3, 8.625, 19.875 ],
			"rotation": { "origin": [ 5.05, 3.375, 16.875 ], "axis": "x", "angle": -22.5 },
			"faces": {
				"down": { "uv": [ 10.25, 15.5, 10.75, 16 ], "texture": "#feralpiglet" },
				"up": { "uv": [ 8.75, 15.5, 9.25, 16 ], "texture": "#feralpiglet" },
				"north": { "uv": [ 6.75, 10.5, 7.25, 11.25 ], "texture": "#feralpiglet" },
				"south": { "uv": [ 6.25, 9.75, 6.75, 10.5 ], "texture": "#feralpiglet" },
				"west": { "uv": [ 6.75, 9.75, 7.25, 10.5 ], "texture": "#feralpiglet" },
				"east": { "uv": [ 6.25, 9, 6.75, 9.75 ], "texture": "#feralpiglet" }
			}
		},
		{
			"__comment": "Box7",
			"from": [ 4.7, 5.625, 17.375 ],
			"to": [ 7.2, 8.625, 19.875 ],
			"rotation": { "origin": [ 4.95, 3.375, 16.875 ], "axis": "x", "angle": -22.5 },
			"faces": {
				"down": { "uv": [ 11.25, 15.5, 11.75, 16 ], "texture": "#feralpiglet" },
				"up": { "uv": [ 7.75, 9, 8.25, 9.5 ], "texture": "#feralpiglet" },
				"north": { "uv": [ 6.25, 8.25, 6.75, 9 ], "texture": "#feralpiglet" },
				"south": { "uv": [ 6.75, 8.25, 7.25, 9 ], "texture": "#feralpiglet" },
				"west": { "uv": [ 7.25, 15.25, 7.75, 16 ], "texture": "#feralpiglet" },
				"east": { "uv": [ 7.25, 14.5, 7.75, 15.25 ], "texture": "#feralpiglet" }
			}
		},
		{
			"__comment": "Box7",
			"from": [ 4.71, 5.75, 7.5 ],
			"to": [ 7.21, 8.75, 10 ],
			"faces": {
				"down": { "uv": [ 7.25, 8, 7.75, 8.5 ], "texture": "#feralpiglet" },
				"up": { "uv": [ 7.75, 9.5, 8.25, 10 ], "texture": "#feralpiglet" },
				"north": { "uv": [ 7.25, 13.75, 7.75, 14.5 ], "texture": "#feralpiglet" },
				"south": { "uv": [ 7.25, 13, 7.75, 13.75 ], "texture": "#feralpiglet" },
				"west": { "uv": [ 7.25, 12.25, 7.75, 13 ], "texture": "#feralpiglet" },
				"east": { "uv": [ 7.25, 11.5, 7.75, 12.25 ], "texture": "#feralpiglet" }
			}
		},
		{
			"__comment": "Box7",
			"from": [ 4.96, 3, 7.75 ],
			"to": [ 6.96, 6, 9.75 ],
			"faces": {
				"down": { "uv": [ 8.25, 15.5, 8.75, 16 ], "texture": "#feralpiglet" },
				"up": { "uv": [ 13.25, 15.5, 13.75, 16 ], "texture": "#feralpiglet" },
				"north": { "uv": [ 7.25, 10.75, 7.75, 11.5 ], "texture": "#feralpiglet" },
				"south": { "uv": [ 7.25, 10, 7.75, 10.75 ], "texture": "#feralpiglet" },
				"west": { "uv": [ 7.25, 9.25, 7.75, 10 ], "texture": "#feralpiglet" },
				"east": { "uv": [ 7.25, 8.5, 7.75, 9.25 ], "texture": "#feralpiglet" }
			}
		},
		{
			"__comment": "Box7",
			"from": [ 8.8, 5.75, 7.5 ],
			"to": [ 11.3, 8.75, 10 ],
			"faces": {
				"down": { "uv": [ 9.25, 15.5, 9.75, 16 ], "texture": "#feralpiglet" },
				"up": { "uv": [ 9.75, 15.5, 10.25, 16 ], "texture": "#feralpiglet" },
				"north": { "uv": [ 7.75, 15.25, 8.25, 16 ], "texture": "#feralpiglet" },
				"south": { "uv": [ 7.75, 14.5, 8.25, 15.25 ], "texture": "#feralpiglet" },
				"west": { "uv": [ 7.75, 13.75, 8.25, 14.5 ], "texture": "#feralpiglet" },
				"east": { "uv": [ 7.75, 13, 8.25, 13.75 ], "texture": "#feralpiglet" }
			}
		},
		{
			"__comment": "Box7",
			"from": [ 9.05, 3, 7.75 ],
			"to": [ 11.05, 6, 9.75 ],
			"faces": {
				"down": { "uv": [ 7.75, 8.5, 8.25, 9 ], "texture": "#feralpiglet" },
				"up": { "uv": [ 7.75, 8, 8.25, 8.5 ], "texture": "#feralpiglet" },
				"north": { "uv": [ 7.75, 12.25, 8.25, 13 ], "texture": "#feralpiglet" },
				"south": { "uv": [ 6.75, 9, 7.25, 9.75 ], "texture": "#feralpiglet" },
				"west": { "uv": [ 7.75, 11.5, 8.25, 12.25 ], "texture": "#feralpiglet" },
				"east": { "uv": [ 7.75, 10.75, 8.25, 11.5 ], "texture": "#feralpiglet" }
			}
		},
		{
			"__comment": "Box23",
			"from": [ 9.5189, 10.8536, 3.5 ],
			"to": [ 9.519899, 14.3536, 7.5 ],
			"rotation": { "origin": [ 15, 10.5, 1.75 ], "axis": "y", "angle": 22.5 },
			"faces": {
				"down": { "uv": [ 13.75, 15.75, 14.5, 16 ], "texture": "#feralpiglet", "rotation": 270 },
				"up": { "uv": [ 13.75, 15.5, 14.5, 15.75 ], "texture": "#feralpiglet", "rotation": 90 },
				"north": { "uv": [ 3.25, 11.75, 3.5, 12.5 ], "texture": "#feralpiglet" },
				"south": { "uv": [ 3.25, 11, 3.5, 11.75 ], "texture": "#feralpiglet" },
				"west": { "uv": [ 6.25, 12.25, 5.5, 13 ], "texture": "#feralpiglet" },
				"east": { "uv": [ 6.25, 10, 5.5, 10.75 ], "texture": "#feralpiglet" }
			}
		},
		{
			"__comment": "Box23",
			"from": [ 5.6051, 11.3536, 3.5 ],
			"to": [ 5.6061, 14.8536, 7.5 ],
			"rotation": { "origin": [ 0.125, 11, 4.625 ], "axis": "y", "angle": -22.5 },
			"faces": {
				"down": { "uv": [ 15.25, 15.75, 16, 16 ], "texture": "#feralpiglet", "rotation": 90 },
				"up": { "uv": [ 5.5, 8, 6.25, 8.25 ], "texture": "#feralpiglet", "rotation": 270 },
				"north": { "uv": [ 2, 10.25, 2.25, 11 ], "texture": "#feralpiglet" },
				"south": { "uv": [ 2, 8, 2.25, 8.75 ], "texture": "#feralpiglet" },
				"west": { "uv": [ 5.5, 10, 6.25, 10.75 ], "texture": "#feralpiglet" },
				"east": { "uv": [ 5.5, 12.25, 6.25, 13 ], "texture": "#feralpiglet" }
			}
		},
		{
			"__comment": "Box1",
			"from": [ 6.325, 8.4205, 0.8434 ],
			"to": [ 9.825, 10.9205, 3.3434 ],
			"rotation": { "origin": [ 6.625, 10.125, 1.25 ], "axis": "x", "angle": -22.5 },
			"faces": {
				"down": { "uv": [ 4.5, 11, 5.25, 12 ], "texture": "#feralpiglet" },
				"up": { "uv": [ 4.5, 8, 5.25, 9 ], "texture": "#feralpiglet" },
				"north": { "uv": [ 1.25, 10.25, 2, 11 ], "texture": "#feralpiglet" },
				"south": { "uv": [ 5.5, 15.25, 6.25, 16 ], "texture": "#feralpiglet" },
				"west": { "uv": [ 4.5, 9, 5.25, 10 ], "texture": "#feralpiglet", "rotation": 90 },
				"east": { "uv": [ 4.5, 10, 5.25, 9 ], "texture": "#feralpiglet", "rotation": 90 }
			}
		},
		{
			"__comment": "Box1",
			"from": [ 6.875, 9.0315, 0.0399 ],
			"to": [ 9.375, 9.5315, 2.5399 ],
			"rotation": { "origin": [ 6.625, 10.125, 1.25 ], "axis": "x", "angle": 45 },
			"faces": {
				"down": { "uv": [ 5.5, 14.5, 6.25, 15.25 ], "texture": "#feralpiglet" },
				"up": { "uv": [ 5.5, 9.25, 6.25, 10 ], "texture": "#feralpiglet" },
				"north": { "uv": [ 15.25, 15.5, 16, 15.75 ], "texture": "#feralpiglet" },
				"south": { "uv": [ 8.25, 15.25, 9, 15.5 ], "texture": "#feralpiglet" },
				"west": { "uv": [ 3.25, 8.75, 3.5, 9.5 ], "texture": "#feralpiglet" },
				"east": { "uv": [ 3.25, 8, 3.5, 8.75 ], "texture": "#feralpiglet" }
			}
		}
	],
	"display": {
		"thirdperson_righthand": {
			"rotation":  [ 72, -2, 0 ],
			"translation":  [ 0, 2.0869, 0 ],
			"scale":  [ 0.5, 0.5, 0.5 ]
		},
		"thirdperson_lefthand": {
			"rotation":  [ 72, -2, 0 ],
			"translation":  [ 0, 2.0869, 0 ],
			"scale":  [ 0.5, 0.5, 0.5 ]
		},
		"firstperson_righthand": {
			"translation":  [ 4.1739, 0, -6.956 ],
			"scale":  [ 0.5, 0.5, 0.5 ]
		},
		"firstperson_lefthand": {
			"translation":  [ 4.1739, 0, -6.956 ],
			"scale":  [ 0.5, 0.5, 0.5 ]
		},
		"gui": {
			"rotation":  [ -41, 88, 47 ],
			"translation":  [ -0.695, 0, 0 ],
			"scale":  [ 0.8565, 0.613, 0.6478 ]
		},
		"head": {
			"translation":  [ 0.0006, -36.82, -6.945 ],
			"scale":  [ 1.5, 1.5, 1.5 ]
		},
		"ground": {
			"translation":  [ 0, 4.1739, 0 ],
			"scale":  [ 0.3, 0.3, 0.3 ]
		},
		"fixed": {
			"rotation":  [ 90, -180, -180 ],
			"translation":  [ 0.6956, -11.82, -13.21 ],
			"scale":  [ 2, 2, 2 ]
		}
	}
}