{
	"__comment": "Cubik Studio - https://cubik.studio",
	"textures": {
		"feralhog": "item/feralhog"
	},
	"elements": [ 	 
		{
			"__comment": "Box1",
			"from": [ 6.875, 10.5907, -0.9628 ],
			"to": [ 9.375, 13.5907, -0.4628 ],
			"faces": {
				"down": { "uv": [ 14, 15.75, 14.75, 16 ], "texture": "#feralhog" },
				"up": { "uv": [ 13.25, 15.5, 14, 15.75 ], "texture": "#feralhog" },
				"north": { "uv": [ 1.25, 10.25, 2, 11 ], "texture": "#feralhog" },
				"south": { "uv": [ 6.25, 14.5, 7, 15.25 ], "texture": "#feralhog" },
				"west": { "uv": [ 3.25, 9.5, 3.5, 10.25 ], "texture": "#feralhog", "rotation": 90 },
				"east": { "uv": [ 3.25, 11.75, 3.5, 12.5 ], "texture": "#feralhog", "rotation": 270 }
			}
		},
		{
			"__comment": "Box1",
			"from": [ 4.75, 6.125, 7.5 ],
			"to": [ 11.25, 13.125, 17 ],
			"faces": {
				"down": { "uv": [ 0, 10.25, 1.25, 12.5 ], "texture": "#feralhog" },
				"up": { "uv": [ 0, 8, 1.25, 10.25 ], "texture": "#feralhog" },
				"north": { "uv": [ 2.25, 14.25, 3.5, 16 ], "texture": "#feralhog" },
				"south": { "uv": [ 2.25, 12.5, 3.5, 14.25 ], "texture": "#feralhog" },
				"west": { "uv": [ 0, 14.25, 2.25, 16 ], "texture": "#feralhog", "rotation": 90 },
				"east": { "uv": [ 0, 16, 2.25, 14.25 ], "texture": "#feralhog", "rotation": 90 }
			}
		},
		{
			"__comment": "Box1",
			"from": [ 6.325, 9.6867, -1.6618 ],
			"to": [ 9.825, 10.6867, 1.8382 ],
			"rotation": { "origin": [ 5.625, 13.25, 1.75 ], "axis": "x", "angle": -22.5 },
			"faces": {
				"down": { "uv": [ 5.5, 15, 6.25, 16 ], "texture": "#feralhog" },
				"up": { "uv": [ 5, 11, 4.5, 10 ], "texture": "#feralhog" },
				"north": { "uv": [ 6, 11, 5.5, 10.75 ], "texture": "#feralhog" },
				"south": { "uv": [ 5.5, 11.5, 6.25, 12.25 ], "texture": "#feralhog" },
				"west": { "uv": [ 4.5, 9, 5, 10 ], "texture": "#feralhog", "rotation": 90 },
				"east": { "uv": [ 5, 9, 4.5, 10 ], "texture": "#feralhog", "rotation": 270 }
			}
		},
		{
			"__comment": "Box1",
			"from": [ 5.625, 8.207399, 2.7976 ],
			"to": [ 10.425, 13.0074, 6.9976 ],
			"faces": {
				"down": { "uv": [ 4.5, 14, 5.5, 15 ], "texture": "#feralhog" },
				"up": { "uv": [ 4.5, 10.5, 3.5, 9.5 ], "texture": "#feralhog" },
				"north": { "uv": [ 5.5, 14, 4.5, 13 ], "texture": "#feralhog" },
				"south": { "uv": [ 3.5, 10.5, 4.5, 11.5 ], "texture": "#feralhog" },
				"west": { "uv": [ 4.5, 15, 5.5, 16 ], "texture": "#feralhog", "rotation": 90 },
				"east": { "uv": [ 5.5, 15, 4.5, 16 ], "texture": "#feralhog", "rotation": 270 }
			}
		},
		{
			"__comment": "Box1",
			"from": [ 5.25, 6.5, 17 ],
			"to": [ 10.75, 12.5, 19.5 ],
			"faces": {
				"down": { "uv": [ 7, 14.5, 8, 15 ], "texture": "#feralhog" },
				"up": { "uv": [ 3.5, 8, 4.5, 8.5 ], "texture": "#feralhog" },
				"north": { "uv": [ 2.25, 11, 3.25, 12.5 ], "texture": "#feralhog" },
				"south": { "uv": [ 1.25, 8.75, 2.25, 10.25 ], "texture": "#feralhog", "rotation": 90 },
				"west": { "uv": [ 1.25, 11, 2.25, 12.5 ], "texture": "#feralhog", "rotation": 180 },
				"east": { "uv": [ 2.25, 11, 1.25, 12.5 ], "texture": "#feralhog", "rotation": 180 }
			}
		},
		{
			"__comment": "Box1",
			"from": [ 5.75, 5.3546, 6.7756 ],
			"to": [ 10.25, 11.3546, 8.7756 ],
			"rotation": { "origin": [ 5.625, 8.375, 2.75 ], "axis": "x", "angle": -22.5 },
			"faces": {
				"down": { "uv": [ 7, 15.5, 8, 16 ], "texture": "#feralhog" },
				"up": { "uv": [ 7, 15, 8, 15.5 ], "texture": "#feralhog" },
				"north": { "uv": [ 2.25, 8, 3.25, 9.5 ], "texture": "#feralhog" },
				"south": { "uv": [ 3.5, 14.5, 4.5, 16 ], "texture": "#feralhog" },
				"west": { "uv": [ 3.5, 13, 4.5, 14.5 ], "texture": "#feralhog", "rotation": 180 },
				"east": { "uv": [ 4.5, 13, 3.5, 14.5 ], "texture": "#feralhog", "rotation": 180 }
			}
		},
		{
			"__comment": "Box7",
			"from": [ 9.05, 2, 16.875 ],
			"to": [ 11.05, 5.5, 18.875 ],
			"faces": {
				"down": { "uv": [ 7, 8, 7.5, 8.5 ], "texture": "#feralhog" },
				"up": { "uv": [ 7.5, 8, 8, 8.5 ], "texture": "#feralhog" },
				"north": { "uv": [ 6.25, 9.25, 6.75, 10 ], "texture": "#feralhog" },
				"south": { "uv": [ 6.25, 10, 6.75, 10.75 ], "texture": "#feralhog" },
				"west": { "uv": [ 6.25, 10, 6.75, 10.75 ], "texture": "#feralhog" },
				"east": { "uv": [ 6.75, 10, 6.25, 10.75 ], "texture": "#feralhog" }
			}
		},
		{
			"__comment": "Box7",
			"from": [ 4.95, 2.125, 16.625 ],
			"to": [ 6.95, 5.625, 18.625 ],
			"faces": {
				"down": { "uv": [ 8, 9.5, 8.5, 10 ], "texture": "#feralhog" },
				"up": { "uv": [ 8, 9, 8.5, 9.5 ], "texture": "#feralhog" },
				"north": { "uv": [ 7, 12.25, 7.5, 13 ], "texture": "#feralhog" },
				"south": { "uv": [ 6.25, 10, 6.75, 10.75 ], "texture": "#feralhog" },
				"west": { "uv": [ 6.25, 10, 6.75, 10.75 ], "texture": "#feralhog" },
				"east": { "uv": [ 7.5, 11.5, 8, 12.25 ], "texture": "#feralhog" }
			}
		},
		{
			"__comment": "Box7",
			"from": [ 8.8, 4.5, 17.5 ],
			"to": [ 11.3, 7.5, 20 ],
			"rotation": { "origin": [ 5.05, 2.25, 17 ], "axis": "x", "angle": -22.5 },
			"faces": {
				"down": { "uv": [ 8.5, 15.5, 9, 16 ], "texture": "#feralhog" },
				"up": { "uv": [ 8, 8.5, 8.5, 9 ], "texture": "#feralhog" },
				"north": { "uv": [ 8.5, 11.5, 8, 12.25 ], "texture": "#feralhog" },
				"south": { "uv": [ 8, 11.5, 8.5, 12.25 ], "texture": "#feralhog" },
				"west": { "uv": [ 8, 11.5, 8.5, 12.25 ], "texture": "#feralhog" },
				"east": { "uv": [ 8.5, 11.5, 8, 12.25 ], "texture": "#feralhog" }
			}
		},
		{
			"__comment": "Box7",
			"from": [ 4.7, 4.5, 17.5 ],
			"to": [ 7.2, 7.5, 20 ],
			"rotation": { "origin": [ 4.95, 2.25, 17 ], "axis": "x", "angle": -22.5 },
			"faces": {
				"down": { "uv": [ 10, 15.5, 10.5, 16 ], "texture": "#feralhog" },
				"up": { "uv": [ 12, 15.5, 12.5, 16 ], "texture": "#feralhog" },
				"north": { "uv": [ 8, 11.5, 8.5, 12.25 ], "texture": "#feralhog" },
				"south": { "uv": [ 8.5, 11.5, 8, 12.25 ], "texture": "#feralhog" },
				"west": { "uv": [ 8, 11.5, 8.5, 12.25 ], "texture": "#feralhog" },
				"east": { "uv": [ 8.5, 11.5, 8, 12.25 ], "texture": "#feralhog" }
			}
		},
		{
			"__comment": "Box7",
			"from": [ 4.71, 4.625, 7.375 ],
			"to": [ 7.21, 7.625, 9.875 ],
			"faces": {
				"down": { "uv": [ 9.5, 15.5, 10, 16 ], "texture": "#feralhog" },
				"up": { "uv": [ 9, 15.5, 9.5, 16 ], "texture": "#feralhog" },
				"north": { "uv": [ 7, 8.5, 7.5, 9.25 ], "texture": "#feralhog" },
				"south": { "uv": [ 7, 8.5, 7.5, 9.25 ], "texture": "#feralhog" },
				"west": { "uv": [ 7, 8.5, 7.5, 9.25 ], "texture": "#feralhog" },
				"east": { "uv": [ 7.5, 8.5, 7, 9.25 ], "texture": "#feralhog" }
			}
		},
		{
			"__comment": "Box7",
			"from": [ 4.96, 1.875, 7.625 ],
			"to": [ 6.96, 4.875, 9.625 ],
			"faces": {
				"down": { "uv": [ 8, 8, 8.5, 8.5 ], "texture": "#feralhog" },
				"up": { "uv": [ 10.5, 15.5, 11, 16 ], "texture": "#feralhog" },
				"north": { "uv": [ 7.5, 13, 8, 13.75 ], "texture": "#feralhog" },
				"south": { "uv": [ 6.25, 10, 6.75, 10.75 ], "texture": "#feralhog" },
				"west": { "uv": [ 6.25, 10, 6.75, 10.75 ], "texture": "#feralhog" },
				"east": { "uv": [ 6.75, 10, 6.25, 10.75 ], "texture": "#feralhog" }
			}
		},
		{
			"__comment": "Box7",
			"from": [ 8.8, 4.625, 7.375 ],
			"to": [ 11.3, 7.625, 9.875 ],
			"faces": {
				"down": { "uv": [ 11, 15.5, 11.5, 16 ], "texture": "#feralhog" },
				"up": { "uv": [ 11.5, 15.5, 12, 16 ], "texture": "#feralhog" },
				"north": { "uv": [ 7.5, 8.5, 7, 9.25 ], "texture": "#feralhog" },
				"south": { "uv": [ 7.5, 8.5, 7, 9.25 ], "texture": "#feralhog" },
				"west": { "uv": [ 7, 8.5, 7.5, 9.25 ], "texture": "#feralhog" },
				"east": { "uv": [ 7.5, 8.5, 7, 9.25 ], "texture": "#feralhog" }
			}
		},
		{
			"__comment": "Box7",
			"from": [ 9.05, 1.875, 7.625 ],
			"to": [ 11.05, 4.875, 9.625 ],
			"faces": {
				"down": { "uv": [ 5.5, 8, 6, 8.5 ], "texture": "#feralhog" },
				"up": { "uv": [ 6.25, 8, 6.75, 8.5 ], "texture": "#feralhog" },
				"north": { "uv": [ 7.5, 8.5, 8, 9.25 ], "texture": "#feralhog" },
				"south": { "uv": [ 6.25, 10, 6.75, 10.75 ], "texture": "#feralhog" },
				"west": { "uv": [ 6.25, 10, 6.75, 10.75 ], "texture": "#feralhog" },
				"east": { "uv": [ 6.75, 10, 6.25, 10.75 ], "texture": "#feralhog" }
			}
		},
		{
			"__comment": "Box15",
			"from": [ 9.6579, 10.9523, 2.9801 ],
			"to": [ 10.3869, 11.6813, 3.7091 ],
			"rotation": { "origin": [ 5.625, 13.25, 1.75 ], "axis": "x", "angle": 45 },
			"faces": {
				"down": { "uv": [ 14.5, 15.25, 15, 15.5 ], "texture": "#feralhog" },
				"up": { "uv": [ 15.25, 15.5, 15.75, 15.75 ], "texture": "#feralhog" },
				"north": { "uv": [ 9.5, 15.25, 10, 15.5 ], "texture": "#feralhog" },
				"south": { "uv": [ 10, 15.25, 10.5, 15.5 ], "texture": "#feralhog" },
				"west": { "uv": [ 10.5, 15.25, 11, 15.5 ], "texture": "#feralhog" },
				"east": { "uv": [ 11, 15.25, 11.5, 15.5 ], "texture": "#feralhog" }
			}
		},
		{
			"__comment": "Box15",
			"from": [ 10.5091, 12.6789, 1.25 ],
			"to": [ 10.8736, 14.5014, 1.6145 ],
			"rotation": { "origin": [ 5.625, 12.625, -0.125 ], "axis": "z", "angle": -22.5 },
			"faces": {
				"down": { "uv": [ 11.5, 15.25, 12, 15.5 ], "texture": "#feralhog" },
				"up": { "uv": [ 12, 15.25, 12.5, 15.5 ], "texture": "#feralhog" },
				"north": { "uv": [ 15.25, 15.75, 15.75, 16 ], "texture": "#feralhog", "rotation": 90 },
				"south": { "uv": [ 15.25, 15.75, 15.75, 16 ], "texture": "#feralhog", "rotation": 90 },
				"west": { "uv": [ 15.25, 15.75, 15.75, 16 ], "texture": "#feralhog", "rotation": 90 },
				"east": { "uv": [ 15.25, 15.75, 15.75, 16 ], "texture": "#feralhog", "rotation": 90 }
			}
		},
		{
			"__comment": "Box15",
			"from": [ 5.8096, 10.8273, 2.9801 ],
			"to": [ 6.5386, 11.5563, 3.7091 ],
			"rotation": { "origin": [ 5.625, 13.25, 1.75 ], "axis": "x", "angle": 45 },
			"faces": {
				"down": { "uv": [ 15, 15.25, 15.5, 15.5 ], "texture": "#feralhog" },
				"up": { "uv": [ 15.5, 15.25, 16, 15.5 ], "texture": "#feralhog" },
				"north": { "uv": [ 8.5, 15, 9, 15.25 ], "texture": "#feralhog" },
				"south": { "uv": [ 9, 15, 9.5, 15.25 ], "texture": "#feralhog" },
				"west": { "uv": [ 9.5, 15, 10, 15.25 ], "texture": "#feralhog" },
				"east": { "uv": [ 10, 15, 10.5, 15.25 ], "texture": "#feralhog" }
			}
		},
		{
			"__comment": "Box15",
			"from": [ 4.8894, 10.7492, 1.25 ],
			"to": [ 5.2539, 12.5717, 1.6145 ],
			"rotation": { "origin": [ 5.625, 12.625, -0.125 ], "axis": "z", "angle": 22.5 },
			"faces": {
				"down": { "uv": [ 14.75, 15.75, 15.25, 16 ], "texture": "#feralhog", "rotation": 90 },
				"up": { "uv": [ 14.75, 15.5, 15.25, 15.75 ], "texture": "#feralhog", "rotation": 270 },
				"north": { "uv": [ 15.25, 15.75, 15.75, 16 ], "texture": "#feralhog", "rotation": 90 },
				"south": { "uv": [ 15.25, 15.75, 15.75, 16 ], "texture": "#feralhog", "rotation": 90 },
				"west": { "uv": [ 15.25, 15.75, 15.75, 16 ], "texture": "#feralhog", "rotation": 90 },
				"east": { "uv": [ 15.25, 15.75, 15.75, 16 ], "texture": "#feralhog", "rotation": 90 }
			}
		},
		{
			"__comment": "Box23",
			"from": [ 8.375, 12.3003, 6.3331 ],
			"to": [ 12.375, 15.8003, 6.3341 ],
			"faces": {
				"down": { "uv": [ 13.25, 15.75, 14, 16 ], "texture": "#feralhog" },
				"up": { "uv": [ 14, 15.5, 14.75, 15.75 ], "texture": "#feralhog" },
				"north": { "uv": [ 6.25, 8.5, 5.5, 9.25 ], "texture": "#feralhog" },
				"south": { "uv": [ 6.25, 9.25, 5.5, 10 ], "texture": "#feralhog" },
				"west": { "uv": [ 2, 10.25, 2.25, 11 ], "texture": "#feralhog" },
				"east": { "uv": [ 2, 8, 2.25, 8.75 ], "texture": "#feralhog" }
			}
		},
		{
			"__comment": "Box23",
			"from": [ 3.75, 12.3003, 6.3331 ],
			"to": [ 7.75, 15.8003, 6.3341 ],
			"faces": {
				"down": { "uv": [ 12.5, 15.75, 13.25, 16 ], "texture": "#feralhog" },
				"up": { "uv": [ 12.5, 15.5, 13.25, 15.75 ], "texture": "#feralhog" },
				"north": { "uv": [ 5.5, 8.5, 6.25, 9.25 ], "texture": "#feralhog" },
				"south": { "uv": [ 5.5, 9.25, 6.25, 10 ], "texture": "#feralhog" },
				"west": { "uv": [ 3.25, 11, 3.5, 11.75 ], "texture": "#feralhog" },
				"east": { "uv": [ 3.25, 10.25, 3.5, 11 ], "texture": "#feralhog" }
			}
		},
		{
			"__comment": "Box1",
			"from": [ 6.325, 10.3306, -0.5258 ],
			"to": [ 9.825, 12.8306, 2.9742 ],
			"faces": {
				"down": { "uv": [ 5.5, 13, 6.25, 14 ], "texture": "#feralhog" },
				"up": { "uv": [ 5.25, 13, 4.5, 12 ], "texture": "#feralhog" },
				"north": { "uv": [ 6.25, 10.75, 5.5, 10 ], "texture": "#feralhog" },
				"south": { "uv": [ 6.25, 15.25, 7, 16 ], "texture": "#feralhog" },
				"west": { "uv": [ 5.5, 14, 6.25, 15 ], "texture": "#feralhog", "rotation": 90 },
				"east": { "uv": [ 6.25, 14, 5.5, 15 ], "texture": "#feralhog", "rotation": 270 }
			}
		},
		{
			"__comment": "PlaneX26",
			"from": [ 8.125, 11.25, 3.625 ],
			"to": [ 8.126, 15.75, 19.625 ],
			"faces": {
				"west": { "uv": [ 12.5, 0.25, 16, 1.5 ], "texture": "#feralhog" },
				"east": { "uv": [ 16, 0.25, 12.5, 1.5 ], "texture": "#feralhog" }
			}
		}
	],
	"display": {
		"thirdperson_righthand": {
			"rotation":  [ 72, -2, 0 ],
			"translation":  [ 0, 2.0869, 0 ],
			"scale":  [ 0.5, 0.5, 0.5 ]
		},
		"thirdperson_lefthand": {
			"rotation":  [ 72, -2, 0 ],
			"translation":  [ 0, 2.0869, 0 ],
			"scale":  [ 0.5, 0.5, 0.5 ]
		},
		"firstperson_righthand": {
			"translation":  [ 4.1739, 0, -6.956 ],
			"scale":  [ 0.5, 0.5, 0.5 ]
		},
		"firstperson_lefthand": {
			"translation":  [ 4.1739, 0, -6.956 ],
			"scale":  [ 0.5, 0.5, 0.5 ]
		},
		"gui": {
			"rotation":  [ -41, 88, 47 ],
			"translation":  [ -0.695, 0, 0 ],
			"scale":  [ 0.8565, 0.613, 0.6478 ]
		},
		"head": {
			"translation":  [ 0.0006, -28.48, -11.12 ],
			"scale":  [ 2.6, 2.6, 2.6 ]
		},
		"ground": {
			"translation":  [ 0, 4.1739, 0 ],
			"scale":  [ 0.3, 0.3, 0.3 ]
		},
		"fixed": {
			"rotation":  [ 90, -180, -180 ],
			"translation":  [ 0.6956, -11.82, -13.21 ],
			"scale":  [ 2, 2, 2 ]
		}
	}
}