{
	"__comment": "Cubik Studio - https://cubik.studio",
	"textures": {
		"feralhog": "item/feralhog"
	},
	"elements": [ 	 
		{
			"__comment": "Box1",
			"from": [ 6.875, 6.2964, -0.0536 ],
			"to": [ 9.375, 9.2964, 0.4464 ],
			"rotation": { "origin": [ 6.875, 7.9, 1.55 ], "axis": "x", "angle": -45 },
			"faces": {
				"down": { "uv": [ 14, 15.75, 14.75, 16 ], "texture": "#feralhog" },
				"up": { "uv": [ 13.25, 15.5, 14, 15.75 ], "texture": "#feralhog" },
				"north": { "uv": [ 1.25, 10.25, 2, 11 ], "texture": "#feralhog" },
				"south": { "uv": [ 6.25, 14.5, 7, 15.25 ], "texture": "#feralhog" },
				"west": { "uv": [ 3.25, 9.5, 3.5, 10.25 ], "texture": "#feralhog", "rotation": 90 },
				"east": { "uv": [ 3.25, 11.75, 3.5, 12.5 ], "texture": "#feralhog", "rotation": 270 }
			}
		},
		{
			"__comment": "Box1",
			"from": [ 4.75, 6.125, 7.5 ],
			"to": [ 11.25, 13.125, 17 ],
			"faces": {
				"down": { "uv": [ 0, 10.25, 1.25, 12.5 ], "texture": "#feralhog" },
				"up": { "uv": [ 0, 8, 1.25, 10.25 ], "texture": "#feralhog" },
				"north": { "uv": [ 2.25, 14.25, 3.5, 16 ], "texture": "#feralhog" },
				"south": { "uv": [ 2.25, 12.5, 3.5, 14.25 ], "texture": "#feralhog" },
				"west": { "uv": [ 0, 14.25, 2.25, 16 ], "texture": "#feralhog", "rotation": 90 },
				"east": { "uv": [ 0, 16, 2.25, 14.25 ], "texture": "#feralhog", "rotation": 90 }
			}
		},
		{
			"__comment": "Box1",
			"from": [ 6.325, 5.775, 1.9 ],
			"to": [ 9.825, 9.275, 2.9 ],
			"rotation": { "origin": [ 6.325, 5.775, 1.9 ], "axis": "x", "angle": 45 },
			"faces": {
				"down": { "uv": [ 5.5, 10.75, 6, 11 ], "texture": "#feralhog" },
				"up": { "uv": [ 5.5, 11.5, 6.25, 12.25 ], "texture": "#feralhog" },
				"north": { "uv": [ 4.5, 10, 5, 11 ], "texture": "#feralhog" },
				"south": { "uv": [ 5.5, 15, 6.25, 16 ], "texture": "#feralhog" },
				"west": { "uv": [ 4.5, 9, 5, 10 ], "texture": "#feralhog" },
				"east": { "uv": [ 5, 9, 4.5, 10 ], "texture": "#feralhog" }
			}
		},
		{
			"__comment": "Box1",
			"from": [ 5.625, 10, 2.5 ],
			"to": [ 10.425, 14.2, 7.3 ],
			"rotation": { "origin": [ 5.625, 10, 2.5 ], "axis": "x", "angle": 45 },
			"faces": {
				"down": { "uv": [ 4.5, 13, 5.5, 14 ], "texture": "#feralhog" },
				"up": { "uv": [ 3.5, 10.5, 4.5, 11.5 ], "texture": "#feralhog" },
				"north": { "uv": [ 3.5, 9.5, 4.5, 10.5 ], "texture": "#feralhog" },
				"south": { "uv": [ 4.5, 14, 5.5, 15 ], "texture": "#feralhog" },
				"west": { "uv": [ 4.5, 15, 5.5, 16 ], "texture": "#feralhog" },
				"east": { "uv": [ 5.5, 15, 4.5, 16 ], "texture": "#feralhog" }
			}
		},
		{
			"__comment": "Box1",
			"from": [ 5.25, 6.5, 17 ],
			"to": [ 10.75, 12.5, 19.5 ],
			"faces": {
				"down": { "uv": [ 7, 14.5, 8, 15 ], "texture": "#feralhog" },
				"up": { "uv": [ 3.5, 8, 4.5, 8.5 ], "texture": "#feralhog" },
				"north": { "uv": [ 2.25, 11, 3.25, 12.5 ], "texture": "#feralhog" },
				"south": { "uv": [ 1.25, 8.75, 2.25, 10.25 ], "texture": "#feralhog", "rotation": 90 },
				"west": { "uv": [ 1.25, 11, 2.25, 12.5 ], "texture": "#feralhog", "rotation": 180 },
				"east": { "uv": [ 2.25, 11, 1.25, 12.5 ], "texture": "#feralhog", "rotation": 180 }
			}
		},
		{
			"__comment": "Box1",
			"from": [ 5.75, 7, 5.625 ],
			"to": [ 10.25, 13, 7.625 ],
			"faces": {
				"down": { "uv": [ 7, 15.5, 8, 16 ], "texture": "#feralhog" },
				"up": { "uv": [ 7, 15, 8, 15.5 ], "texture": "#feralhog" },
				"north": { "uv": [ 2.25, 8, 3.25, 9.5 ], "texture": "#feralhog" },
				"south": { "uv": [ 3.5, 14.5, 4.5, 16 ], "texture": "#feralhog" },
				"west": { "uv": [ 3.5, 13, 4.5, 14.5 ], "texture": "#feralhog", "rotation": 180 },
				"east": { "uv": [ 4.5, 13, 3.5, 14.5 ], "texture": "#feralhog", "rotation": 180 }
			}
		},
		{
			"__comment": "Box7",
			"from": [ 9.05, 2.0809, 17.0592 ],
			"to": [ 11.05, 5.5809, 19.0592 ],
			"rotation": { "origin": [ 4.95, 1.625, 14.5 ], "axis": "x", "angle": 0 },
			"faces": {
				"down": { "uv": [ 7, 8, 7.5, 8.5 ], "texture": "#feralhog" },
				"up": { "uv": [ 7.5, 8, 8, 8.5 ], "texture": "#feralhog" },
				"north": { "uv": [ 6.25, 9.25, 6.75, 10 ], "texture": "#feralhog" },
				"south": { "uv": [ 6.25, 10, 6.75, 10.75 ], "texture": "#feralhog" },
				"west": { "uv": [ 6.25, 10, 6.75, 10.75 ], "texture": "#feralhog" },
				"east": { "uv": [ 6.75, 10, 6.25, 10.75 ], "texture": "#feralhog" }
			}
		},
		{
			"__comment": "Box7",
			"from": [ 4.95, 2.5, 14.625 ],
			"to": [ 6.95, 6, 16.625 ],
			"rotation": { "origin": [ 4.95, 2.625, 15 ], "axis": "x", "angle": 22.5 },
			"faces": {
				"down": { "uv": [ 8, 9.5, 8.5, 10 ], "texture": "#feralhog" },
				"up": { "uv": [ 8, 9, 8.5, 9.5 ], "texture": "#feralhog" },
				"north": { "uv": [ 7, 12.25, 7.5, 13 ], "texture": "#feralhog" },
				"south": { "uv": [ 6.25, 10, 6.75, 10.75 ], "texture": "#feralhog" },
				"west": { "uv": [ 6.25, 10, 6.75, 10.75 ], "texture": "#feralhog" },
				"east": { "uv": [ 7.5, 11.5, 8, 12.25 ], "texture": "#feralhog" }
			}
		},
		{
			"__comment": "Box7",
			"from": [ 8.8, 3.5, 17.75 ],
			"to": [ 11.3, 6.5, 20.25 ],
			"rotation": { "origin": [ 4.95, 1.625, 14.5 ], "axis": "x", "angle": -22.5 },
			"faces": {
				"down": { "uv": [ 8.5, 15.5, 9, 16 ], "texture": "#feralhog" },
				"up": { "uv": [ 8, 8.5, 8.5, 9 ], "texture": "#feralhog" },
				"north": { "uv": [ 8.5, 11.5, 8, 12.25 ], "texture": "#feralhog" },
				"south": { "uv": [ 8, 11.5, 8.5, 12.25 ], "texture": "#feralhog" },
				"west": { "uv": [ 8, 11.5, 8.5, 12.25 ], "texture": "#feralhog" },
				"east": { "uv": [ 8.5, 11.5, 8, 12.25 ], "texture": "#feralhog" }
			}
		},
		{
			"__comment": "Box7",
			"from": [ 4.7, 4.875, 15.5 ],
			"to": [ 7.2, 7.875, 18 ],
			"rotation": { "origin": [ 4.95, 2.625, 15 ], "axis": "x", "angle": 0 },
			"faces": {
				"down": { "uv": [ 10, 15.5, 10.5, 16 ], "texture": "#feralhog" },
				"up": { "uv": [ 12, 15.5, 12.5, 16 ], "texture": "#feralhog" },
				"north": { "uv": [ 8, 11.5, 8.5, 12.25 ], "texture": "#feralhog" },
				"south": { "uv": [ 8.5, 11.5, 8, 12.25 ], "texture": "#feralhog" },
				"west": { "uv": [ 8, 11.5, 8.5, 12.25 ], "texture": "#feralhog" },
				"east": { "uv": [ 8.5, 11.5, 8, 12.25 ], "texture": "#feralhog" }
			}
		},
		{
			"__comment": "Box7",
			"from": [ 4.71, 4.25, 7.75 ],
			"to": [ 7.21, 7.25, 10.25 ],
			"rotation": { "origin": [ 4.71, 4.25, 7.75 ], "axis": "x", "angle": 0 },
			"faces": {
				"down": { "uv": [ 9.5, 15.5, 10, 16 ], "texture": "#feralhog" },
				"up": { "uv": [ 9, 15.5, 9.5, 16 ], "texture": "#feralhog" },
				"north": { "uv": [ 7, 8.5, 7.5, 9.25 ], "texture": "#feralhog" },
				"south": { "uv": [ 7, 8.5, 7.5, 9.25 ], "texture": "#feralhog" },
				"west": { "uv": [ 7, 8.5, 7.5, 9.25 ], "texture": "#feralhog" },
				"east": { "uv": [ 7.5, 8.5, 7, 9.25 ], "texture": "#feralhog" }
			}
		},
		{
			"__comment": "Box7",
			"from": [ 4.96, 1.5, 8 ],
			"to": [ 6.96, 4.5, 10 ],
			"rotation": { "origin": [ 4.71, 4.25, 7.75 ], "axis": "x", "angle": 0 },
			"faces": {
				"down": { "uv": [ 8, 8, 8.5, 8.5 ], "texture": "#feralhog" },
				"up": { "uv": [ 10.5, 15.5, 11, 16 ], "texture": "#feralhog" },
				"north": { "uv": [ 7.5, 13, 8, 13.75 ], "texture": "#feralhog" },
				"south": { "uv": [ 6.25, 10, 6.75, 10.75 ], "texture": "#feralhog" },
				"west": { "uv": [ 6.25, 10, 6.75, 10.75 ], "texture": "#feralhog" },
				"east": { "uv": [ 6.75, 10, 6.25, 10.75 ], "texture": "#feralhog" }
			}
		},
		{
			"__comment": "Box7",
			"from": [ 8.8, 3.226, 8.5455 ],
			"to": [ 11.3, 6.226, 11.0455 ],
			"rotation": { "origin": [ 4.71, 4.375, 7.75 ], "axis": "x", "angle": -22.5 },
			"faces": {
				"down": { "uv": [ 11, 15.5, 11.5, 16 ], "texture": "#feralhog" },
				"up": { "uv": [ 11.5, 15.5, 12, 16 ], "texture": "#feralhog" },
				"north": { "uv": [ 7.5, 8.5, 7, 9.25 ], "texture": "#feralhog" },
				"south": { "uv": [ 7.5, 8.5, 7, 9.25 ], "texture": "#feralhog" },
				"west": { "uv": [ 7, 8.5, 7.5, 9.25 ], "texture": "#feralhog" },
				"east": { "uv": [ 7.5, 8.5, 7, 9.25 ], "texture": "#feralhog" }
			}
		},
		{
			"__comment": "Box7",
			"from": [ 9.05, 4.9482, 9.2603 ],
			"to": [ 11.05, 6.9482, 12.2603 ],
			"rotation": { "origin": [ 4.71, 4.375, 7.75 ], "axis": "x", "angle": 45 },
			"faces": {
				"down": { "uv": [ 8, 9.25, 7.5, 8.5 ], "texture": "#feralhog" },
				"up": { "uv": [ 6.25, 10, 6.75, 10.75 ], "texture": "#feralhog" },
				"north": { "uv": [ 6.75, 8.5, 6.25, 8 ], "texture": "#feralhog" },
				"south": { "uv": [ 5.5, 8, 6, 8.5 ], "texture": "#feralhog" },
				"west": { "uv": [ 6.25, 10, 6.75, 10.75 ], "texture": "#feralhog", "rotation": 270 },
				"east": { "uv": [ 6.75, 10, 6.25, 10.75 ], "texture": "#feralhog", "rotation": 90 }
			}
		},
		{
			"__comment": "Box15",
			"from": [ 9.6579, 7.1331, 2.8178 ],
			"to": [ 10.3869, 7.8621, 3.5468 ],
			"faces": {
				"down": { "uv": [ 14.5, 15.25, 15, 15.5 ], "texture": "#feralhog" },
				"up": { "uv": [ 15.25, 15.5, 15.75, 15.75 ], "texture": "#feralhog" },
				"north": { "uv": [ 9.5, 15.25, 10, 15.5 ], "texture": "#feralhog" },
				"south": { "uv": [ 10, 15.25, 10.5, 15.5 ], "texture": "#feralhog" },
				"west": { "uv": [ 10.5, 15.25, 11, 15.5 ], "texture": "#feralhog" },
				"east": { "uv": [ 11, 15.25, 11.5, 15.5 ], "texture": "#feralhog" }
			}
		},
		{
			"__comment": "Box15",
			"from": [ 10.8554, 7.292, 3 ],
			"to": [ 11.2199, 9.1145, 3.3645 ],
			"rotation": { "origin": [ 10.85538, 9.1145, 3 ], "axis": "z", "angle": -22.5 },
			"faces": {
				"down": { "uv": [ 11.5, 15.25, 12, 15.5 ], "texture": "#feralhog" },
				"up": { "uv": [ 12, 15.25, 12.5, 15.5 ], "texture": "#feralhog" },
				"north": { "uv": [ 15.25, 15.75, 15.75, 16 ], "texture": "#feralhog", "rotation": 90 },
				"south": { "uv": [ 15.25, 15.75, 15.75, 16 ], "texture": "#feralhog", "rotation": 90 },
				"west": { "uv": [ 15.25, 15.75, 15.75, 16 ], "texture": "#feralhog", "rotation": 90 },
				"east": { "uv": [ 15.25, 15.75, 15.75, 16 ], "texture": "#feralhog", "rotation": 90 }
			}
		},
		{
			"__comment": "Box15",
			"from": [ 5.8096, 7.1331, 2.8178 ],
			"to": [ 6.5386, 7.8621, 3.5468 ],
			"faces": {
				"down": { "uv": [ 15, 15.25, 15.5, 15.5 ], "texture": "#feralhog" },
				"up": { "uv": [ 15.5, 15.25, 16, 15.5 ], "texture": "#feralhog" },
				"north": { "uv": [ 8.5, 15, 9, 15.25 ], "texture": "#feralhog" },
				"south": { "uv": [ 9, 15, 9.5, 15.25 ], "texture": "#feralhog" },
				"west": { "uv": [ 9.5, 15, 10, 15.25 ], "texture": "#feralhog" },
				"east": { "uv": [ 10, 15, 10.5, 15.25 ], "texture": "#feralhog" }
			}
		},
		{
			"__comment": "Box15",
			"from": [ 5.6355, 7.5, 3 ],
			"to": [ 6, 9.3225, 3.3645 ],
			"rotation": { "origin": [ 6, 7.5, 3 ], "axis": "z", "angle": 22.5 },
			"faces": {
				"down": { "uv": [ 14.75, 15.75, 15.25, 16 ], "texture": "#feralhog", "rotation": 90 },
				"up": { "uv": [ 14.75, 15.5, 15.25, 15.75 ], "texture": "#feralhog", "rotation": 270 },
				"north": { "uv": [ 15.25, 15.75, 15.75, 16 ], "texture": "#feralhog", "rotation": 90 },
				"south": { "uv": [ 15.25, 15.75, 15.75, 16 ], "texture": "#feralhog", "rotation": 90 },
				"west": { "uv": [ 15.25, 15.75, 15.75, 16 ], "texture": "#feralhog", "rotation": 90 },
				"east": { "uv": [ 15.25, 15.75, 15.75, 16 ], "texture": "#feralhog", "rotation": 90 }
			}
		},
		{
			"__comment": "Box23",
			"from": [ 8.375, 12, 5.5 ],
			"to": [ 12.375, 15.5, 5.501 ],
			"rotation": { "origin": [ 3.75, 12, 5.5 ], "axis": "x", "angle": -45 },
			"faces": {
				"down": { "uv": [ 13.25, 15.75, 14, 16 ], "texture": "#feralhog" },
				"up": { "uv": [ 14, 15.5, 14.75, 15.75 ], "texture": "#feralhog" },
				"north": { "uv": [ 6.25, 8.5, 5.5, 9.25 ], "texture": "#feralhog" },
				"south": { "uv": [ 6.25, 9.25, 5.5, 10 ], "texture": "#feralhog" },
				"west": { "uv": [ 2, 10.25, 2.25, 11 ], "texture": "#feralhog" },
				"east": { "uv": [ 2, 8, 2.25, 8.75 ], "texture": "#feralhog" }
			}
		},
		{
			"__comment": "Box23",
			"from": [ 3.75, 12, 5.5 ],
			"to": [ 7.75, 15.5, 5.501 ],
			"rotation": { "origin": [ 3.75, 12, 5.5 ], "axis": "x", "angle": -45 },
			"faces": {
				"down": { "uv": [ 12.5, 15.75, 13.25, 16 ], "texture": "#feralhog" },
				"up": { "uv": [ 12.5, 15.5, 13.25, 15.75 ], "texture": "#feralhog" },
				"north": { "uv": [ 5.5, 8.5, 6.25, 9.25 ], "texture": "#feralhog" },
				"south": { "uv": [ 5.5, 9.25, 6.25, 10 ], "texture": "#feralhog" },
				"west": { "uv": [ 3.25, 11, 3.5, 11.75 ], "texture": "#feralhog" },
				"east": { "uv": [ 3.25, 10.25, 3.5, 11 ], "texture": "#feralhog" }
			}
		},
		{
			"__comment": "Box1",
			"from": [ 6.325, 7.525, 0.275 ],
			"to": [ 9.825, 11.025, 2.775 ],
			"rotation": { "origin": [ 6.325, 7.525, 0.2749999 ], "axis": "x", "angle": 45 },
			"faces": {
				"down": { "uv": [ 5.5, 10, 6.25, 10.75 ], "texture": "#feralhog" },
				"up": { "uv": [ 6.25, 15.25, 7, 16 ], "texture": "#feralhog" },
				"north": { "uv": [ 4.5, 12, 5.25, 13 ], "texture": "#feralhog" },
				"south": { "uv": [ 5.5, 13, 6.25, 14 ], "texture": "#feralhog" },
				"west": { "uv": [ 5.5, 14, 6.25, 15 ], "texture": "#feralhog" },
				"east": { "uv": [ 6.25, 14, 5.5, 15 ], "texture": "#feralhog" }
			}
		},
		{
			"__comment": "PlaneX26",
			"from": [ 8.125, 11.25, 3.625 ],
			"to": [ 8.126, 15.75, 19.625 ],
			"faces": {
				"west": { "uv": [ 12.5, 0.25, 16, 1.5 ], "texture": "#feralhog" },
				"east": { "uv": [ 16, 0.25, 12.5, 1.5 ], "texture": "#feralhog" }
			}
		}
	],
	"display": {
		"thirdperson_righthand": {
			"rotation":  [ 72, -2, 0 ],
			"translation":  [ 0, 2.0869, 0 ],
			"scale":  [ 0.5, 0.5, 0.5 ]
		},
		"thirdperson_lefthand": {
			"rotation":  [ 72, -2, 0 ],
			"translation":  [ 0, 2.0869, 0 ],
			"scale":  [ 0.5, 0.5, 0.5 ]
		},
		"firstperson_righthand": {
			"translation":  [ 4.1739, 0, -6.956 ],
			"scale":  [ 0.5, 0.5, 0.5 ]
		},
		"firstperson_lefthand": {
			"translation":  [ 4.1739, 0, -6.956 ],
			"scale":  [ 0.5, 0.5, 0.5 ]
		},
		"gui": {
			"rotation":  [ -41, 88, 47 ],
			"translation":  [ -0.695, 0, 0 ],
			"scale":  [ 0.8565, 0.613, 0.6478 ]
		},
		"head": {
			"translation":  [ 0.0006, -28.48, -11.12 ],
			"scale":  [ 2.6, 2.6, 2.6 ]
		},
		"ground": {
			"translation":  [ 0, 4.1739, 0 ],
			"scale":  [ 0.3, 0.3, 0.3 ]
		},
		"fixed": {
			"rotation":  [ 90, -180, -180 ],
			"translation":  [ 0.6956, -11.82, -13.21 ],
			"scale":  [ 2, 2, 2 ]
		}
	}
}