{
	"__comment": "Cubik Studio - https://cubik.studio",
	"textures": {
		"fly": "item/fly"
	},
	"elements": [ 	 
		{
			"__comment": "Box1",
			"from": [ 7.325, 0.171, 12.3665 ],
			"to": [ 8.170518, 1.016518, 13.21202 ],
			"faces": {
				"down": { "uv": [ 8, 15, 9, 16 ], "texture": "#fly" },
				"up": { "uv": [ 9, 15, 10, 16 ], "texture": "#fly" },
				"north": { "uv": [ 10, 15, 11, 16 ], "texture": "#fly" },
				"south": { "uv": [ 11, 15, 12, 16 ], "texture": "#fly" },
				"west": { "uv": [ 12, 15, 13, 16 ], "texture": "#fly" },
				"east": { "uv": [ 13, 15, 14, 16 ], "texture": "#fly" }
			}
		},
		{
			"__comment": "Box1",
			"from": [ 7.25, 0.125, 12.75 ],
			"to": [ 8.25, 1.125, 14.25 ],
			"rotation": { "origin": [ 7.25, 0.125, 12.75 ], "axis": "x", "angle": 22.5 },
			"faces": {
				"down": { "uv": [ 14, 15, 15, 16 ], "texture": "#fly" },
				"up": { "uv": [ 15, 15, 16, 16 ], "texture": "#fly" },
				"north": { "uv": [ 8, 14, 9, 15 ], "texture": "#fly" },
				"south": { "uv": [ 8, 13, 9, 14 ], "texture": "#fly" },
				"west": { "uv": [ 8, 12, 9, 13 ], "texture": "#fly" },
				"east": { "uv": [ 8, 11, 9, 12 ], "texture": "#fly" }
			}
		},
		{
			"__comment": "Box1",
			"from": [ 7.325, 0.796, 13.6165 ],
			"to": [ 8.170518, 1.641518, 14.46202 ],
			"rotation": { "origin": [ 7.2, 0.25, 12.625 ], "axis": "x", "angle": 45 },
			"faces": {
				"down": { "uv": [ 8, 10, 9, 11 ], "texture": "#fly" },
				"up": { "uv": [ 8, 9, 9, 10 ], "texture": "#fly" },
				"north": { "uv": [ 8, 8, 9, 9 ], "texture": "#fly" },
				"south": { "uv": [ 9, 14, 10, 15 ], "texture": "#fly" },
				"west": { "uv": [ 10, 14, 11, 15 ], "texture": "#fly" },
				"east": { "uv": [ 11, 14, 12, 15 ], "texture": "#fly" }
			}
		},
		{
			"__comment": "PlaneY4",
			"from": [ 7.375, -1.375, 12.375 ],
			"to": [ 7.376, 0.625, 14.875 ],
			"rotation": { "origin": [ 7.375, 0.625, 12.375 ], "axis": "x", "angle": 22.5 },
			"faces": {
				"west": { "uv": [ 6, 14, 8, 16 ], "texture": "#fly", "rotation": 90 },
				"east": { "uv": [ 6, 16, 8, 14 ], "texture": "#fly", "rotation": 90 }
			}
		},
		{
			"__comment": "PlaneY4",
			"from": [ 7.75, -0.5, 11 ],
			"to": [ 7.751, 1, 12.5 ],
			"faces": {
				"west": { "uv": [ 0, 5, 3, 8 ], "texture": "#fly", "rotation": 90 },
				"east": { "uv": [ 0, 8, 3, 5 ], "texture": "#fly", "rotation": 90 }
			}
		},
		{
			"__comment": "PlaneY4",
			"from": [ 8.125, 0.875, 12 ],
			"to": [ 11.625, 0.876, 16 ],
			"rotation": { "origin": [ 8.125, 0.875, 12 ], "axis": "z", "angle": -45 },
			"faces": {
				"down": { "uv": [ 3, 12, 6, 8 ], "texture": "#fly" },
				"up": { "uv": [ 3, 8, 6, 12 ], "texture": "#fly" }
			}
		},
		{
			"__comment": "PlaneY4",
			"from": [ 8.125, -1.375, 12.375 ],
			"to": [ 8.126, 0.625, 14.875 ],
			"rotation": { "origin": [ 8.125, 0.625, 12.375 ], "axis": "x", "angle": 22.5 },
			"faces": {
				"west": { "uv": [ 6, 14, 8, 16 ], "texture": "#fly", "rotation": 90 },
				"east": { "uv": [ 6, 16, 8, 14 ], "texture": "#fly", "rotation": 90 }
			}
		},
		{
			"__comment": "PlaneY4",
			"from": [ 4.75, -1.625, 12 ],
			"to": [ 8.25, -1.624, 16 ],
			"rotation": { "origin": [ 4.75, -1.625, 12 ], "axis": "z", "angle": 45 },
			"faces": {
				"down": { "uv": [ 6, 12, 3, 8 ], "texture": "#fly" },
				"up": { "uv": [ 6, 8, 3, 12 ], "texture": "#fly" }
			}
		}
	],
	"display": {
		"thirdperson_righthand": {
			"rotation":  [ 72, -2, 0 ],
			"translation":  [ 0.6956, 13.912, 11.13 ],
			"scale":  [ 2, 2, 2 ]
		},
		"thirdperson_lefthand": {
			"rotation":  [ 72, -2, 0 ],
			"translation":  [ 0.6956, 13.912, 11.13 ],
			"scale":  [ 2, 2, 2 ]
		},
		"firstperson_righthand": {
			"translation":  [ 4.8695, 16.695, -13.21 ],
			"scale":  [ 2, 2, 2 ]
		},
		"firstperson_lefthand": {
			"translation":  [ 4.8695, 16.695, -13.21 ],
			"scale":  [ 2, 2, 2 ]
		},
		"gui": {
			"rotation":  [ -14, 130, 14 ],
			"translation":  [ -6.259, 16.695, -3.478 ],
			"scale":  [ 2, 2, 2 ]
		},
		"head": {
			"translation":  [ 0, 13.913, -22.25 ],
			"scale":  [ 2, 2, 2 ]
		},
		"ground": {
			"translation":  [ -1.391, 11.13, -11.82 ],
			"scale":  [ 2, 2, 2 ]
		},
		"fixed": {
			"rotation":  [ -90, 0, 0 ],
			"translation":  [ 0.0006, -11.12, -17.38 ],
			"scale":  [ 2, 2, 2 ]
		}
	}
}