{
	"__comment": "Cubik Studio - https://cubik.studio",
	"textures": {
		"gobbler": "item/gobbler"
	},
	"elements": [ 	 
		{
			"__comment": "Box1",
			"from": [ 6.685, 1.5, 5.75 ],
			"to": [ 9.184999, 3.5, 7.75 ],
			"faces": {
				"down": { "uv": [ 7, 11, 8, 12 ], "texture": "#gobbler" },
				"up": { "uv": [ 5.5, 13, 6.5, 14 ], "texture": "#gobbler" },
				"north": { "uv": [ 5.5, 12, 6.5, 13 ], "texture": "#gobbler" },
				"south": { "uv": [ 6.5, 13, 7.5, 14 ], "texture": "#gobbler" },
				"west": { "uv": [ 6.5, 12, 7.5, 13 ], "texture": "#gobbler" },
				"east": { "uv": [ 0, 11, 1, 12 ], "texture": "#gobbler" }
			}
		},
		{
			"__comment": "Box1",
			"from": [ 7.895, 5.5481, 2.905 ],
			"to": [ 8.0486, 5.7529, 3.258894 ],
			"rotation": { "origin": [ 7.434999, 3.25, 2.905 ], "axis": "x", "angle": -45 },
			"faces": {
				"down": { "uv": [ 3, 9, 3.5, 9.5 ], "texture": "#gobbler" },
				"up": { "uv": [ 3.5, 9, 4, 9.5 ], "texture": "#gobbler" },
				"north": { "uv": [ 4, 9, 4.5, 9.5 ], "texture": "#gobbler" },
				"south": { "uv": [ 4.5, 9, 5, 9.5 ], "texture": "#gobbler" },
				"west": { "uv": [ 5, 9, 5.5, 9.5 ], "texture": "#gobbler" },
				"east": { "uv": [ 5.5, 9, 6, 9.5 ], "texture": "#gobbler" }
			}
		},
		{
			"__comment": "Box1",
			"from": [ 7.375, 4.75, 2.155 ],
			"to": [ 8.575, 5.833, 3.355 ],
			"faces": {
				"down": { "uv": [ 9, 0, 10, 1 ], "texture": "#gobbler" },
				"up": { "uv": [ 0.5, 9, 1, 9.5 ], "texture": "#gobbler" },
				"north": { "uv": [ 6.5, 9, 7, 9.5 ], "texture": "#gobbler" },
				"south": { "uv": [ 7.5, 9, 8, 9.5 ], "texture": "#gobbler" },
				"west": { "uv": [ 15, 0, 16, 1 ], "texture": "#gobbler" },
				"east": { "uv": [ 16, 0, 15, 1 ], "texture": "#gobbler" }
			}
		},
		{
			"__comment": "Box1",
			"from": [ 7.5, 3.8931, 3.3876 ],
			"to": [ 8.5, 5.3931, 4.3876 ],
			"rotation": { "origin": [ 7.434999, 3.5, 3.03 ], "axis": "x", "angle": -22.5 },
			"faces": {
				"down": { "uv": [ 7, 8.5, 7.5, 9 ], "texture": "#gobbler" },
				"up": { "uv": [ 7.5, 8.5, 8, 9 ], "texture": "#gobbler" },
				"north": { "uv": [ 0, 8, 0.5, 8.5 ], "texture": "#gobbler" },
				"south": { "uv": [ 0.5, 8, 1, 8.5 ], "texture": "#gobbler" },
				"west": { "uv": [ 1, 8, 1.5, 8.5 ], "texture": "#gobbler" },
				"east": { "uv": [ 1.5, 8, 2, 8.5 ], "texture": "#gobbler" }
			}
		},
		{
			"__comment": "Box1",
			"from": [ 7.5, 4.875, 1.905 ],
			"to": [ 8.4, 5.775, 2.355 ],
			"faces": {
				"down": { "uv": [ 2, 8, 2.5, 8.5 ], "texture": "#gobbler" },
				"up": { "uv": [ 2.5, 8, 3, 8.5 ], "texture": "#gobbler" },
				"north": { "uv": [ 3, 8, 3.5, 8.5 ], "texture": "#gobbler" },
				"south": { "uv": [ 3.5, 8, 4, 8.5 ], "texture": "#gobbler" },
				"west": { "uv": [ 5.5, 8, 6, 8.5 ], "texture": "#gobbler" },
				"east": { "uv": [ 6, 8, 6.5, 8.5 ], "texture": "#gobbler" }
			}
		},
		{
			"__comment": "Box1",
			"from": [ 7.665, 5, 1.655 ],
			"to": [ 8.241, 5.576, 2.015 ],
			"faces": {
				"down": { "uv": [ 6.5, 8, 7, 8.5 ], "texture": "#gobbler" },
				"up": { "uv": [ 0, 7.5, 0.5, 8 ], "texture": "#gobbler" },
				"north": { "uv": [ 0.5, 7.5, 1, 8 ], "texture": "#gobbler" },
				"south": { "uv": [ 0, 9.5, 0.5, 10 ], "texture": "#gobbler" },
				"west": { "uv": [ 0.5, 9.5, 1, 10 ], "texture": "#gobbler" },
				"east": { "uv": [ 1, 9.5, 1.5, 10 ], "texture": "#gobbler" }
			}
		},
		{
			"__comment": "Box1",
			"from": [ 6.81, 0.0556, 4.42 ],
			"to": [ 7.11, 1.249994, 4.82 ],
			"faces": {
				"down": { "uv": [ 1.5, 9.5, 2, 10 ], "texture": "#gobbler" },
				"up": { "uv": [ 2, 9.5, 2.5, 10 ], "texture": "#gobbler" },
				"north": { "uv": [ 2.5, 9.5, 3, 10 ], "texture": "#gobbler" },
				"south": { "uv": [ 3, 9.5, 3.5, 10 ], "texture": "#gobbler" },
				"west": { "uv": [ 3.5, 9.5, 4, 10 ], "texture": "#gobbler", "rotation": 180 },
				"east": { "uv": [ 4, 9.5, 4.5, 10 ], "texture": "#gobbler", "rotation": 180 }
			}
		},
		{
			"__comment": "Box1",
			"from": [ 7.435, 3.5, 2.945 ],
			"to": [ 8.537499, 4.5, 4.102625 ],
			"faces": {
				"down": { "uv": [ 5, 8, 5.5, 8.5 ], "texture": "#gobbler" },
				"up": { "uv": [ 4.5, 9.5, 5, 10 ], "texture": "#gobbler" },
				"north": { "uv": [ 5, 9.5, 5.5, 10 ], "texture": "#gobbler" },
				"south": { "uv": [ 5.5, 9.5, 6, 10 ], "texture": "#gobbler" },
				"west": { "uv": [ 6, 9.5, 6.5, 10 ], "texture": "#gobbler" },
				"east": { "uv": [ 6.5, 9.5, 7, 10 ], "texture": "#gobbler" }
			}
		},
		{
			"__comment": "Box1",
			"from": [ 6.725, 2, 2.875 ],
			"to": [ 9.1, 3.5, 3.375 ],
			"faces": {
				"down": { "uv": [ 2, 10, 3, 10.5 ], "texture": "#gobbler" },
				"up": { "uv": [ 2, 10.5, 3, 11 ], "texture": "#gobbler" },
				"north": { "uv": [ 4, 10.5, 5, 11 ], "texture": "#gobbler" },
				"south": { "uv": [ 3, 10, 4, 10.5 ], "texture": "#gobbler" },
				"west": { "uv": [ 7, 9.5, 7.5, 10 ], "texture": "#gobbler" },
				"east": { "uv": [ 7.5, 9.5, 8, 10 ], "texture": "#gobbler" }
			}
		},
		{
			"__comment": "Box1",
			"from": [ 10.29, -0.9593, 4.0815 ],
			"to": [ 10.61, 0.04070002, 5.2815 ],
			"rotation": { "origin": [ 7.06, -0.375, 3.75 ], "axis": "z", "angle": 22.5 },
			"faces": {
				"down": { "uv": [ 2.5, 7.5, 3, 8 ], "texture": "#gobbler" },
				"up": { "uv": [ 2.5, 8, 2, 7.5 ], "texture": "#gobbler" },
				"north": { "uv": [ 1.5, 8, 1, 7.5 ], "texture": "#gobbler" },
				"south": { "uv": [ 1.5, 7.5, 2, 8 ], "texture": "#gobbler" },
				"west": { "uv": [ 3.5, 7.5, 4, 8 ], "texture": "#gobbler", "rotation": 180 },
				"east": { "uv": [ 3, 8, 3.5, 7.5 ], "texture": "#gobbler", "rotation": 180 }
			}
		},
		{
			"__comment": "Box1",
			"from": [ 6.685, 1.5, 3.125 ],
			"to": [ 9.184999, 3.6, 5.125 ],
			"faces": {
				"down": { "uv": [ 1, 11, 2, 12 ], "texture": "#gobbler" },
				"up": { "uv": [ 2, 11, 3, 12 ], "texture": "#gobbler" },
				"north": { "uv": [ 3, 11, 4, 12 ], "texture": "#gobbler" },
				"south": { "uv": [ 4, 11, 5, 12 ], "texture": "#gobbler" },
				"west": { "uv": [ 5, 11, 6, 12 ], "texture": "#gobbler" },
				"east": { "uv": [ 6, 11, 7, 12 ], "texture": "#gobbler" }
			}
		},
		{
			"__comment": "PlaneX12",
			"from": [ 7.5, 2.555, 6.999 ],
			"to": [ 12.5, 7.055, 7 ],
			"rotation": { "origin": [ 12.5, 2.555, 7 ], "axis": "x", "angle": 22.5 },
			"faces": {
				"north": { "uv": [ 2.5, 16, 5, 14 ], "texture": "#gobbler" },
				"south": { "uv": [ 5, 16, 2.5, 14 ], "texture": "#gobbler" }
			}
		},
		{
			"__comment": "PlaneX12",
			"from": [ 2.875, 2.555, 6.929 ],
			"to": [ 7.875, 7.055, 6.93 ],
			"rotation": { "origin": [ 12.5, 2.555, 7 ], "axis": "x", "angle": 22.5 },
			"faces": {
				"north": { "uv": [ 5, 16, 2.5, 14 ], "texture": "#gobbler" },
				"south": { "uv": [ 2.5, 16, 5, 14 ], "texture": "#gobbler" }
			}
		},
		{
			"__comment": "Box1",
			"from": [ 7.81, 5, 1.405 ],
			"to": [ 8.11, 5.4, 1.805 ],
			"faces": {
				"down": { "uv": [ 0, 8.5, 0.5, 9 ], "texture": "#gobbler" },
				"up": { "uv": [ 0.5, 8.5, 1, 9 ], "texture": "#gobbler" },
				"north": { "uv": [ 1, 8.5, 1.5, 9 ], "texture": "#gobbler" },
				"south": { "uv": [ 1.5, 8.5, 2, 9 ], "texture": "#gobbler" },
				"west": { "uv": [ 2, 8.5, 2.5, 9 ], "texture": "#gobbler" },
				"east": { "uv": [ 2.5, 8.5, 3, 9 ], "texture": "#gobbler" }
			}
		},
		{
			"__comment": "Box1",
			"from": [ 8.809999, 0.0556, 4.42 ],
			"to": [ 9.11, 1.249994, 4.82 ],
			"faces": {
				"down": { "uv": [ 2, 9.5, 2.5, 10 ], "texture": "#gobbler" },
				"up": { "uv": [ 2, 9.5, 2.5, 10 ], "texture": "#gobbler" },
				"north": { "uv": [ 3.5, 9.5, 4, 10 ], "texture": "#gobbler", "rotation": 180 },
				"south": { "uv": [ 3.5, 9.5, 4, 10 ], "texture": "#gobbler", "rotation": 180 },
				"west": { "uv": [ 3.5, 9.5, 4, 10 ], "texture": "#gobbler", "rotation": 180 },
				"east": { "uv": [ 3.5, 9.5, 4, 10 ], "texture": "#gobbler", "rotation": 180 }
			}
		},
		{
			"__comment": "PlaneY16",
			"from": [ 8.25, 0.05, 3.25 ],
			"to": [ 9.75, 0.051, 5.75 ],
			"faces": {
				"down": { "uv": [ 16, 16, 15, 14.5 ], "texture": "#gobbler" },
				"up": { "uv": [ 16, 14.5, 15, 16 ], "texture": "#gobbler" }
			}
		},
		{
			"__comment": "PlaneY16",
			"from": [ 6.25, 0.05, 3.25 ],
			"to": [ 7.75, 0.051, 5.75 ],
			"faces": {
				"down": { "uv": [ 15, 16, 16, 14.5 ], "texture": "#gobbler" },
				"up": { "uv": [ 15, 14.5, 16, 16 ], "texture": "#gobbler" }
			}
		},
		{
			"__comment": "Box1",
			"from": [ 6.435, 1.25, 3.875 ],
			"to": [ 9.434999, 3.625, 5.875 ],
			"faces": {
				"down": { "uv": [ 2.5, 12, 4, 13 ], "texture": "#gobbler" },
				"up": { "uv": [ 2.5, 13, 4, 14 ], "texture": "#gobbler" },
				"north": { "uv": [ 4, 12, 5.5, 13 ], "texture": "#gobbler" },
				"south": { "uv": [ 4, 13, 5.5, 14 ], "texture": "#gobbler" },
				"west": { "uv": [ 0, 10, 1, 11 ], "texture": "#gobbler" },
				"east": { "uv": [ 1, 10, 2, 11 ], "texture": "#gobbler" }
			}
		},
		{
			"__comment": "Box1",
			"from": [ 10.31, -0.4173, 3.9746 ],
			"to": [ 10.63, 2.0827, 5.7746 ],
			"rotation": { "origin": [ 7.06, -0.375, 3.75 ], "axis": "z", "angle": 22.5 },
			"faces": {
				"down": { "uv": [ 7.5, 8, 8, 8.5 ], "texture": "#gobbler" },
				"up": { "uv": [ 7, 8.5, 7.5, 8 ], "texture": "#gobbler" },
				"north": { "uv": [ 6, 11, 6.5, 10 ], "texture": "#gobbler" },
				"south": { "uv": [ 7, 10, 6.5, 11 ], "texture": "#gobbler" },
				"west": { "uv": [ 7, 10, 8, 10.5 ], "texture": "#gobbler", "rotation": 180 },
				"east": { "uv": [ 7, 11, 8, 10.5 ], "texture": "#gobbler", "rotation": 180 }
			}
		},
		{
			"__comment": "Box1",
			"from": [ 5.435, 0.8327, 3.8496 ],
			"to": [ 5.755, 3.3327, 5.6496 ],
			"rotation": { "origin": [ 5.435, 0.875, 3.625 ], "axis": "z", "angle": -22.5 },
			"faces": {
				"down": { "uv": [ 7.5, 8, 8, 8.5 ], "texture": "#gobbler" },
				"up": { "uv": [ 7.5, 8.5, 7, 8 ], "texture": "#gobbler" },
				"north": { "uv": [ 6.5, 11, 6, 10 ], "texture": "#gobbler" },
				"south": { "uv": [ 6.5, 10, 7, 11 ], "texture": "#gobbler" },
				"west": { "uv": [ 7, 10.5, 8, 11 ], "texture": "#gobbler" },
				"east": { "uv": [ 7, 10, 8, 10.5 ], "texture": "#gobbler" }
			}
		},
		{
			"__comment": "Box1",
			"from": [ 5.455, 0.2907, 3.9565 ],
			"to": [ 5.775, 1.2907, 5.1565 ],
			"rotation": { "origin": [ 5.435, 0.875, 3.625 ], "axis": "z", "angle": -22.5 },
			"faces": {
				"down": { "uv": [ 2.5, 7.5, 3, 8 ], "texture": "#gobbler" },
				"up": { "uv": [ 2.5, 8, 2, 7.5 ], "texture": "#gobbler" },
				"north": { "uv": [ 1.5, 8, 1, 7.5 ], "texture": "#gobbler" },
				"south": { "uv": [ 1.5, 7.5, 2, 8 ], "texture": "#gobbler" },
				"west": { "uv": [ 3, 7.5, 3.5, 8 ], "texture": "#gobbler" },
				"east": { "uv": [ 3.5, 7.5, 4, 8 ], "texture": "#gobbler" }
			}
		}
	],
	"display": {
		"thirdperson_righthand": {
			"rotation":  [ 102, 0, 0 ],
			"translation":  [ 1.3913, -5.565, 6.2608 ]
		},
		"thirdperson_lefthand": {
			"rotation":  [ 102, 0, 0 ],
			"translation":  [ 1.3913, -5.565, 6.2608 ]
		},
		"firstperson_righthand": {
			"translation":  [ 0, 7.6521, 0 ]
		},
		"firstperson_lefthand": {
			"translation":  [ 0, 7.6521, 0 ]
		},
		"gui": {
			"rotation":  [ 0, 72, 3 ],
			"translation":  [ 2.7832, 6.2608, 0.6982 ],
			"scale":  [ 1.5, 1.5, 1.5 ]
		},
		"head": {
			"translation":  [ 0, -11.82, 14.607 ],
			"scale":  [ 4, 4, 4 ]
		},
		"ground": {
			"translation":  [ 0, 6.9565, 0 ]
		},
		"fixed": {
			"rotation":  [ -90, 0, 0 ],
			"translation":  [ 0, 6.2608, -24.33 ],
			"scale":  [ 3, 3, 3 ]
		}
	}
}