{
	"__comment": "Cubik Studio - https://cubik.studio",
	"textures": {
		"grasshopper": "item/grasshopper"
	},
	"elements": [ 	 
		{
			"__comment": "Box2",
			"from": [ 7.68, 0.125, 4.75 ],
			"to": [ 8.58, 0.9349999, 5.75 ],
			"faces": {
				"down": { "uv": [ 2, 4, 3, 5 ], "texture": "#grasshopper" },
				"up": { "uv": [ 2, 3, 3, 4 ], "texture": "#grasshopper" },
				"north": { "uv": [ 3, 12, 4, 13 ], "texture": "#grasshopper" },
				"south": { "uv": [ 4, 15, 5, 16 ], "texture": "#grasshopper" },
				"west": { "uv": [ 5, 15, 6, 16 ], "texture": "#grasshopper" },
				"east": { "uv": [ 6, 15, 7, 16 ], "texture": "#grasshopper" }
			}
		},
		{
			"__comment": "Box1",
			"from": [ 7.78, 1.125, 1.6429 ],
			"to": [ 7.846663, 1.191664, 2.37495 ],
			"rotation": { "origin": [ 7.68, 0, 2.25 ], "axis": "x", "angle": -22.5 },
			"faces": {
				"down": { "uv": [ 4, 13, 5, 14 ], "texture": "#grasshopper" },
				"up": { "uv": [ 4, 13, 5, 14 ], "texture": "#grasshopper" },
				"north": { "uv": [ 4, 13, 5, 14 ], "texture": "#grasshopper" },
				"south": { "uv": [ 4, 13, 5, 14 ], "texture": "#grasshopper" },
				"west": { "uv": [ 4, 13, 5, 14 ], "texture": "#grasshopper" },
				"east": { "uv": [ 4, 13, 5, 14 ], "texture": "#grasshopper" }
			}
		},
		{
			"__comment": "Box1",
			"from": [ 8.625, 0.25, 2.875 ],
			"to": [ 9.7185, 0.5452449, 3.170245 ],
			"rotation": { "origin": [ 8.625, 0.25, 2.875 ], "axis": "z", "angle": 22.5 },
			"faces": {
				"down": { "uv": [ 13, 15, 14, 16 ], "texture": "#grasshopper", "rotation": 180 },
				"up": { "uv": [ 14, 15, 15, 16 ], "texture": "#grasshopper", "rotation": 180 },
				"north": { "uv": [ 15, 15, 16, 16 ], "texture": "#grasshopper", "rotation": 180 },
				"south": { "uv": [ 0, 10, 1, 11 ], "texture": "#grasshopper", "rotation": 180 },
				"west": { "uv": [ 0, 9, 1, 10 ], "texture": "#grasshopper" },
				"east": { "uv": [ 0, 8, 1, 9 ], "texture": "#grasshopper" }
			}
		},
		{
			"__comment": "Box1",
			"from": [ 8.5, 0.3, 3.75 ],
			"to": [ 9.5935, 0.5952449, 4.045245 ],
			"faces": {
				"down": { "uv": [ 0, 7, 1, 8 ], "texture": "#grasshopper", "rotation": 180 },
				"up": { "uv": [ 0, 6, 1, 7 ], "texture": "#grasshopper", "rotation": 180 },
				"north": { "uv": [ 0, 5, 1, 6 ], "texture": "#grasshopper", "rotation": 180 },
				"south": { "uv": [ 0, 4, 1, 5 ], "texture": "#grasshopper", "rotation": 180 },
				"west": { "uv": [ 0, 3, 1, 4 ], "texture": "#grasshopper" },
				"east": { "uv": [ 0, 2, 1, 3 ], "texture": "#grasshopper" }
			}
		},
		{
			"__comment": "Box1",
			"from": [ 8.606999, 0.2361, 4.1935 ],
			"to": [ 8.99997, 0.6290714, 6.1618 ],
			"rotation": { "origin": [ 9, 1.25, 4.125 ], "axis": "x", "angle": -22.5 },
			"faces": {
				"down": { "uv": [ 2, 14, 3, 15 ], "texture": "#grasshopper", "rotation": 90 },
				"up": { "uv": [ 2, 15, 1, 14 ], "texture": "#grasshopper", "rotation": 270 },
				"north": { "uv": [ 1, 2, 0, 1 ], "texture": "#grasshopper", "rotation": 90 },
				"south": { "uv": [ 0, 0, 1, 1 ], "texture": "#grasshopper", "rotation": 270 },
				"west": { "uv": [ 3, 14, 4, 15 ], "texture": "#grasshopper", "rotation": 180 },
				"east": { "uv": [ 4, 14, 5, 15 ], "texture": "#grasshopper", "rotation": 180 }
			}
		},
		{
			"__comment": "Box1",
			"from": [ 8.778399, -0.2403, 8.2476 ],
			"to": [ 8.952738, -0.06596141, 8.942083 ],
			"rotation": { "origin": [ 7.25, 1.5, 8.375 ], "axis": "x", "angle": 22.5 },
			"faces": {
				"down": { "uv": [ 5, 14, 6, 15 ], "texture": "#grasshopper", "rotation": 90 },
				"up": { "uv": [ 6, 14, 7, 15 ], "texture": "#grasshopper", "rotation": 90 },
				"north": { "uv": [ 7, 14, 8, 15 ], "texture": "#grasshopper", "rotation": 90 },
				"south": { "uv": [ 8, 14, 9, 15 ], "texture": "#grasshopper", "rotation": 90 },
				"west": { "uv": [ 9, 14, 10, 15 ], "texture": "#grasshopper" },
				"east": { "uv": [ 10, 14, 11, 15 ], "texture": "#grasshopper", "rotation": 180 }
			}
		},
		{
			"__comment": "Box1",
			"from": [ 9.4471, -0.575, 2.8887 ],
			"to": [ 9.662333, 0.8139678, 3.103933 ],
			"rotation": { "origin": [ 9.375, 0.625, 3 ], "axis": "z", "angle": 22.5 },
			"faces": {
				"down": { "uv": [ 11, 14, 12, 15 ], "texture": "#grasshopper", "rotation": 90 },
				"up": { "uv": [ 12, 14, 13, 15 ], "texture": "#grasshopper", "rotation": 90 },
				"north": { "uv": [ 4, 1, 5, 2 ], "texture": "#grasshopper", "rotation": 90 },
				"south": { "uv": [ 4, 1, 5, 2 ], "texture": "#grasshopper", "rotation": 90 },
				"west": { "uv": [ 4, 1, 5, 2 ], "texture": "#grasshopper", "rotation": 90 },
				"east": { "uv": [ 4, 1, 5, 2 ], "texture": "#grasshopper", "rotation": 90 }
			}
		},
		{
			"__comment": "Box1",
			"from": [ 8.6797, -1.8292, 7.2126 ],
			"to": [ 8.918849, 0.1563292, 7.451747 ],
			"rotation": { "origin": [ 9, -0.5, 5.375 ], "axis": "x", "angle": -45 },
			"faces": {
				"down": { "uv": [ 1, 12, 2, 13 ], "texture": "#grasshopper", "rotation": 90 },
				"up": { "uv": [ 1, 11, 2, 12 ], "texture": "#grasshopper", "rotation": 90 },
				"north": { "uv": [ 1, 10, 2, 11 ], "texture": "#grasshopper", "rotation": 90 },
				"south": { "uv": [ 1, 9, 2, 10 ], "texture": "#grasshopper", "rotation": 90 },
				"west": { "uv": [ 1, 8, 2, 9 ], "texture": "#grasshopper", "rotation": 90 },
				"east": { "uv": [ 1, 7, 2, 8 ], "texture": "#grasshopper", "rotation": 90 }
			}
		},
		{
			"__comment": "Box1",
			"from": [ 7.875, -0.3226, 2.1688 ],
			"to": [ 8.375, 0.2824, 2.7688 ],
			"faces": {
				"down": { "uv": [ 1, 6, 2, 7 ], "texture": "#grasshopper" },
				"up": { "uv": [ 1, 5, 2, 6 ], "texture": "#grasshopper" },
				"north": { "uv": [ 12, 13, 13, 14 ], "texture": "#grasshopper" },
				"south": { "uv": [ 1, 4, 2, 5 ], "texture": "#grasshopper" },
				"west": { "uv": [ 1, 3, 2, 4 ], "texture": "#grasshopper" },
				"east": { "uv": [ 1, 2, 2, 3 ], "texture": "#grasshopper" }
			}
		},
		{
			"__comment": "Box1",
			"from": [ 7.75, 0.7955, 1.4848 ],
			"to": [ 7.880203, 0.925703, 1.9848 ],
			"rotation": { "origin": [ 7.68, 0, 2.25 ], "axis": "x", "angle": 22.5 },
			"faces": {
				"down": { "uv": [ 4, 13, 5, 14 ], "texture": "#grasshopper" },
				"up": { "uv": [ 4, 13, 5, 14 ], "texture": "#grasshopper" },
				"north": { "uv": [ 4, 13, 5, 14 ], "texture": "#grasshopper" },
				"south": { "uv": [ 4, 13, 5, 14 ], "texture": "#grasshopper" },
				"west": { "uv": [ 4, 13, 5, 14 ], "texture": "#grasshopper" },
				"east": { "uv": [ 4, 13, 5, 14 ], "texture": "#grasshopper" }
			}
		},
		{
			"__comment": "Box1",
			"from": [ 8.375, 0.7955, 1.4848 ],
			"to": [ 8.505203, 0.925703, 1.9848 ],
			"rotation": { "origin": [ 7.68, 0, 2.25 ], "axis": "x", "angle": 22.5 },
			"faces": {
				"down": { "uv": [ 4, 13, 5, 14 ], "texture": "#grasshopper" },
				"up": { "uv": [ 4, 13, 5, 14 ], "texture": "#grasshopper" },
				"north": { "uv": [ 4, 13, 5, 14 ], "texture": "#grasshopper" },
				"south": { "uv": [ 4, 13, 5, 14 ], "texture": "#grasshopper" },
				"west": { "uv": [ 4, 13, 5, 14 ], "texture": "#grasshopper" },
				"east": { "uv": [ 4, 13, 5, 14 ], "texture": "#grasshopper" }
			}
		},
		{
			"__comment": "Box1",
			"from": [ 8.415, 1.125, 1.6429 ],
			"to": [ 8.481664, 1.191664, 2.37495 ],
			"rotation": { "origin": [ 7.68, 0, 2.25 ], "axis": "x", "angle": -22.5 },
			"faces": {
				"down": { "uv": [ 4, 13, 5, 14 ], "texture": "#grasshopper" },
				"up": { "uv": [ 4, 13, 5, 14 ], "texture": "#grasshopper" },
				"north": { "uv": [ 4, 13, 5, 14 ], "texture": "#grasshopper" },
				"south": { "uv": [ 4, 13, 5, 14 ], "texture": "#grasshopper" },
				"west": { "uv": [ 4, 13, 5, 14 ], "texture": "#grasshopper" },
				"east": { "uv": [ 4, 13, 5, 14 ], "texture": "#grasshopper" }
			}
		},
		{
			"__comment": "Box2",
			"from": [ 7.68, -0.125, 2.25 ],
			"to": [ 8.5825, 1.085, 2.85 ],
			"faces": {
				"down": { "uv": [ 2, 10, 3, 11 ], "texture": "#grasshopper" },
				"up": { "uv": [ 2, 9, 3, 10 ], "texture": "#grasshopper" },
				"north": { "uv": [ 2, 8, 3, 9 ], "texture": "#grasshopper" },
				"south": { "uv": [ 2, 7, 3, 8 ], "texture": "#grasshopper" },
				"west": { "uv": [ 2, 6, 3, 7 ], "texture": "#grasshopper" },
				"east": { "uv": [ 2, 5, 3, 6 ], "texture": "#grasshopper" }
			}
		},
		{
			"__comment": "Box2",
			"from": [ 7.63, 0, 2.75 ],
			"to": [ 8.629999, 1, 4.75 ],
			"faces": {
				"down": { "uv": [ 0, 13, 1, 15 ], "texture": "#grasshopper" },
				"up": { "uv": [ 0, 11, 1, 13 ], "texture": "#grasshopper" },
				"north": { "uv": [ 2, 2, 3, 3 ], "texture": "#grasshopper" },
				"south": { "uv": [ 2, 1, 3, 2 ], "texture": "#grasshopper" },
				"west": { "uv": [ 0, 15, 2, 16 ], "texture": "#grasshopper" },
				"east": { "uv": [ 2, 15, 4, 16 ], "texture": "#grasshopper" }
			}
		},
		{
			"__comment": "Box1",
			"from": [ 9.4471, 0.3137, 3.811 ],
			"to": [ 9.662333, 0.5289328, 5.199967 ],
			"rotation": { "origin": [ 6.625, 0.425, 4 ], "axis": "x", "angle": 22.5 },
			"faces": {
				"down": { "uv": [ 5, 2, 4, 1 ], "texture": "#grasshopper", "rotation": 90 },
				"up": { "uv": [ 4, 1, 5, 2 ], "texture": "#grasshopper", "rotation": 90 },
				"north": { "uv": [ 6, 13, 5, 12 ], "texture": "#grasshopper", "rotation": 90 },
				"south": { "uv": [ 4, 12, 5, 13 ], "texture": "#grasshopper", "rotation": 90 },
				"west": { "uv": [ 4, 1, 5, 2 ], "texture": "#grasshopper" },
				"east": { "uv": [ 4, 1, 5, 2 ], "texture": "#grasshopper", "rotation": 180 }
			}
		},
		{
			"__comment": "Box1",
			"from": [ 7.232, 1.2601, 4.4838 ],
			"to": [ 7.624971, 1.653071, 6.4521 ],
			"rotation": { "origin": [ 7.25, 1.125, 6.625 ], "axis": "x", "angle": -22.5 },
			"faces": {
				"down": { "uv": [ 13, 12, 14, 13 ], "texture": "#grasshopper", "rotation": 90 },
				"up": { "uv": [ 13, 13, 12, 12 ], "texture": "#grasshopper", "rotation": 270 },
				"north": { "uv": [ 11, 13, 10, 12 ], "texture": "#grasshopper", "rotation": 90 },
				"south": { "uv": [ 11, 12, 12, 13 ], "texture": "#grasshopper", "rotation": 270 },
				"west": { "uv": [ 4, 15, 5, 14 ], "texture": "#grasshopper" },
				"east": { "uv": [ 15, 12, 16, 13 ], "texture": "#grasshopper", "rotation": 180 }
			}
		},
		{
			"__comment": "Box1",
			"from": [ 7.3047, 0.8376, 6.2186 ],
			"to": [ 7.543849, 1.076748, 8.204129 ],
			"rotation": { "origin": [ 7.25, 1.125, 6.625 ], "axis": "x", "angle": 45 },
			"faces": {
				"down": { "uv": [ 2, 8, 1, 7 ], "texture": "#grasshopper", "rotation": 90 },
				"up": { "uv": [ 1, 7, 2, 8 ], "texture": "#grasshopper", "rotation": 90 },
				"north": { "uv": [ 4, 11, 3, 10 ], "texture": "#grasshopper", "rotation": 90 },
				"south": { "uv": [ 3, 11, 4, 12 ], "texture": "#grasshopper", "rotation": 90 },
				"west": { "uv": [ 1, 7, 2, 8 ], "texture": "#grasshopper" },
				"east": { "uv": [ 1, 7, 2, 8 ], "texture": "#grasshopper", "rotation": 180 }
			}
		},
		{
			"__comment": "Box1",
			"from": [ 7.3084, -0.2152, 8.155499 ],
			"to": [ 7.482738, -0.0408614, 8.849983 ],
			"rotation": { "origin": [ 7.25, 1.5, 8.375 ], "axis": "x", "angle": 22.5 },
			"faces": {
				"down": { "uv": [ 7, 14, 8, 15 ], "texture": "#grasshopper", "rotation": 90 },
				"up": { "uv": [ 7, 14, 8, 15 ], "texture": "#grasshopper", "rotation": 90 },
				"north": { "uv": [ 7, 14, 8, 15 ], "texture": "#grasshopper", "rotation": 90 },
				"south": { "uv": [ 7, 14, 8, 15 ], "texture": "#grasshopper", "rotation": 90 },
				"west": { "uv": [ 7, 14, 8, 15 ], "texture": "#grasshopper", "rotation": 90 },
				"east": { "uv": [ 7, 14, 8, 15 ], "texture": "#grasshopper", "rotation": 90 }
			}
		},
		{
			"__comment": "Box1",
			"from": [ 6.75, 0.3, 3.75 ],
			"to": [ 7.8435, 0.5952449, 4.045245 ],
			"faces": {
				"down": { "uv": [ 4, 11, 5, 12 ], "texture": "#grasshopper", "rotation": 180 },
				"up": { "uv": [ 5, 11, 6, 12 ], "texture": "#grasshopper", "rotation": 180 },
				"north": { "uv": [ 6, 11, 7, 12 ], "texture": "#grasshopper", "rotation": 180 },
				"south": { "uv": [ 7, 11, 8, 12 ], "texture": "#grasshopper", "rotation": 180 },
				"west": { "uv": [ 8, 11, 9, 12 ], "texture": "#grasshopper" },
				"east": { "uv": [ 9, 11, 10, 12 ], "texture": "#grasshopper" }
			}
		},
		{
			"__comment": "Box1",
			"from": [ 6.6971, 0.3137, 3.811 ],
			"to": [ 6.912333, 0.5289328, 5.199967 ],
			"rotation": { "origin": [ 6.625, 0.425, 4 ], "axis": "x", "angle": 22.5 },
			"faces": {
				"down": { "uv": [ 5, 2, 4, 1 ], "texture": "#grasshopper", "rotation": 90 },
				"up": { "uv": [ 4, 1, 5, 2 ], "texture": "#grasshopper", "rotation": 90 },
				"north": { "uv": [ 12, 12, 11, 11 ], "texture": "#grasshopper", "rotation": 90 },
				"south": { "uv": [ 10, 11, 11, 12 ], "texture": "#grasshopper", "rotation": 90 },
				"west": { "uv": [ 4, 1, 5, 2 ], "texture": "#grasshopper" },
				"east": { "uv": [ 4, 1, 5, 2 ], "texture": "#grasshopper", "rotation": 180 }
			}
		},
		{
			"__comment": "Box1",
			"from": [ 6.75, 0.625, 2.875 ],
			"to": [ 7.8435, 0.9202449, 3.170245 ],
			"rotation": { "origin": [ 6.75, 0.625, 2.875 ], "axis": "z", "angle": -22.5 },
			"faces": {
				"down": { "uv": [ 4, 10, 5, 11 ], "texture": "#grasshopper", "rotation": 180 },
				"up": { "uv": [ 4, 9, 5, 10 ], "texture": "#grasshopper", "rotation": 180 },
				"north": { "uv": [ 4, 8, 5, 9 ], "texture": "#grasshopper", "rotation": 180 },
				"south": { "uv": [ 4, 7, 5, 8 ], "texture": "#grasshopper", "rotation": 180 },
				"west": { "uv": [ 4, 6, 5, 7 ], "texture": "#grasshopper" },
				"east": { "uv": [ 4, 5, 5, 6 ], "texture": "#grasshopper" }
			}
		},
		{
			"__comment": "Box1",
			"from": [ 6.6971, -0.45, 2.8887 ],
			"to": [ 6.912333, 0.9389678, 3.103933 ],
			"rotation": { "origin": [ 6.625, 0.75, 3 ], "axis": "z", "angle": -22.5 },
			"faces": {
				"down": { "uv": [ 4, 4, 5, 5 ], "texture": "#grasshopper", "rotation": 90 },
				"up": { "uv": [ 4, 3, 5, 4 ], "texture": "#grasshopper", "rotation": 90 },
				"north": { "uv": [ 4, 2, 5, 3 ], "texture": "#grasshopper", "rotation": 90 },
				"south": { "uv": [ 4, 1, 5, 2 ], "texture": "#grasshopper", "rotation": 90 },
				"west": { "uv": [ 4, 0, 5, 1 ], "texture": "#grasshopper", "rotation": 90 },
				"east": { "uv": [ 4, 1, 5, 2 ], "texture": "#grasshopper", "rotation": 90 }
			}
		}
	],
	"display": {
		"thirdperson_righthand": {
			"rotation":  [ 72, -2, 0 ],
			"translation":  [ 0.6956, -0.695, 9.0434 ]
		},
		"thirdperson_lefthand": {
			"rotation":  [ 72, -2, 0 ],
			"translation":  [ 0.6956, -0.695, 9.0434 ]
		},
		"firstperson_righthand": {
			"translation":  [ 13.217, 11.826, -6.26 ],
			"scale":  [ 2, 2, 2 ]
		},
		"firstperson_lefthand": {
			"translation":  [ 13.217, 11.826, -6.26 ],
			"scale":  [ 2, 2, 2 ]
		},
		"gui": {
			"rotation":  [ 92, 53, -53 ],
			"translation":  [ 12.521, 6.2611, 0 ],
			"scale":  [ 2, 2, 2 ]
		},
		"head": {
			"translation":  [ 0, -20.16, 0 ],
			"scale":  [ 3, 3, 3 ]
		},
		"ground": {
			"translation":  [ -2.087, 10.434, 8.3478 ],
			"scale":  [ 2, 2, 2 ]
		},
		"fixed": {
			"rotation":  [ -90, 0, 0 ],
			"translation":  [ 0.0003, 7.6521, -20.17 ],
			"scale":  [ 2.5, 2.5, 2.5 ]
		}
	}
}