{
	"__comment": "Cubik Studio - https://cubik.studio",
	"textures": {
		"harpy": "item/harpy"
	},
	"elements": [ 	 
		{
			"__comment": "Box1",
			"from": [ 11.5, -2.1875, 5.375 ],
			"to": [ 14.5, -1.6875, 5.875 ],
			"rotation": { "origin": [ 11.5, -1.6875, 5.25 ], "axis": "z", "angle": -45 },
			"faces": {
				"down": { "uv": [ 0.5, 14, 3, 14.5 ], "texture": "#harpy" },
				"up": { "uv": [ 0.5, 14, 3, 14.5 ], "texture": "#harpy" },
				"north": { "uv": [ 0.5, 14, 3, 14.5 ], "texture": "#harpy" },
				"south": { "uv": [ 0.5, 14, 3, 14.5 ], "texture": "#harpy" },
				"west": { "uv": [ 0.5, 14, 3, 14.5 ], "texture": "#harpy" },
				"east": { "uv": [ 0.5, 14, 3, 14.5 ], "texture": "#harpy" }
			}
		},
		{
			"__comment": "Box1",
			"from": [ 5.375, 0.25, 5 ],
			"to": [ 7.875, 2.25, 9.8 ],
			"faces": {
				"down": { "uv": [ 6.5, 8.5, 7.5, 10.5 ], "texture": "#harpy", "rotation": 90 },
				"up": { "uv": [ 7.5, 8.5, 8.5, 10.5 ], "texture": "#harpy", "rotation": 90 },
				"north": { "uv": [ 10, 13, 11, 14 ], "texture": "#harpy" },
				"south": { "uv": [ 8.5, 10.5, 9.5, 11.5 ], "texture": "#harpy" },
				"west": { "uv": [ 6.5, 10.5, 8.5, 11.5 ], "texture": "#harpy" },
				"east": { "uv": [ 8.5, 10.5, 6.5, 11.5 ], "texture": "#harpy" }
			}
		},
		{
			"__comment": "PlaneY3",
			"from": [ 6.5, -1.875, 5.4375 ],
			"to": [ 16.5, -1.874, 10.4375 ],
			"rotation": { "origin": [ 11.5, -1.6875, 5.25 ], "axis": "z", "angle": -45 },
			"faces": {
				"down": { "uv": [ 5, 16, 10, 13.5 ], "texture": "#harpy" },
				"up": { "uv": [ 5, 13.5, 10, 16 ], "texture": "#harpy" }
			}
		},
		{
			"__comment": "Box1",
			"from": [ 5.625, 0.4375, 9.8 ],
			"to": [ 7.625, 1.8375, 11.5496 ],
			"faces": {
				"down": { "uv": [ 15, 14.5, 16, 15 ], "texture": "#harpy", "rotation": 90 },
				"up": { "uv": [ 7.5, 8, 8.5, 8.5 ], "texture": "#harpy", "rotation": 90 },
				"north": { "uv": [ 15, 14, 16, 14.5 ], "texture": "#harpy" },
				"south": { "uv": [ 6.5, 8, 7.5, 8.5 ], "texture": "#harpy" },
				"west": { "uv": [ 10.5, 11.5, 11, 12 ], "texture": "#harpy" },
				"east": { "uv": [ 11, 11.5, 10.5, 12 ], "texture": "#harpy" }
			}
		},
		{
			"__comment": "Box5",
			"from": [ 7.3536, 1.5066, 2.9566 ],
			"to": [ 7.53585, 1.68885, 3.409406 ],
			"rotation": { "origin": [ 7.2625, 1.705, 3.3375 ], "axis": "x", "angle": -22.5 },
			"faces": {
				"down": { "uv": [ 13, 11, 13.5, 11.5 ], "texture": "#harpy" },
				"up": { "uv": [ 13, 11, 13.5, 11.5 ], "texture": "#harpy" },
				"north": { "uv": [ 13, 11, 13.5, 11.5 ], "texture": "#harpy" },
				"south": { "uv": [ 13, 11, 13.5, 11.5 ], "texture": "#harpy" },
				"west": { "uv": [ 13, 11, 13.5, 11.5 ], "texture": "#harpy" },
				"east": { "uv": [ 13, 11, 13.5, 11.5 ], "texture": "#harpy" }
			}
		},
		{
			"__comment": "Box5",
			"from": [ 5.6875, 0.5, 2.75 ],
			"to": [ 7.4925, 1.85375, 4.194 ],
			"faces": {
				"down": { "uv": [ 13, 12, 13.5, 12.5 ], "texture": "#harpy" },
				"up": { "uv": [ 13.5, 12, 14, 12.5 ], "texture": "#harpy" },
				"north": { "uv": [ 14.5, 12, 15, 12.5 ], "texture": "#harpy" },
				"south": { "uv": [ 15, 12, 15.5, 12.5 ], "texture": "#harpy" },
				"west": { "uv": [ 15.5, 12, 16, 12.5 ], "texture": "#harpy" },
				"east": { "uv": [ 16, 12, 15.5, 12.5 ], "texture": "#harpy" }
			}
		},
		{
			"__comment": "Box5",
			"from": [ 5.9375, 0.6175, 2.561 ],
			"to": [ 7.1725, 1.3015, 2.85284 ],
			"faces": {
				"down": { "uv": [ 11.5, 11, 12, 11.5 ], "texture": "#harpy" },
				"up": { "uv": [ 11.5, 9.5, 12, 10 ], "texture": "#harpy" },
				"north": { "uv": [ 11.5, 9, 12, 9.5 ], "texture": "#harpy" },
				"south": { "uv": [ 11.5, 8.5, 12, 9 ], "texture": "#harpy" },
				"west": { "uv": [ 11.5, 8, 12, 8.5 ], "texture": "#harpy" },
				"east": { "uv": [ 12, 8, 11.5, 8.5 ], "texture": "#harpy" }
			}
		},
		{
			"__comment": "Box5",
			"from": [ 6.2072, 0.6412, 2.0853 ],
			"to": [ 6.959656, 1.266317, 2.33106 ],
			"faces": {
				"down": { "uv": [ 14, 11.5, 14.5, 12 ], "texture": "#harpy" },
				"up": { "uv": [ 14.5, 11.5, 15, 12 ], "texture": "#harpy" },
				"north": { "uv": [ 9.5, 9, 10, 9.5 ], "texture": "#harpy" },
				"south": { "uv": [ 9.5, 8.5, 10, 9 ], "texture": "#harpy" },
				"west": { "uv": [ 15.5, 15.5, 16, 16 ], "texture": "#harpy" },
				"east": { "uv": [ 16, 15.5, 15.5, 16 ], "texture": "#harpy" }
			}
		},
		{
			"__comment": "PlaneY3",
			"from": [ -2.8125, -1.8125, 5.3124 ],
			"to": [ 7.1875, -1.8115, 10.3124 ],
			"rotation": { "origin": [ 2.125, -2.0626, 5.25 ], "axis": "z", "angle": 45 },
			"faces": {
				"down": { "uv": [ 10, 16, 5, 13.5 ], "texture": "#harpy" },
				"up": { "uv": [ 10, 13.5, 5, 16 ], "texture": "#harpy" }
			}
		},
		{
			"__comment": "Box5",
			"from": [ 6.1, 0.6188, 2.305 ],
			"to": [ 7.075, 1.2938, 2.6122 ],
			"faces": {
				"down": { "uv": [ 15, 13.5, 15.5, 14 ], "texture": "#harpy" },
				"up": { "uv": [ 15.5, 13.5, 16, 14 ], "texture": "#harpy" },
				"north": { "uv": [ 15, 13, 15.5, 13.5 ], "texture": "#harpy" },
				"south": { "uv": [ 15.5, 13, 16, 13.5 ], "texture": "#harpy" },
				"west": { "uv": [ 13, 12.5, 13.5, 13 ], "texture": "#harpy" },
				"east": { "uv": [ 13.5, 12.5, 13, 13 ], "texture": "#harpy" }
			}
		},
		{
			"__comment": "Box12",
			"from": [ 7.25, -1.1875, 7.9375 ],
			"to": [ 7.75, 0.3725001, 8.4375 ],
			"faces": {
				"down": { "uv": [ 0, 9, 0.5, 9.5 ], "texture": "#harpy" },
				"up": { "uv": [ 10, 9, 10.5, 9.5 ], "texture": "#harpy" },
				"north": { "uv": [ 10, 9, 10.5, 9.5 ], "texture": "#harpy" },
				"south": { "uv": [ 10, 9, 10.5, 9.5 ], "texture": "#harpy" },
				"west": { "uv": [ 10, 9, 10.5, 9.5 ], "texture": "#harpy" },
				"east": { "uv": [ 10, 9, 10.5, 9.5 ], "texture": "#harpy" }
			}
		},
		{
			"__comment": "Box12",
			"from": [ 5.5, -1.1875, 7.9375 ],
			"to": [ 6, 0.3725001, 8.4375 ],
			"faces": {
				"down": { "uv": [ 0, 9, 0.5, 9.5 ], "texture": "#harpy" },
				"up": { "uv": [ 0, 9, 0.5, 9.5 ], "texture": "#harpy" },
				"north": { "uv": [ 10, 9, 10.5, 9.5 ], "texture": "#harpy" },
				"south": { "uv": [ 10, 9, 10.5, 9.5 ], "texture": "#harpy" },
				"west": { "uv": [ 10, 9, 10.5, 9.5 ], "texture": "#harpy" },
				"east": { "uv": [ 10, 9, 10.5, 9.5 ], "texture": "#harpy" }
			}
		},
		{
			"__comment": "PlaneY14",
			"from": [ 6.625, -2.1875, 7.25 ],
			"to": [ 8.375, -2.187, 9.75 ],
			"rotation": { "origin": [ 6.625, -2.1875, 7.25 ], "axis": "x", "angle": -45 },
			"faces": {
				"down": { "uv": [ 10, 13.5, 9.5, 12.5 ], "texture": "#harpy" },
				"up": { "uv": [ 10, 12.5, 9.5, 13.5 ], "texture": "#harpy" }
			}
		},
		{
			"__comment": "PlaneY14",
			"from": [ 4.8125, -2.1875, 7.25 ],
			"to": [ 6.5625, -2.187, 9.75 ],
			"rotation": { "origin": [ 6.625, -2.1875, 7.25 ], "axis": "x", "angle": -45 },
			"faces": {
				"down": { "uv": [ 9.5, 13.5, 10, 12.5 ], "texture": "#harpy" },
				"up": { "uv": [ 9.5, 12.5, 10, 13.5 ], "texture": "#harpy" }
			}
		},
		{
			"__comment": "Box5",
			"from": [ 6.3275, 0.6319, 1.8189 ],
			"to": [ 6.854, 1.158238, 2.1429 ],
			"faces": {
				"down": { "uv": [ 10.5, 10.5, 11, 11 ], "texture": "#harpy" },
				"up": { "uv": [ 10.5, 10, 11, 10.5 ], "texture": "#harpy" },
				"north": { "uv": [ 10.5, 9.5, 11, 10 ], "texture": "#harpy" },
				"south": { "uv": [ 10.5, 9, 11, 9.5 ], "texture": "#harpy" },
				"west": { "uv": [ 10.5, 8.5, 11, 9 ], "texture": "#harpy" },
				"east": { "uv": [ 11, 8.5, 10.5, 9 ], "texture": "#harpy" }
			}
		},
		{
			"__comment": "PlaneY3",
			"from": [ 6, 1.1225, 11.6875 ],
			"to": [ 9.5, 1.1235, 16.6875 ],
			"rotation": { "origin": [ 6, 1.1225, 11.6875 ], "axis": "y", "angle": 22.5 },
			"faces": {
				"down": { "uv": [ 8, 13.5, 6.5, 11.5 ], "texture": "#harpy" },
				"up": { "uv": [ 8, 11.5, 6.5, 13.5 ], "texture": "#harpy" }
			}
		},
		{
			"__comment": "PlaneY3",
			"from": [ 5.375, 1.5625, 3.1865 ],
			"to": [ 7.875, 3.5625, 3.1875 ],
			"rotation": { "origin": [ 5.375, 1.5625, 3.1875 ], "axis": "x", "angle": 22.5 },
			"faces": {
				"north": { "uv": [ 15.5, 16, 14.5, 15 ], "texture": "#harpy" },
				"south": { "uv": [ 14.5, 16, 15.5, 15 ], "texture": "#harpy" }
			}
		},
		{
			"__comment": "Box1",
			"from": [ 5.625, 0.3125, 4.125 ],
			"to": [ 7.525, 1.7375, 5.411062 ],
			"faces": {
				"down": { "uv": [ 11, 9.5, 11.5, 10 ], "texture": "#harpy", "rotation": 90 },
				"up": { "uv": [ 11, 9.5, 11.5, 10 ], "texture": "#harpy", "rotation": 90 },
				"north": { "uv": [ 11, 9, 11.5, 9.5 ], "texture": "#harpy" },
				"south": { "uv": [ 11, 8.5, 11.5, 9 ], "texture": "#harpy" },
				"west": { "uv": [ 11, 8, 11.5, 8.5 ], "texture": "#harpy" },
				"east": { "uv": [ 11.5, 8, 11, 8.5 ], "texture": "#harpy" }
			}
		},
		{
			"__comment": "Box1",
			"from": [ 6.5, -2.1875, 5.25 ],
			"to": [ 11.5, -1.6875, 6.25 ],
			"rotation": { "origin": [ 11.5, -1.6875, 5.25 ], "axis": "z", "angle": -45 },
			"faces": {
				"down": { "uv": [ 0.5, 14, 3, 14.5 ], "texture": "#harpy" },
				"up": { "uv": [ 0.5, 14, 3, 14.5 ], "texture": "#harpy" },
				"north": { "uv": [ 0.5, 14, 3, 14.5 ], "texture": "#harpy" },
				"south": { "uv": [ 0.5, 14, 3, 14.5 ], "texture": "#harpy" },
				"west": { "uv": [ 0.5, 14, 3, 14.5 ], "texture": "#harpy" },
				"east": { "uv": [ 0.5, 14, 3, 14.5 ], "texture": "#harpy" }
			}
		},
		{
			"__comment": "Box1",
			"from": [ 2.125, -2.0626, 5.25 ],
			"to": [ 7.125, -1.5626, 6.25 ],
			"rotation": { "origin": [ 2.125, -2.0626, 5.25 ], "axis": "z", "angle": 45 },
			"faces": {
				"down": { "uv": [ 0.5, 14, 3, 14.5 ], "texture": "#harpy" },
				"up": { "uv": [ 0.5, 14, 3, 14.5 ], "texture": "#harpy" },
				"north": { "uv": [ 0.5, 14, 3, 14.5 ], "texture": "#harpy" },
				"south": { "uv": [ 0.5, 14, 3, 14.5 ], "texture": "#harpy" },
				"west": { "uv": [ 0.5, 14, 3, 14.5 ], "texture": "#harpy" },
				"east": { "uv": [ 0.5, 14, 3, 14.5 ], "texture": "#harpy" }
			}
		},
		{
			"__comment": "Box1",
			"from": [ -0.875, -2.0625, 5.25 ],
			"to": [ 2.125, -1.5625, 5.75 ],
			"rotation": { "origin": [ 2.125, -2.0626, 5.25 ], "axis": "z", "angle": 45 },
			"faces": {
				"down": { "uv": [ 0.5, 14, 3, 14.5 ], "texture": "#harpy" },
				"up": { "uv": [ 0.5, 14, 3, 14.5 ], "texture": "#harpy" },
				"north": { "uv": [ 0.5, 14, 3, 14.5 ], "texture": "#harpy" },
				"south": { "uv": [ 0.5, 14, 3, 14.5 ], "texture": "#harpy" },
				"west": { "uv": [ 0.5, 14, 3, 14.5 ], "texture": "#harpy" },
				"east": { "uv": [ 0.5, 14, 3, 14.5 ], "texture": "#harpy" }
			}
		},
		{
			"__comment": "PlaneY3",
			"from": [ 3.7469, 1.1875, 11.6281 ],
			"to": [ 7.2469, 1.1885, 16.6281 ],
			"rotation": { "origin": [ 7.375, 1.1875, 11.9375 ], "axis": "y", "angle": -22.5 },
			"faces": {
				"down": { "uv": [ 6.5, 13.5, 8, 11.5 ], "texture": "#harpy" },
				"up": { "uv": [ 6.5, 11.5, 8, 13.5 ], "texture": "#harpy" }
			}
		},
		{
			"__comment": "PlaneY3",
			"from": [ 5.375, 2.1446, 3.7168 ],
			"to": [ 7.875, 4.1446, 3.7178 ],
			"rotation": { "origin": [ 5.375, 1.4375, 3.1875 ], "axis": "x", "angle": 22.5 },
			"faces": {
				"north": { "uv": [ 9.5, 10.5, 8.5, 9.5 ], "texture": "#harpy" },
				"south": { "uv": [ 8.5, 10.5, 9.5, 9.5 ], "texture": "#harpy" }
			}
		},
		{
			"__comment": "Box5",
			"from": [ 6.4648, 0.4268, 1.7758 ],
			"to": [ 6.699356, 0.7502329, 1.956228 ],
			"faces": {
				"down": { "uv": [ 15, 11.5, 15.5, 12 ], "texture": "#harpy" },
				"up": { "uv": [ 15.5, 11.5, 16, 12 ], "texture": "#harpy" },
				"north": { "uv": [ 12, 11, 12.5, 11.5 ], "texture": "#harpy" },
				"south": { "uv": [ 12, 10.5, 12.5, 11 ], "texture": "#harpy" },
				"west": { "uv": [ 12, 10, 12.5, 10.5 ], "texture": "#harpy", "rotation": 270 },
				"east": { "uv": [ 12, 10, 12.5, 10.5 ], "texture": "#harpy", "rotation": 270 }
			}
		},
		{
			"__comment": "Box5",
			"from": [ 5.6536, 1.5066, 2.9566 ],
			"to": [ 5.83585, 1.68885, 3.409406 ],
			"rotation": { "origin": [ 5.5625, 1.705, 3.3375 ], "axis": "x", "angle": -22.5 },
			"faces": {
				"down": { "uv": [ 13, 11, 13.5, 11.5 ], "texture": "#harpy" },
				"up": { "uv": [ 13, 11, 13.5, 11.5 ], "texture": "#harpy" },
				"north": { "uv": [ 13, 11, 13.5, 11.5 ], "texture": "#harpy" },
				"south": { "uv": [ 13, 11, 13.5, 11.5 ], "texture": "#harpy" },
				"west": { "uv": [ 13, 11, 13.5, 11.5 ], "texture": "#harpy" },
				"east": { "uv": [ 13, 11, 13.5, 11.5 ], "texture": "#harpy" }
			}
		}
	],
	"display": {
		"thirdperson_righthand": {
			"rotation":  [ 72, -2, 0 ],
			"translation":  [ 0, 2.0869, 0 ],
			"scale":  [ 0.5, 0.5, 0.5 ]
		},
		"thirdperson_lefthand": {
			"rotation":  [ 72, -2, 0 ],
			"translation":  [ 0, 2.0869, 0 ],
			"scale":  [ 0.5, 0.5, 0.5 ]
		},
		"gui": {
			"rotation":  [ 90, 0, 0 ],
			"scale":  [ 0.3, 0.3, 0.3 ]
		},
		"head": {
			"translation":  [ 5.5651, 15.999, 4.1745 ],
			"scale":  [ 4, 4, 4 ]
		},
		"ground": {
			"translation":  [ 0, 2.7826, 0 ],
			"scale":  [ 0.5, 0.5, 0.5 ]
		},
		"fixed": {
			"rotation":  [ -90, 0, 0 ],
			"translation":  [ 0.6956, 1.3913, -11.82 ]
		}
	}
}