{
	"__comment": "Cubik Studio - https://cubik.studio",
	"textures": {
		"harpy": "item/harpy"
	},
	"elements": [ 	 
		{
			"__comment": "Box1",
			"from": [ 8.625, 1.3125, 10.125 ],
			"to": [ 9.125, 1.8125, 13.125 ],
			"rotation": { "origin": [ 9.25, 1.8125, 10.125 ], "axis": "x", "angle": 45 },
			"faces": {
				"down": { "uv": [ 0.5, 14, 3, 14.5 ], "texture": "#harpy", "rotation": 270 },
				"up": { "uv": [ 0.5, 14, 3, 14.5 ], "texture": "#harpy", "rotation": 90 },
				"north": { "uv": [ 0.5, 14, 3, 14.5 ], "texture": "#harpy" },
				"south": { "uv": [ 0.5, 14, 3, 14.5 ], "texture": "#harpy" },
				"west": { "uv": [ 0.5, 14, 3, 14.5 ], "texture": "#harpy" },
				"east": { "uv": [ 0.5, 14, 3, 14.5 ], "texture": "#harpy" }
			}
		},
		{
			"__comment": "Box1",
			"from": [ 5.375, 0.25, 5 ],
			"to": [ 7.875, 2.25, 9.8 ],
			"rotation": { "origin": [ 9.25, 1.8125, 10.125 ], "axis": "x", "angle": 45 },
			"faces": {
				"down": { "uv": [ 6.5, 8.5, 7.5, 10.5 ], "texture": "#harpy", "rotation": 90 },
				"up": { "uv": [ 7.5, 8.5, 8.5, 10.5 ], "texture": "#harpy", "rotation": 90 },
				"north": { "uv": [ 10, 13, 11, 14 ], "texture": "#harpy" },
				"south": { "uv": [ 8.5, 10.5, 9.5, 11.5 ], "texture": "#harpy" },
				"west": { "uv": [ 6.5, 10.5, 8.5, 11.5 ], "texture": "#harpy" },
				"east": { "uv": [ 8.5, 10.5, 6.5, 11.5 ], "texture": "#harpy" }
			}
		},
		{
			"__comment": "PlaneY3",
			"from": [ 4.0624, 1.625, 5.125 ],
			"to": [ 9.0624, 1.626, 15.125 ],
			"rotation": { "origin": [ 9.25, 1.8125, 10.125 ], "axis": "x", "angle": 45 },
			"faces": {
				"down": { "uv": [ 5, 16, 10, 13.5 ], "texture": "#harpy", "rotation": 270 },
				"up": { "uv": [ 5, 13.5, 10, 16 ], "texture": "#harpy", "rotation": 90 }
			}
		},
		{
			"__comment": "Box1",
			"from": [ 5.625, 0.4375, 9.8 ],
			"to": [ 7.625, 1.8375, 11.5496 ],
			"rotation": { "origin": [ 9.25, 1.8125, 10.125 ], "axis": "x", "angle": 45 },
			"faces": {
				"down": { "uv": [ 15, 14.5, 16, 15 ], "texture": "#harpy", "rotation": 90 },
				"up": { "uv": [ 7.5, 8, 8.5, 8.5 ], "texture": "#harpy", "rotation": 90 },
				"north": { "uv": [ 15, 14, 16, 14.5 ], "texture": "#harpy" },
				"south": { "uv": [ 6.5, 8, 7.5, 8.5 ], "texture": "#harpy" },
				"west": { "uv": [ 10.5, 11.5, 11, 12 ], "texture": "#harpy" },
				"east": { "uv": [ 11, 11.5, 10.5, 12 ], "texture": "#harpy" }
			}
		},
		{
			"__comment": "Box5",
			"from": [ 7.2286, 5.6816, 4.5816 ],
			"to": [ 7.41085, 5.86385, 5.034406 ],
			"rotation": { "origin": [ 7.1375, 5.88, 4.9625 ], "axis": "x", "angle": -22.5 },
			"faces": {
				"down": { "uv": [ 13, 11, 13.5, 11.5 ], "texture": "#harpy" },
				"up": { "uv": [ 13, 11, 13.5, 11.5 ], "texture": "#harpy" },
				"north": { "uv": [ 13, 11, 13.5, 11.5 ], "texture": "#harpy" },
				"south": { "uv": [ 13, 11, 13.5, 11.5 ], "texture": "#harpy" },
				"west": { "uv": [ 13, 11, 13.5, 11.5 ], "texture": "#harpy" },
				"east": { "uv": [ 13, 11, 13.5, 11.5 ], "texture": "#harpy" }
			}
		},
		{
			"__comment": "Box5",
			"from": [ 5.5625, 4.6875, 4.375 ],
			"to": [ 7.3675, 6.04125, 5.819 ],
			"faces": {
				"down": { "uv": [ 13, 12, 13.5, 12.5 ], "texture": "#harpy" },
				"up": { "uv": [ 13.5, 12, 14, 12.5 ], "texture": "#harpy" },
				"north": { "uv": [ 14.5, 12, 15, 12.5 ], "texture": "#harpy" },
				"south": { "uv": [ 15, 12, 15.5, 12.5 ], "texture": "#harpy" },
				"west": { "uv": [ 15.5, 12, 16, 12.5 ], "texture": "#harpy" },
				"east": { "uv": [ 16, 12, 15.5, 12.5 ], "texture": "#harpy" }
			}
		},
		{
			"__comment": "Box5",
			"from": [ 5.8125, 4.805, 4.186 ],
			"to": [ 7.0475, 5.489, 4.47784 ],
			"faces": {
				"down": { "uv": [ 11.5, 11, 12, 11.5 ], "texture": "#harpy" },
				"up": { "uv": [ 11.5, 9.5, 12, 10 ], "texture": "#harpy" },
				"north": { "uv": [ 11.5, 9, 12, 9.5 ], "texture": "#harpy" },
				"south": { "uv": [ 11.5, 8.5, 12, 9 ], "texture": "#harpy" },
				"west": { "uv": [ 11.5, 8, 12, 8.5 ], "texture": "#harpy" },
				"east": { "uv": [ 12, 8, 11.5, 8.5 ], "texture": "#harpy" }
			}
		},
		{
			"__comment": "Box5",
			"from": [ 6.0822, 4.8287, 3.7103 ],
			"to": [ 6.834656, 5.453817, 3.95606 ],
			"faces": {
				"down": { "uv": [ 14, 11.5, 14.5, 12 ], "texture": "#harpy" },
				"up": { "uv": [ 14.5, 11.5, 15, 12 ], "texture": "#harpy" },
				"north": { "uv": [ 9.5, 9, 10, 9.5 ], "texture": "#harpy" },
				"south": { "uv": [ 9.5, 8.5, 10, 9 ], "texture": "#harpy" },
				"west": { "uv": [ 15.5, 15.5, 16, 16 ], "texture": "#harpy" },
				"east": { "uv": [ 16, 15.5, 15.5, 16 ], "texture": "#harpy" }
			}
		},
		{
			"__comment": "PlaneY3",
			"from": [ 4.0624, 1.5626, 4.9375 ],
			"to": [ 9.0624, 1.5636, 14.9375 ],
			"rotation": { "origin": [ 9.25, 1.8125, 10.125 ], "axis": "x", "angle": 45 },
			"faces": {
				"down": { "uv": [ 10, 16, 5, 13.5 ], "texture": "#harpy", "rotation": 90 },
				"up": { "uv": [ 10, 13.5, 5, 16 ], "texture": "#harpy", "rotation": 270 }
			}
		},
		{
			"__comment": "Box5",
			"from": [ 5.975, 4.8062, 3.93 ],
			"to": [ 6.95, 5.4812, 4.2372 ],
			"faces": {
				"down": { "uv": [ 15, 13.5, 15.5, 14 ], "texture": "#harpy" },
				"up": { "uv": [ 15.5, 13.5, 16, 14 ], "texture": "#harpy" },
				"north": { "uv": [ 15, 13, 15.5, 13.5 ], "texture": "#harpy" },
				"south": { "uv": [ 15.5, 13, 16, 13.5 ], "texture": "#harpy" },
				"west": { "uv": [ 13, 12.5, 13.5, 13 ], "texture": "#harpy" },
				"east": { "uv": [ 13.5, 12.5, 13, 13 ], "texture": "#harpy" }
			}
		},
		{
			"__comment": "Box12",
			"from": [ 7.25, -0.1875, 8.1875 ],
			"to": [ 7.75, 1.3725, 8.6875 ],
			"rotation": { "origin": [ 6.625, 0.4375, 7.125 ], "axis": "x", "angle": 0 },
			"faces": {
				"down": { "uv": [ 0, 9, 0.5, 9.5 ], "texture": "#harpy" },
				"up": { "uv": [ 10, 9, 10.5, 9.5 ], "texture": "#harpy" },
				"north": { "uv": [ 10, 9, 10.5, 9.5 ], "texture": "#harpy" },
				"south": { "uv": [ 10, 9, 10.5, 9.5 ], "texture": "#harpy" },
				"west": { "uv": [ 10, 9, 10.5, 9.5 ], "texture": "#harpy" },
				"east": { "uv": [ 10, 9, 10.5, 9.5 ], "texture": "#harpy" }
			}
		},
		{
			"__comment": "Box12",
			"from": [ 5.5, -0.1875, 8.1875 ],
			"to": [ 6, 1.3725, 8.6875 ],
			"rotation": { "origin": [ 6.625, 0.4375, 7.125 ], "axis": "x", "angle": 0 },
			"faces": {
				"down": { "uv": [ 0, 9, 0.5, 9.5 ], "texture": "#harpy" },
				"up": { "uv": [ 10, 9, 10.5, 9.5 ], "texture": "#harpy" },
				"north": { "uv": [ 10, 9, 10.5, 9.5 ], "texture": "#harpy" },
				"south": { "uv": [ 10, 9, 10.5, 9.5 ], "texture": "#harpy" },
				"west": { "uv": [ 10, 9, 10.5, 9.5 ], "texture": "#harpy" },
				"east": { "uv": [ 10, 9, 10.5, 9.5 ], "texture": "#harpy" }
			}
		},
		{
			"__comment": "PlaneY14",
			"from": [ 6.625, -0.3125, 6.875 ],
			"to": [ 8.375, -0.312, 9.375 ],
			"rotation": { "origin": [ 6.625, -0.3125, 6.875 ], "axis": "x", "angle": 0 },
			"faces": {
				"down": { "uv": [ 10, 13.5, 9.5, 12.5 ], "texture": "#harpy" },
				"up": { "uv": [ 10, 12.5, 9.5, 13.5 ], "texture": "#harpy" }
			}
		},
		{
			"__comment": "PlaneY14",
			"from": [ 4.8125, -0.3125, 6.875 ],
			"to": [ 6.5625, -0.312, 9.375 ],
			"rotation": { "origin": [ 6.625, -0.3125, 6.875 ], "axis": "x", "angle": 0 },
			"faces": {
				"down": { "uv": [ 9.5, 13.5, 10, 12.5 ], "texture": "#harpy" },
				"up": { "uv": [ 9.5, 12.5, 10, 13.5 ], "texture": "#harpy" }
			}
		},
		{
			"__comment": "Box5",
			"from": [ 6.2025, 4.8194, 3.4439 ],
			"to": [ 6.729, 5.345738, 3.7679 ],
			"faces": {
				"down": { "uv": [ 10.5, 10.5, 11, 11 ], "texture": "#harpy" },
				"up": { "uv": [ 10.5, 10, 11, 10.5 ], "texture": "#harpy" },
				"north": { "uv": [ 10.5, 9.5, 11, 10 ], "texture": "#harpy" },
				"south": { "uv": [ 10.5, 9, 11, 9.5 ], "texture": "#harpy" },
				"west": { "uv": [ 10.5, 8.5, 11, 9 ], "texture": "#harpy" },
				"east": { "uv": [ 11, 8.5, 10.5, 9 ], "texture": "#harpy" }
			}
		},
		{
			"__comment": "PlaneY3",
			"from": [ 5.7744, 0.3725, 10.4498 ],
			"to": [ 9.2744, 0.3735, 15.4498 ],
			"rotation": { "origin": [ 9.375, 1.0625, 10.25 ], "axis": "y", "angle": 0 },
			"faces": {
				"down": { "uv": [ 8, 13.5, 6.5, 11.5 ], "texture": "#harpy" },
				"up": { "uv": [ 8, 11.5, 6.5, 13.5 ], "texture": "#harpy" }
			}
		},
		{
			"__comment": "PlaneY3",
			"from": [ 5.25, 5.7405, 4.7637 ],
			"to": [ 7.75, 7.7405, 4.7647 ],
			"rotation": { "origin": [ 5.25, 5.625, 4.8125 ], "axis": "x", "angle": 45 },
			"faces": {
				"north": { "uv": [ 15.5, 16, 14.5, 15 ], "texture": "#harpy" },
				"south": { "uv": [ 14.5, 16, 15.5, 15 ], "texture": "#harpy" }
			}
		},
		{
			"__comment": "Box1",
			"from": [ 5.5, 5, 5 ],
			"to": [ 7.4, 6.425, 6.286062 ],
			"rotation": { "origin": [ 5.5, 5, 5 ], "axis": "x", "angle": 45 },
			"faces": {
				"down": { "uv": [ 11, 9.5, 11.5, 10 ], "texture": "#harpy", "rotation": 90 },
				"up": { "uv": [ 11, 9.5, 11.5, 10 ], "texture": "#harpy", "rotation": 90 },
				"north": { "uv": [ 11, 9, 11.5, 9.5 ], "texture": "#harpy" },
				"south": { "uv": [ 11, 8.5, 11.5, 9 ], "texture": "#harpy" },
				"west": { "uv": [ 11, 8, 11.5, 8.5 ], "texture": "#harpy" },
				"east": { "uv": [ 11.5, 8, 11, 8.5 ], "texture": "#harpy" }
			}
		},
		{
			"__comment": "Box1",
			"from": [ 8.2499, 1.3125, 5.125 ],
			"to": [ 9.2499, 1.8125, 10.125 ],
			"rotation": { "origin": [ 9.25, 1.8125, 10.125 ], "axis": "x", "angle": 45 },
			"faces": {
				"down": { "uv": [ 0.5, 14, 3, 14.5 ], "texture": "#harpy", "rotation": 270 },
				"up": { "uv": [ 0.5, 14, 3, 14.5 ], "texture": "#harpy", "rotation": 90 },
				"north": { "uv": [ 0.5, 14, 3, 14.5 ], "texture": "#harpy" },
				"south": { "uv": [ 0.5, 14, 3, 14.5 ], "texture": "#harpy" },
				"west": { "uv": [ 0.5, 14, 3, 14.5 ], "texture": "#harpy" },
				"east": { "uv": [ 0.5, 14, 3, 14.5 ], "texture": "#harpy" }
			}
		},
		{
			"__comment": "Box1",
			"from": [ 4, 1.3124, 5 ],
			"to": [ 5, 1.8124, 10 ],
			"rotation": { "origin": [ 9.25, 1.8125, 10.125 ], "axis": "x", "angle": 45 },
			"faces": {
				"down": { "uv": [ 0.5, 14, 3, 14.5 ], "texture": "#harpy", "rotation": 90 },
				"up": { "uv": [ 0.5, 14, 3, 14.5 ], "texture": "#harpy", "rotation": 270 },
				"north": { "uv": [ 0.5, 14, 3, 14.5 ], "texture": "#harpy" },
				"south": { "uv": [ 0.5, 14, 3, 14.5 ], "texture": "#harpy" },
				"west": { "uv": [ 0.5, 14, 3, 14.5 ], "texture": "#harpy" },
				"east": { "uv": [ 0.5, 14, 3, 14.5 ], "texture": "#harpy" }
			}
		},
		{
			"__comment": "Box1",
			"from": [ 4, 1.3125, 10 ],
			"to": [ 4.5, 1.8125, 13 ],
			"rotation": { "origin": [ 9.25, 1.8125, 10.125 ], "axis": "x", "angle": 45 },
			"faces": {
				"down": { "uv": [ 0.5, 14, 3, 14.5 ], "texture": "#harpy", "rotation": 90 },
				"up": { "uv": [ 0.5, 14, 3, 14.5 ], "texture": "#harpy", "rotation": 270 },
				"north": { "uv": [ 0.5, 14, 3, 14.5 ], "texture": "#harpy" },
				"south": { "uv": [ 0.5, 14, 3, 14.5 ], "texture": "#harpy" },
				"west": { "uv": [ 0.5, 14, 3, 14.5 ], "texture": "#harpy" },
				"east": { "uv": [ 0.5, 14, 3, 14.5 ], "texture": "#harpy" }
			}
		},
		{
			"__comment": "PlaneY3",
			"from": [ 3.9582, 0.4375, 10.5827 ],
			"to": [ 7.4582, 0.4385, 15.5827 ],
			"rotation": { "origin": [ 8.625, 1.0625, 8.5 ], "axis": "y", "angle": 0 },
			"faces": {
				"down": { "uv": [ 6.5, 13.5, 8, 11.5 ], "texture": "#harpy" },
				"up": { "uv": [ 6.5, 11.5, 8, 13.5 ], "texture": "#harpy" }
			}
		},
		{
			"__comment": "PlaneY3",
			"from": [ 5.25, 6.3321, 5.3418 ],
			"to": [ 7.75, 8.3321, 5.3428 ],
			"rotation": { "origin": [ 5.25, 5.625, 4.8125 ], "axis": "x", "angle": 45 },
			"faces": {
				"north": { "uv": [ 9.5, 10.5, 8.5, 9.5 ], "texture": "#harpy" },
				"south": { "uv": [ 8.5, 10.5, 9.5, 9.5 ], "texture": "#harpy" }
			}
		},
		{
			"__comment": "Box5",
			"from": [ 6.3398, 4.6143, 3.4008 ],
			"to": [ 6.574356, 4.937733, 3.581228 ],
			"faces": {
				"down": { "uv": [ 15, 11.5, 15.5, 12 ], "texture": "#harpy" },
				"up": { "uv": [ 15.5, 11.5, 16, 12 ], "texture": "#harpy" },
				"north": { "uv": [ 12, 11, 12.5, 11.5 ], "texture": "#harpy" },
				"south": { "uv": [ 12, 10.5, 12.5, 11 ], "texture": "#harpy" },
				"west": { "uv": [ 12, 10, 12.5, 10.5 ], "texture": "#harpy", "rotation": 270 },
				"east": { "uv": [ 12, 10, 12.5, 10.5 ], "texture": "#harpy", "rotation": 270 }
			}
		},
		{
			"__comment": "Box5",
			"from": [ 5.5286, 5.6816, 4.5816 ],
			"to": [ 5.71085, 5.86385, 5.034406 ],
			"rotation": { "origin": [ 5.4375, 5.88, 4.9625 ], "axis": "x", "angle": -22.5 },
			"faces": {
				"down": { "uv": [ 13, 11, 13.5, 11.5 ], "texture": "#harpy" },
				"up": { "uv": [ 13, 11, 13.5, 11.5 ], "texture": "#harpy" },
				"north": { "uv": [ 13, 11, 13.5, 11.5 ], "texture": "#harpy" },
				"south": { "uv": [ 13, 11, 13.5, 11.5 ], "texture": "#harpy" },
				"west": { "uv": [ 13, 11, 13.5, 11.5 ], "texture": "#harpy" },
				"east": { "uv": [ 13, 11, 13.5, 11.5 ], "texture": "#harpy" }
			}
		}
	],
	"display": {
		"thirdperson_righthand": {
			"rotation":  [ 72, -2, 0 ],
			"translation":  [ 0, 2.0869, 0 ],
			"scale":  [ 0.5, 0.5, 0.5 ]
		},
		"thirdperson_lefthand": {
			"rotation":  [ 72, -2, 0 ],
			"translation":  [ 0, 2.0869, 0 ],
			"scale":  [ 0.5, 0.5, 0.5 ]
		},
		"gui": {
			"rotation":  [ 90, 0, 0 ],
			"scale":  [ 0.3, 0.3, 0.3 ]
		},
		"head": {
			"translation":  [ 5.5651, -8.348, 2.0885 ],
			"scale":  [ 4, 4, 4 ]
		},
		"ground": {
			"translation":  [ 0, 2.7826, 0 ],
			"scale":  [ 0.5, 0.5, 0.5 ]
		},
		"fixed": {
			"rotation":  [ -90, 0, 0 ],
			"translation":  [ 0.6956, 1.3913, -11.82 ]
		}
	}
}