{
	"__comment": "Cubik Studio - https://cubik.studio",
	"textures": {
		"grasshopper": "item/grasshopper"
	},
	"elements": [ 	 
		{
			"__comment": "Box1",
			"from": [ 8.25, 0.3, 6.5 ],
			"to": [ 9.3435, 0.5952449, 6.795245 ],
			"faces": {
				"down": { "uv": [ 0, 7, 1, 8 ], "texture": "#grasshopper", "rotation": 180 },
				"up": { "uv": [ 0, 6, 1, 7 ], "texture": "#grasshopper", "rotation": 180 },
				"north": { "uv": [ 0, 5, 1, 6 ], "texture": "#grasshopper", "rotation": 180 },
				"south": { "uv": [ 0, 4, 1, 5 ], "texture": "#grasshopper", "rotation": 180 },
				"west": { "uv": [ 0, 3, 1, 4 ], "texture": "#grasshopper" },
				"east": { "uv": [ 0, 2, 1, 3 ], "texture": "#grasshopper" }
			}
		},
		{
			"__comment": "Box1",
			"from": [ 8.606999, 0.2361, 4.1935 ],
			"to": [ 8.99997, 0.6290714, 6.1618 ],
			"rotation": { "origin": [ 9, 1.25, 4.125 ], "axis": "x", "angle": -22.5 },
			"faces": {
				"down": { "uv": [ 2, 14, 3, 15 ], "texture": "#grasshopper", "rotation": 90 },
				"up": { "uv": [ 2, 15, 1, 14 ], "texture": "#grasshopper", "rotation": 270 },
				"north": { "uv": [ 1, 2, 0, 1 ], "texture": "#grasshopper", "rotation": 90 },
				"south": { "uv": [ 0, 0, 1, 1 ], "texture": "#grasshopper", "rotation": 270 },
				"west": { "uv": [ 3, 14, 4, 15 ], "texture": "#grasshopper", "rotation": 180 },
				"east": { "uv": [ 4, 14, 5, 15 ], "texture": "#grasshopper", "rotation": 180 }
			}
		},
		{
			"__comment": "Box1",
			"from": [ 8.778399, -0.2403, 8.2476 ],
			"to": [ 8.952738, -0.06596142, 8.942083 ],
			"rotation": { "origin": [ 7.25, 1.5, 8.375 ], "axis": "x", "angle": 22.5 },
			"faces": {
				"down": { "uv": [ 5, 14, 6, 15 ], "texture": "#grasshopper", "rotation": 90 },
				"up": { "uv": [ 6, 14, 7, 15 ], "texture": "#grasshopper", "rotation": 90 },
				"north": { "uv": [ 7, 14, 8, 15 ], "texture": "#grasshopper", "rotation": 90 },
				"south": { "uv": [ 8, 14, 9, 15 ], "texture": "#grasshopper", "rotation": 90 },
				"west": { "uv": [ 9, 14, 10, 15 ], "texture": "#grasshopper" },
				"east": { "uv": [ 10, 14, 11, 15 ], "texture": "#grasshopper", "rotation": 180 }
			}
		},
		{
			"__comment": "Box1",
			"from": [ 8.6797, -1.8292, 7.2126 ],
			"to": [ 8.918849, 0.1563293, 7.451746 ],
			"rotation": { "origin": [ 9, -0.5, 5.375 ], "axis": "x", "angle": -45 },
			"faces": {
				"down": { "uv": [ 1, 12, 2, 13 ], "texture": "#grasshopper", "rotation": 90 },
				"up": { "uv": [ 1, 11, 2, 12 ], "texture": "#grasshopper", "rotation": 90 },
				"north": { "uv": [ 1, 10, 2, 11 ], "texture": "#grasshopper", "rotation": 90 },
				"south": { "uv": [ 1, 9, 2, 10 ], "texture": "#grasshopper", "rotation": 90 },
				"west": { "uv": [ 1, 8, 2, 9 ], "texture": "#grasshopper", "rotation": 90 },
				"east": { "uv": [ 1, 7, 2, 8 ], "texture": "#grasshopper", "rotation": 90 }
			}
		},
		{
			"__comment": "Box1",
			"from": [ 9.1971, 0.3137, 6.561 ],
			"to": [ 9.412333, 0.5289328, 7.949966 ],
			"rotation": { "origin": [ 6.375, 0.425, 6.75 ], "axis": "x", "angle": 22.5 },
			"faces": {
				"down": { "uv": [ 5, 2, 4, 1 ], "texture": "#grasshopper", "rotation": 90 },
				"up": { "uv": [ 4, 1, 5, 2 ], "texture": "#grasshopper", "rotation": 90 },
				"north": { "uv": [ 6, 13, 5, 12 ], "texture": "#grasshopper", "rotation": 90 },
				"south": { "uv": [ 4, 12, 5, 13 ], "texture": "#grasshopper", "rotation": 90 },
				"west": { "uv": [ 4, 1, 5, 2 ], "texture": "#grasshopper" },
				"east": { "uv": [ 4, 1, 5, 2 ], "texture": "#grasshopper", "rotation": 180 }
			}
		},
		{
			"__comment": "Box1",
			"from": [ 8.231999, 0.5101, 4.4838 ],
			"to": [ 8.62497, 0.903071, 6.4521 ],
			"rotation": { "origin": [ 8.25, 0.375, 6.625 ], "axis": "x", "angle": -22.5 },
			"faces": {
				"down": { "uv": [ 13, 12, 14, 13 ], "texture": "#grasshopper", "rotation": 90 },
				"up": { "uv": [ 13, 13, 12, 12 ], "texture": "#grasshopper", "rotation": 270 },
				"north": { "uv": [ 11, 13, 10, 12 ], "texture": "#grasshopper", "rotation": 90 },
				"south": { "uv": [ 11, 12, 12, 13 ], "texture": "#grasshopper", "rotation": 270 },
				"west": { "uv": [ 4, 15, 5, 14 ], "texture": "#grasshopper" },
				"east": { "uv": [ 15, 12, 16, 13 ], "texture": "#grasshopper", "rotation": 180 }
			}
		},
		{
			"__comment": "Box1",
			"from": [ 8.3047, 0.0876, 6.2186 ],
			"to": [ 8.543849, 0.326748, 8.204129 ],
			"rotation": { "origin": [ 8.25, 0.375, 6.625 ], "axis": "x", "angle": 45 },
			"faces": {
				"down": { "uv": [ 2, 8, 1, 7 ], "texture": "#grasshopper", "rotation": 90 },
				"up": { "uv": [ 1, 7, 2, 8 ], "texture": "#grasshopper", "rotation": 90 },
				"north": { "uv": [ 4, 11, 3, 10 ], "texture": "#grasshopper", "rotation": 90 },
				"south": { "uv": [ 3, 11, 4, 12 ], "texture": "#grasshopper", "rotation": 90 },
				"west": { "uv": [ 1, 7, 2, 8 ], "texture": "#grasshopper" },
				"east": { "uv": [ 1, 7, 2, 8 ], "texture": "#grasshopper", "rotation": 180 }
			}
		},
		{
			"__comment": "Box1",
			"from": [ 8.3084, -0.9651999, 8.155499 ],
			"to": [ 8.482738, -0.7908614, 8.849983 ],
			"rotation": { "origin": [ 8.25, 0.75, 8.375 ], "axis": "x", "angle": 22.5 },
			"faces": {
				"down": { "uv": [ 7, 14, 8, 15 ], "texture": "#grasshopper", "rotation": 90 },
				"up": { "uv": [ 7, 14, 8, 15 ], "texture": "#grasshopper", "rotation": 90 },
				"north": { "uv": [ 7, 14, 8, 15 ], "texture": "#grasshopper", "rotation": 90 },
				"south": { "uv": [ 7, 14, 8, 15 ], "texture": "#grasshopper", "rotation": 90 },
				"west": { "uv": [ 7, 14, 8, 15 ], "texture": "#grasshopper", "rotation": 90 },
				"east": { "uv": [ 7, 14, 8, 15 ], "texture": "#grasshopper", "rotation": 90 }
			}
		},
		{
			"__comment": "Box1",
			"from": [ 8, -0.325, 5.5 ],
			"to": [ 9.0935, -0.02975512, 5.795245 ],
			"faces": {
				"down": { "uv": [ 4, 11, 5, 12 ], "texture": "#grasshopper", "rotation": 180 },
				"up": { "uv": [ 5, 11, 6, 12 ], "texture": "#grasshopper", "rotation": 180 },
				"north": { "uv": [ 6, 11, 7, 12 ], "texture": "#grasshopper", "rotation": 180 },
				"south": { "uv": [ 7, 11, 8, 12 ], "texture": "#grasshopper", "rotation": 180 },
				"west": { "uv": [ 8, 11, 9, 12 ], "texture": "#grasshopper" },
				"east": { "uv": [ 9, 11, 10, 12 ], "texture": "#grasshopper" }
			}
		},
		{
			"__comment": "Box1",
			"from": [ 7.9471, -0.3113, 5.561 ],
			"to": [ 8.162333, -0.09606716, 6.949966 ],
			"rotation": { "origin": [ 7.875, -0.2, 5.75 ], "axis": "x", "angle": 22.5 },
			"faces": {
				"down": { "uv": [ 5, 2, 4, 1 ], "texture": "#grasshopper", "rotation": 90 },
				"up": { "uv": [ 4, 1, 5, 2 ], "texture": "#grasshopper", "rotation": 90 },
				"north": { "uv": [ 12, 12, 11, 11 ], "texture": "#grasshopper", "rotation": 90 },
				"south": { "uv": [ 10, 11, 11, 12 ], "texture": "#grasshopper", "rotation": 90 },
				"west": { "uv": [ 4, 1, 5, 2 ], "texture": "#grasshopper" },
				"east": { "uv": [ 4, 1, 5, 2 ], "texture": "#grasshopper", "rotation": 180 }
			}
		}
	],
	"display": {
		"thirdperson_righthand": {
			"rotation":  [ 72, -2, 0 ],
			"translation":  [ -0.695, 2.0882, 16.695 ],
			"scale":  [ 2, 2, 2 ]
		},
		"thirdperson_lefthand": {
			"rotation":  [ 72, -2, 0 ],
			"translation":  [ 1.3912, 2.0882, 16.695 ],
			"scale":  [ 2, 2, 2 ]
		},
		"firstperson_righthand": {
			"translation":  [ 7.6517, 13.912, -6.26 ],
			"scale":  [ 2, 2, 2 ]
		},
		"firstperson_lefthand": {
			"rotation":  [ 0, 5, 0 ],
			"translation":  [ 10.434, 13.912, -4.173 ],
			"scale":  [ 2, 2, 2 ]
		},
		"gui": {
			"rotation":  [ 92, 53, -53 ],
			"translation":  [ 14.607, 9.7393, 0 ],
			"scale":  [ 3, 3, 3 ]
		},
		"head": {
			"translation":  [ 0, -20.16, 0 ],
			"scale":  [ 3, 3, 3 ]
		},
		"ground": {
			"translation":  [ -2.087, 10.434, 8.3478 ],
			"scale":  [ 2, 2, 2 ]
		},
		"fixed": {
			"rotation":  [ -90, 0, 0 ],
			"translation":  [ -4.869, 4.8694, -35.47 ],
			"scale":  [ 4, 4, 4 ]
		}
	}
}