{
	"__comment": "Cubik Studio - https://cubik.studio",
	"textures": {
		"kingfisher": "item/kingfisher"
	},
	"elements": [ 	 
		{
			"__comment": "Box1",
			"from": [ 8, 0.7104, 6.4326 ],
			"to": [ 9.5, 2.2104, 8.4326 ],
			"rotation": { "origin": [ 8, 0.75, 5.875 ], "axis": "x", "angle": 0 },
			"faces": {
				"down": { "uv": [ 5, 12, 6, 14 ], "texture": "#kingfisher" },
				"up": { "uv": [ 5, 14, 6, 16 ], "texture": "#kingfisher" },
				"north": { "uv": [ 10, 13, 11, 14 ], "texture": "#kingfisher" },
				"south": { "uv": [ 10, 8, 11, 9 ], "texture": "#kingfisher" },
				"west": { "uv": [ 6, 15, 8, 16 ], "texture": "#kingfisher" },
				"east": { "uv": [ 8, 15, 6, 16 ], "texture": "#kingfisher" }
			}
		},
		{
			"__comment": "PlaneY4",
			"from": [ 8.7471, 1.6725, 8.1947 ],
			"to": [ 10.7471, 1.6735, 10.1947 ],
			"rotation": { "origin": [ 8, 0.75, 5.875 ], "axis": "x", "angle": 0 },
			"faces": {
				"down": { "uv": [ 5, 14, 3, 12 ], "texture": "#kingfisher" },
				"up": { "uv": [ 5, 12, 3, 14 ], "texture": "#kingfisher" }
			}
		},
		{
			"__comment": "PlaneY4",
			"from": [ 9.125, 1.5, 6.75 ],
			"to": [ 9.126, 5, 8.75 ],
			"rotation": { "origin": [ 10.25, 1, 8.25 ], "axis": "z", "angle": -22.5 },
			"faces": {
				"west": { "uv": [ 0, 8, 3, 10 ], "texture": "#kingfisher", "rotation": 90 },
				"east": { "uv": [ 0, 10, 3, 8 ], "texture": "#kingfisher", "rotation": 90 }
			}
		},
		{
			"__comment": "Box1",
			"from": [ 8.125, 1.25, 5.375 ],
			"to": [ 9.325, 2.45, 6.575 ],
			"faces": {
				"down": { "uv": [ 11, 12, 12, 13 ], "texture": "#kingfisher" },
				"up": { "uv": [ 12, 12, 13, 13 ], "texture": "#kingfisher" },
				"north": { "uv": [ 5, 8, 6, 9 ], "texture": "#kingfisher" },
				"south": { "uv": [ 6, 11.5, 7, 12.5 ], "texture": "#kingfisher" },
				"west": { "uv": [ 7, 11.5, 8, 12.5 ], "texture": "#kingfisher" },
				"east": { "uv": [ 8, 11.5, 7, 12.5 ], "texture": "#kingfisher" }
			}
		},
		{
			"__comment": "Box1",
			"from": [ 9.01, 2.419, 6.5001 ],
			"to": [ 9.262, 3.75, 6.76582 ],
			"rotation": { "origin": [ 10.25, 1, 8.25 ], "axis": "z", "angle": -22.5 },
			"faces": {
				"down": { "uv": [ 15, 15, 14, 14 ], "texture": "#kingfisher", "rotation": 180 },
				"up": { "uv": [ 14, 14, 15, 15 ], "texture": "#kingfisher" },
				"north": { "uv": [ 15, 15, 14, 14 ], "texture": "#kingfisher" },
				"south": { "uv": [ 15, 15, 14, 14 ], "texture": "#kingfisher", "rotation": 180 },
				"west": { "uv": [ 15, 15, 14, 14 ], "texture": "#kingfisher", "rotation": 90 },
				"east": { "uv": [ 14, 14, 15, 15 ], "texture": "#kingfisher", "rotation": 90 }
			}
		},
		{
			"__comment": "Box1",
			"from": [ 9, 1.5, 6.5 ],
			"to": [ 9.28, 2.5, 6.905 ],
			"rotation": { "origin": [ 10.25, 1, 8.25 ], "axis": "z", "angle": -22.5 },
			"faces": {
				"down": { "uv": [ 15, 15, 14, 14 ], "texture": "#kingfisher", "rotation": 180 },
				"up": { "uv": [ 14, 14, 15, 15 ], "texture": "#kingfisher" },
				"north": { "uv": [ 15, 15, 14, 14 ], "texture": "#kingfisher" },
				"south": { "uv": [ 15, 15, 14, 14 ], "texture": "#kingfisher", "rotation": 180 },
				"west": { "uv": [ 15, 15, 14, 14 ], "texture": "#kingfisher", "rotation": 90 },
				"east": { "uv": [ 14, 14, 15, 15 ], "texture": "#kingfisher", "rotation": 90 }
			}
		},
		{
			"__comment": "PlaneY4",
			"from": [ 6.7922, 1.6625, 8.1287 ],
			"to": [ 8.7922, 1.6635, 10.1287 ],
			"rotation": { "origin": [ 8, 0.75, 5.875 ], "axis": "x", "angle": 0 },
			"faces": {
				"down": { "uv": [ 3, 14, 5, 12 ], "texture": "#kingfisher" },
				"up": { "uv": [ 3, 12, 5, 14 ], "texture": "#kingfisher" }
			}
		},
		{
			"__comment": "PlaneY4",
			"from": [ 8.25, 1.25, 6.7499 ],
			"to": [ 8.251, 4.75, 8.7499 ],
			"rotation": { "origin": [ 7.125, 0.875, 6.875 ], "axis": "z", "angle": 22.5 },
			"faces": {
				"west": { "uv": [ 3, 10, 0, 8 ], "texture": "#kingfisher", "rotation": 270 },
				"east": { "uv": [ 3, 8, 0, 10 ], "texture": "#kingfisher", "rotation": 270 }
			}
		},
		{
			"__comment": "Box1",
			"from": [ 9.2084, 0.25, 7.97 ],
			"to": [ 9.44168, 0.9114999, 8.194 ],
			"rotation": { "origin": [ 8.0334, 0.25, 7.969999 ], "axis": "x", "angle": -45 },
			"faces": {
				"down": { "uv": [ 15, 13, 16, 14 ], "texture": "#kingfisher", "rotation": 90 },
				"up": { "uv": [ 15, 13, 16, 14 ], "texture": "#kingfisher", "rotation": 90 },
				"north": { "uv": [ 15, 13, 16, 14 ], "texture": "#kingfisher", "rotation": 90 },
				"south": { "uv": [ 15, 13, 16, 14 ], "texture": "#kingfisher", "rotation": 90 },
				"west": { "uv": [ 15, 13, 16, 14 ], "texture": "#kingfisher", "rotation": 90 },
				"east": { "uv": [ 15, 13, 16, 14 ], "texture": "#kingfisher", "rotation": 90 }
			}
		},
		{
			"__comment": "Box1",
			"from": [ 8.135, 2.294, 6.4999 ],
			"to": [ 8.387, 3.625, 6.76562 ],
			"rotation": { "origin": [ 7.125, 0.875, 6.875 ], "axis": "z", "angle": 22.5 },
			"faces": {
				"down": { "uv": [ 14, 14, 15, 15 ], "texture": "#kingfisher", "rotation": 180 },
				"up": { "uv": [ 15, 15, 14, 14 ], "texture": "#kingfisher" },
				"north": { "uv": [ 15, 15, 14, 14 ], "texture": "#kingfisher", "rotation": 180 },
				"south": { "uv": [ 15, 15, 14, 14 ], "texture": "#kingfisher" },
				"west": { "uv": [ 15, 15, 14, 14 ], "texture": "#kingfisher", "rotation": 270 },
				"east": { "uv": [ 14, 14, 15, 15 ], "texture": "#kingfisher", "rotation": 270 }
			}
		},
		{
			"__comment": "Box1",
			"from": [ 8.125, 1.375, 6.5 ],
			"to": [ 8.405, 2.375, 6.905 ],
			"rotation": { "origin": [ 7.125, 0.875, 6.875 ], "axis": "z", "angle": 22.5 },
			"faces": {
				"down": { "uv": [ 14, 14, 15, 15 ], "texture": "#kingfisher", "rotation": 180 },
				"up": { "uv": [ 15, 15, 14, 14 ], "texture": "#kingfisher" },
				"north": { "uv": [ 15, 15, 14, 14 ], "texture": "#kingfisher", "rotation": 180 },
				"south": { "uv": [ 15, 15, 14, 14 ], "texture": "#kingfisher" },
				"west": { "uv": [ 15, 15, 14, 14 ], "texture": "#kingfisher", "rotation": 270 },
				"east": { "uv": [ 14, 14, 15, 15 ], "texture": "#kingfisher", "rotation": 270 }
			}
		},
		{
			"__comment": "Box1",
			"from": [ 8.5934, 1.625, 4.25 ],
			"to": [ 8.879197, 1.899428, 4.79028 ],
			"faces": {
				"down": { "uv": [ 9, 10, 10, 11 ], "texture": "#kingfisher", "rotation": 270 },
				"up": { "uv": [ 9, 9, 10, 10 ], "texture": "#kingfisher", "rotation": 90 },
				"north": { "uv": [ 9, 8, 10, 9 ], "texture": "#kingfisher" },
				"south": { "uv": [ 10, 9, 11, 10 ], "texture": "#kingfisher" },
				"west": { "uv": [ 11, 13, 12, 14 ], "texture": "#kingfisher" },
				"east": { "uv": [ 12, 13, 13, 14 ], "texture": "#kingfisher" }
			}
		},
		{
			"__comment": "Box1",
			"from": [ 8.0334, 0.25, 7.97 ],
			"to": [ 8.26668, 0.9114999, 8.194 ],
			"rotation": { "origin": [ 8.0334, 0.25, 7.969999 ], "axis": "x", "angle": -45 },
			"faces": {
				"down": { "uv": [ 15, 13, 16, 14 ], "texture": "#kingfisher", "rotation": 90 },
				"up": { "uv": [ 15, 13, 16, 14 ], "texture": "#kingfisher", "rotation": 90 },
				"north": { "uv": [ 15, 13, 16, 14 ], "texture": "#kingfisher", "rotation": 90 },
				"south": { "uv": [ 15, 13, 16, 14 ], "texture": "#kingfisher", "rotation": 90 },
				"west": { "uv": [ 15, 13, 16, 14 ], "texture": "#kingfisher", "rotation": 90 },
				"east": { "uv": [ 15, 13, 16, 14 ], "texture": "#kingfisher", "rotation": 90 }
			}
		},
		{
			"__comment": "PlaneY15",
			"from": [ 8.75, -0.47, 8.094 ],
			"to": [ 9.75, 1.03, 8.095 ],
			"rotation": { "origin": [ 8.0334, 0.25, 8.094999 ], "axis": "x", "angle": -22.5 },
			"faces": {
				"north": { "uv": [ 6, 10.5, 5, 9 ], "texture": "#kingfisher" },
				"south": { "uv": [ 5, 10.5, 6, 9 ], "texture": "#kingfisher" }
			}
		},
		{
			"__comment": "PlaneY15",
			"from": [ 7.75, -0.47, 8.094 ],
			"to": [ 8.75, 1.03, 8.095 ],
			"rotation": { "origin": [ 8.0334, 0.25, 8.094999 ], "axis": "x", "angle": -22.5 },
			"faces": {
				"north": { "uv": [ 8, 14, 7, 12.5 ], "texture": "#kingfisher" },
				"south": { "uv": [ 7, 14, 8, 12.5 ], "texture": "#kingfisher" }
			}
		},
		{
			"__comment": "Box1",
			"from": [ 8.5834, 1.625, 4.75 ],
			"to": [ 8.936236, 1.9638, 5.417013 ],
			"faces": {
				"down": { "uv": [ 13, 12, 14, 13 ], "texture": "#kingfisher", "rotation": 270 },
				"up": { "uv": [ 14, 12, 15, 13 ], "texture": "#kingfisher", "rotation": 90 },
				"north": { "uv": [ 15, 12, 16, 13 ], "texture": "#kingfisher" },
				"south": { "uv": [ 11, 11, 12, 12 ], "texture": "#kingfisher" },
				"west": { "uv": [ 11, 10, 12, 11 ], "texture": "#kingfisher" },
				"east": { "uv": [ 11, 9, 12, 10 ], "texture": "#kingfisher" }
			}
		}
	],
	"display": {
		"thirdperson_righthand": {
			"rotation":  [ 90, 0, 0 ],
			"translation":  [ 0, -0.694, 6.9565 ]
		},
		"thirdperson_lefthand": {
			"rotation":  [ 90, 0, 0 ],
			"translation":  [ 0, -0.694, 6.9565 ]
		},
		"firstperson_righthand": {
			"translation":  [ 0, 11.826, 0 ],
			"scale":  [ 1.5, 1.5, 1.5 ]
		},
		"firstperson_lefthand": {
			"translation":  [ 2.7826, 11.826, 0 ],
			"scale":  [ 1.5, 1.5, 1.5 ]
		},
		"gui": {
			"rotation":  [ 0, 130, 0 ],
			"translation":  [ 1.3913, 6.2608, 1.3913 ]
		},
		"head": {
			"translation":  [ -2.086, 3.483, 0.6969 ],
			"scale":  [ 2.7, 2.7, 2.7 ]
		},
		"ground": {
			"translation":  [ 0, 5.5652, 0 ]
		},
		"fixed": {
			"rotation":  [ -90, 0, 0 ],
			"translation":  [ -2.086, -0.695, -20.86 ],
			"scale":  [ 2.5, 2.5, 2.5 ]
		}
	}
}