{
	"__comment": "Cubik Studio - https://cubik.studio",
	"textures": {
		"kiwi": "item/kiwi"
	},
	"elements": [ 	 
		{
			"__comment": "Box1",
			"from": [ 7.75, 0.5727, 7.1779 ],
			"to": [ 9.73, 2.5527, 10.0579 ],
			"faces": {
				"down": { "uv": [ 1, 10, 2, 8 ], "texture": "#kiwi" },
				"up": { "uv": [ 1, 8, 2, 10 ], "texture": "#kiwi" },
				"north": { "uv": [ 4, 14, 5, 15 ], "texture": "#kiwi" },
				"south": { "uv": [ 4, 14, 5, 15 ], "texture": "#kiwi" },
				"west": { "uv": [ 2, 9, 4, 10 ], "texture": "#kiwi" },
				"east": { "uv": [ 4, 9, 2, 10 ], "texture": "#kiwi" }
			}
		},
		{
			"__comment": "Box1",
			"from": [ 8.16, 0.632, 6.303 ],
			"to": [ 9.24, 2.072, 7.383 ],
			"rotation": { "origin": [ 8.160002, 2, 6.375 ], "axis": "x", "angle": -45 },
			"faces": {
				"down": { "uv": [ 4, 13, 5, 14 ], "texture": "#kiwi" },
				"up": { "uv": [ 4, 12, 5, 13 ], "texture": "#kiwi" },
				"north": { "uv": [ 4, 10, 5, 11 ], "texture": "#kiwi" },
				"south": { "uv": [ 4, 10, 5, 11 ], "texture": "#kiwi" },
				"west": { "uv": [ 4, 9, 5, 10 ], "texture": "#kiwi", "rotation": 90 },
				"east": { "uv": [ 4, 9, 5, 10 ], "texture": "#kiwi", "rotation": 90 }
			}
		},
		{
			"__comment": "Box1",
			"from": [ 9.2514, -0.5, 7.47 ],
			"to": [ 9.592945, 0.7383279, 7.797958 ],
			"rotation": { "origin": [ 9.251443, -0.5, 7.469999 ], "axis": "x", "angle": 22.5 },
			"faces": {
				"down": { "uv": [ 6, 11, 7, 12 ], "texture": "#kiwi", "rotation": 90 },
				"up": { "uv": [ 6, 10, 7, 11 ], "texture": "#kiwi", "rotation": 90 },
				"north": { "uv": [ 10, 14, 11, 15 ], "texture": "#kiwi", "rotation": 90 },
				"south": { "uv": [ 10, 14, 11, 15 ], "texture": "#kiwi", "rotation": 90 },
				"west": { "uv": [ 10, 14, 11, 15 ], "texture": "#kiwi", "rotation": 90 },
				"east": { "uv": [ 10, 14, 11, 15 ], "texture": "#kiwi", "rotation": 90 }
			}
		},
		{
			"__comment": "Box1",
			"from": [ 8.568399, 2.375, 4.375 ],
			"to": [ 8.854197, 2.649428, 5.159486 ],
			"faces": {
				"down": { "uv": [ 15, 15, 16, 16 ], "texture": "#kiwi", "rotation": 90 },
				"up": { "uv": [ 15, 15, 16, 16 ], "texture": "#kiwi", "rotation": 90 },
				"north": { "uv": [ 8, 14, 9, 15 ], "texture": "#kiwi" },
				"south": { "uv": [ 8, 13, 9, 14 ], "texture": "#kiwi" },
				"west": { "uv": [ 8, 12, 9, 13 ], "texture": "#kiwi" },
				"east": { "uv": [ 8, 12, 9, 13 ], "texture": "#kiwi" }
			}
		},
		{
			"__comment": "Box1",
			"from": [ 7.7734, -0.625, 9.344999 ],
			"to": [ 8.114945, 0.6133279, 9.672957 ],
			"rotation": { "origin": [ 7.7734, -0.625, 9.344999 ], "axis": "x", "angle": -22.5 },
			"faces": {
				"down": { "uv": [ 8, 10, 9, 11 ], "texture": "#kiwi", "rotation": 90 },
				"up": { "uv": [ 8, 9, 9, 10 ], "texture": "#kiwi", "rotation": 90 },
				"north": { "uv": [ 10, 14, 11, 15 ], "texture": "#kiwi", "rotation": 90 },
				"south": { "uv": [ 10, 14, 11, 15 ], "texture": "#kiwi", "rotation": 90 },
				"west": { "uv": [ 10, 14, 11, 15 ], "texture": "#kiwi", "rotation": 90 },
				"east": { "uv": [ 10, 14, 11, 15 ], "texture": "#kiwi", "rotation": 90 }
			}
		},
		{
			"__comment": "PlaneY15",
			"from": [ 8.8477, -0.6155, 6.0754 ],
			"to": [ 9.947701, -0.6144996, 7.7254 ],
			"rotation": { "origin": [ 9.251443, -0.625, 7.469999 ], "axis": "x", "angle": 0 },
			"faces": {
				"down": { "uv": [ 16, 15, 15, 14 ], "texture": "#kiwi" },
				"up": { "uv": [ 16, 14, 15, 15 ], "texture": "#kiwi" }
			}
		},
		{
			"__comment": "PlaneY15",
			"from": [ 7.3902, -0.7405, 8.075399 ],
			"to": [ 8.4902, -0.7394996, 9.725399 ],
			"faces": {
				"down": { "uv": [ 15, 15, 16, 14 ], "texture": "#kiwi" },
				"up": { "uv": [ 15, 14, 16, 15 ], "texture": "#kiwi" }
			}
		},
		{
			"__comment": "Box1",
			"from": [ 8.5584, 2.375, 5.125 ],
			"to": [ 8.911237, 2.7138, 5.792013 ],
			"faces": {
				"down": { "uv": [ 9, 12, 10, 13 ], "texture": "#kiwi", "rotation": 90 },
				"up": { "uv": [ 9, 12, 10, 13 ], "texture": "#kiwi", "rotation": 90 },
				"north": { "uv": [ 9, 11, 10, 12 ], "texture": "#kiwi" },
				"south": { "uv": [ 9, 10, 10, 11 ], "texture": "#kiwi" },
				"west": { "uv": [ 9, 9, 10, 10 ], "texture": "#kiwi" },
				"east": { "uv": [ 9, 9, 10, 10 ], "texture": "#kiwi" }
			}
		},
		{
			"__comment": "Box1",
			"from": [ 8.099999, 2, 5.75 ],
			"to": [ 9.299999, 3.2, 7.19 ],
			"faces": {
				"down": { "uv": [ 11, 13, 12, 14 ], "texture": "#kiwi" },
				"up": { "uv": [ 11, 13, 12, 14 ], "texture": "#kiwi" },
				"north": { "uv": [ 12, 13, 13, 14 ], "texture": "#kiwi" },
				"south": { "uv": [ 13, 13, 14, 14 ], "texture": "#kiwi" },
				"west": { "uv": [ 14, 13, 15, 14 ], "texture": "#kiwi" },
				"east": { "uv": [ 15, 13, 14, 14 ], "texture": "#kiwi" }
			}
		}
	],
	"display": {
		"thirdperson_righthand": {
			"rotation":  [ 90, 0, 0 ],
			"translation":  [ 0, -0.694, 6.9565 ]
		},
		"thirdperson_lefthand": {
			"rotation":  [ 90, 0, 0 ],
			"translation":  [ 0, -0.694, 6.9565 ]
		},
		"firstperson_righthand": {
			"translation":  [ 0, 11.826, 0 ],
			"scale":  [ 1.5, 1.5, 1.5 ]
		},
		"firstperson_lefthand": {
			"translation":  [ 2.7826, 11.826, 0 ],
			"scale":  [ 1.5, 1.5, 1.5 ]
		},
		"gui": {
			"rotation":  [ 0, 130, 0 ],
			"translation":  [ 1.3913, 6.2608, 1.3913 ]
		},
		"head": {
			"translation":  [ -2.781, -11.11, -2.78 ],
			"scale":  [ 3.5, 3.5, 3.5 ]
		},
		"ground": {
			"translation":  [ 0, 5.5652, 0 ]
		},
		"fixed": {
			"rotation":  [ -90, 0, 0 ],
			"translation":  [ -2.086, -0.695, -20.86 ],
			"scale":  [ 2.5, 2.5, 2.5 ]
		}
	}
}