{
	"__comment": "Cubik Studio - https://cubik.studio",
	"textures": {
		"ladybug": "item/ladybug"
	},
	"elements": [ 	 
		{
			"__comment": "Box1",
			"from": [ 6.25, 0, 3.125 ],
			"to": [ 9.25, 1, 4.625 ],
			"faces": {
				"down": { "uv": [ 4, 7, 7, 8 ], "texture": "#ladybug" },
				"up": { "uv": [ 4, 6, 7, 7 ], "texture": "#ladybug" },
				"north": { "uv": [ 4, 5, 7, 6 ], "texture": "#ladybug" },
				"south": { "uv": [ 4, 4, 7, 5 ], "texture": "#ladybug" },
				"west": { "uv": [ 5, 3, 6, 4 ], "texture": "#ladybug" },
				"east": { "uv": [ 4, 3, 5, 4 ], "texture": "#ladybug" }
			}
		},
		{
			"__comment": "Box1",
			"from": [ 5.75, 0, 4.625 ],
			"to": [ 9.75, 1, 8.625 ],
			"faces": {
				"down": { "uv": [ 0, 12, 4, 16 ], "texture": "#ladybug" },
				"up": { "uv": [ 4, 12, 8, 16 ], "texture": "#ladybug" },
				"north": { "uv": [ 8, 10, 12, 11 ], "texture": "#ladybug" },
				"south": { "uv": [ 12, 10, 16, 11 ], "texture": "#ladybug" },
				"west": { "uv": [ 4, 9, 8, 10 ], "texture": "#ladybug" },
				"east": { "uv": [ 8, 9, 12, 10 ], "texture": "#ladybug" }
			}
		},
		{
			"__comment": "PlaneX4",
			"from": [ 5.63, 0, 4.375 ],
			"to": [ 7.75, 1.5, 4.376 ],
			"faces": {
				"north": { "uv": [ 2, 1, 4, 2 ], "texture": "#ladybug" },
				"south": { "uv": [ 2, 2, 4, 3 ], "texture": "#ladybug" }
			}
		},
		{
			"__comment": "PlaneX4",
			"from": [ 9, -1.25, 4.375 ],
			"to": [ 9.001, 0.25, 8.841002 ],
			"faces": {
				"west": { "uv": [ 12, 8, 16, 9 ], "texture": "#ladybug" },
				"east": { "uv": [ 16, 8, 12, 9 ], "texture": "#ladybug" }
			}
		},
		{
			"__comment": "PlaneX4",
			"from": [ 9.875, 0, 4.375 ],
			"to": [ 9.876, 1.5, 8.841002 ],
			"faces": {
				"west": { "uv": [ 12, 11, 16, 12 ], "texture": "#ladybug" },
				"east": { "uv": [ 4, 10, 8, 11 ], "texture": "#ladybug" }
			}
		},
		{
			"__comment": "PlaneX4",
			"from": [ 7.754, 0, 8.875 ],
			"to": [ 9.875, 1.5, 8.876 ],
			"faces": {
				"north": { "uv": [ 2, 0, 4, 1 ], "texture": "#ladybug" },
				"south": { "uv": [ 2, 7, 4, 8 ], "texture": "#ladybug" }
			}
		},
		{
			"__comment": "PlaneX4",
			"from": [ 5.629, 0, 8.875 ],
			"to": [ 7.75, 1.5, 8.876 ],
			"faces": {
				"north": { "uv": [ 2, 6, 4, 7 ], "texture": "#ladybug" },
				"south": { "uv": [ 2, 5, 4, 6 ], "texture": "#ladybug" }
			}
		},
		{
			"__comment": "PlaneX4",
			"from": [ 7.755, 0, 4.375 ],
			"to": [ 9.875, 1.5, 4.376 ],
			"faces": {
				"north": { "uv": [ 2, 4, 4, 5 ], "texture": "#ladybug" },
				"south": { "uv": [ 2, 3, 4, 4 ], "texture": "#ladybug" }
			}
		},
		{
			"__comment": "PlaneX4",
			"from": [ 5.63, 1.125, 4.375 ],
			"to": [ 7.75, 1.126, 8.875 ],
			"faces": {
				"down": { "uv": [ 10, 16, 8, 12 ], "texture": "#ladybug" },
				"up": { "uv": [ 8, 16, 10, 12 ], "texture": "#ladybug", "rotation": 180 }
			}
		},
		{
			"__comment": "PlaneX4",
			"from": [ 7.755, 1.125, 4.375 ],
			"to": [ 9.875, 1.126, 8.875 ],
			"faces": {
				"down": { "uv": [ 10, 12, 8, 16 ], "texture": "#ladybug", "rotation": 180 },
				"up": { "uv": [ 8, 12, 10, 16 ], "texture": "#ladybug" }
			}
		},
		{
			"__comment": "PlaneX4",
			"from": [ 7.755, 1.5, 4.375 ],
			"to": [ 9.875, 1.501, 8.875 ],
			"faces": {
				"down": { "uv": [ 0, 8, 2, 12 ], "texture": "#ladybug" },
				"up": { "uv": [ 0, 4, 2, 8 ], "texture": "#ladybug" }
			}
		},
		{
			"__comment": "PlaneX4",
			"from": [ 5.63, 1.5, 4.375 ],
			"to": [ 7.75, 1.501, 8.875 ],
			"faces": {
				"down": { "uv": [ 0, 0, 2, 4 ], "texture": "#ladybug" },
				"up": { "uv": [ 2, 8, 4, 12 ], "texture": "#ladybug" }
			}
		},
		{
			"__comment": "PlaneX4",
			"from": [ 5.625, 0, 4.375 ],
			"to": [ 5.626, 1.5, 8.841002 ],
			"faces": {
				"west": { "uv": [ 4, 8, 8, 9 ], "texture": "#ladybug" },
				"east": { "uv": [ 8, 8, 12, 9 ], "texture": "#ladybug" }
			}
		},
		{
			"__comment": "PlaneX4",
			"from": [ 6.375, -1.25, 4.375 ],
			"to": [ 6.376, 0.25, 8.841002 ],
			"faces": {
				"west": { "uv": [ 12, 8, 16, 9 ], "texture": "#ladybug" },
				"east": { "uv": [ 16, 8, 12, 9 ], "texture": "#ladybug" }
			}
		}
	],
	"display": {
		"thirdperson_righthand": {
			"rotation":  [ 72, -2, 0 ],
			"translation":  [ 1.3912, -0.694, 6.2607 ]
		},
		"thirdperson_lefthand": {
			"rotation":  [ 72, -2, 0 ],
			"translation":  [ 1.3912, -0.694, 6.2607 ]
		},
		"firstperson_righthand": {
			"translation":  [ 4.1739, 4.1739, -6.956 ]
		},
		"firstperson_lefthand": {
			"translation":  [ 4.1739, 4.1739, -6.956 ]
		},
		"gui": {
			"rotation":  [ -7, 117, 47 ],
			"translation":  [ 8.3478, 11.826, 4.1739 ],
			"scale":  [ 2, 2, 2 ]
		},
		"head": {
			"translation":  [ 0.0009, -32.68, -6.956 ],
			"scale":  [ 1.5, 1.5, 1.5 ]
		},
		"ground": {
			"translation":  [ 0, 9.7391, 0 ]
		},
		"fixed": {
			"rotation":  [ -90, 0, 0 ],
			"translation":  [ 0.6956, 3.4789, -15.3 ],
			"scale":  [ 2, 2, 2 ]
		}
	}
}