{
	"__comment": "Cubik Studio - https://cubik.studio",
	"textures": {
		"particle": "item/meatchunk",
		"meatchunk": "item/meatchunk"
	},
	"elements": [ 	 
		{
			"__comment": "Box1",
			"from": [ -0.625, 0.73, 4.625 ],
			"to": [ -0.07499999, 1.28, 5.175 ],
			"faces": {
				"down": { "uv": [ 4, 6, 6, 8 ], "texture": "#meatchunk" },
				"up": { "uv": [ 4, 4, 6, 6 ], "texture": "#meatchunk" },
				"north": { "uv": [ 4, 2, 6, 4 ], "texture": "#meatchunk" },
				"south": { "uv": [ 4, 0, 6, 2 ], "texture": "#meatchunk" },
				"west": { "uv": [ 6, 6, 8, 8 ], "texture": "#meatchunk" },
				"east": { "uv": [ 6, 4, 8, 6 ], "texture": "#meatchunk" }
			}
		},
		{
			"__comment": "Box1",
			"from": [ -2, 0, -2 ],
			"to": [ 0.5, 2, 1 ],
			"faces": {
				"down": { "uv": [ 0, 10, 4, 16 ], "texture": "#meatchunk" },
				"up": { "uv": [ 0, 4, 4, 10 ], "texture": "#meatchunk" },
				"north": { "uv": [ 0, 0, 4, 4 ], "texture": "#meatchunk" },
				"south": { "uv": [ 4, 8, 8, 12 ], "texture": "#meatchunk" },
				"west": { "uv": [ 4, 12, 10, 16 ], "texture": "#meatchunk" },
				"east": { "uv": [ 10, 12, 16, 16 ], "texture": "#meatchunk" }
			}
		},
		{
			"__comment": "Box1",
			"from": [ -1.5, 0.25, 1 ],
			"to": [ 0, 1.75, 3 ],
			"faces": {
				"down": { "uv": [ 8, 8, 10, 12 ], "texture": "#meatchunk" },
				"up": { "uv": [ 10, 8, 12, 12 ], "texture": "#meatchunk" },
				"north": { "uv": [ 6, 2, 8, 4 ], "texture": "#meatchunk" },
				"south": { "uv": [ 6, 0, 8, 2 ], "texture": "#meatchunk" },
				"west": { "uv": [ 12, 10, 16, 12 ], "texture": "#meatchunk" },
				"east": { "uv": [ 12, 8, 16, 10 ], "texture": "#meatchunk" }
			}
		},
		{
			"__comment": "Box1",
			"from": [ -1, 0.75, 2.875 ],
			"to": [ -0.5, 1.25, 4.875 ],
			"faces": {
				"down": { "uv": [ 8, 6, 10, 8 ], "texture": "#meatchunk" },
				"up": { "uv": [ 10, 6, 12, 8 ], "texture": "#meatchunk" },
				"north": { "uv": [ 12, 6, 14, 8 ], "texture": "#meatchunk" },
				"south": { "uv": [ 14, 6, 16, 8 ], "texture": "#meatchunk" },
				"west": { "uv": [ 8, 4, 10, 6 ], "texture": "#meatchunk" },
				"east": { "uv": [ 8, 2, 10, 4 ], "texture": "#meatchunk" }
			}
		},
		{
			"__comment": "Box1",
			"from": [ -1.45, 0.73, 4.625 ],
			"to": [ -0.8999999, 1.28, 5.175 ],
			"faces": {
				"down": { "uv": [ 8, 0, 10, 2 ], "texture": "#meatchunk" },
				"up": { "uv": [ 10, 4, 12, 6 ], "texture": "#meatchunk" },
				"north": { "uv": [ 12, 4, 14, 6 ], "texture": "#meatchunk" },
				"south": { "uv": [ 14, 4, 16, 6 ], "texture": "#meatchunk" },
				"west": { "uv": [ 10, 2, 12, 4 ], "texture": "#meatchunk" },
				"east": { "uv": [ 10, 0, 12, 2 ], "texture": "#meatchunk" }
			}
		}
	],
	"display": {
		"thirdperson_righthand": {
			"rotation":  [ 90, 0, 0 ],
			"translation":  [ 22.26, -11.81, 18.779 ],
			"scale":  [ 2.5, 2.5, 2.5 ]
		},
		"thirdperson_lefthand": {
			"rotation":  [ 90, 0, 0 ],
			"translation":  [ -22.25, -11.82, 18.779 ],
			"scale":  [ 2.5, 2.5, 2.5 ]
		},
		"firstperson_righthand": {
			"rotation":  [ 69, 5, 0 ],
			"translation":  [ 36.172, -4.172, 16.695 ],
			"scale":  [ 3, 3, 3 ]
		},
		"firstperson_lefthand": {
			"rotation":  [ 69, 5, 0 ],
			"translation":  [ -14.61, -9.737, 16.695 ],
			"scale":  [ 3, 3, 3 ]
		},
		"gui": {
			"rotation":  [ 105, 33, -81 ],
			"translation":  [ 21.563, 2.0869, 3.4782 ],
			"scale":  [ 2, 2, 2 ]
		},
		"ground": {
			"translation":  [ 28.318, 11.13, 20.172 ],
			"scale":  [ 3, 3, 3 ]
		},
		"fixed": {
			"rotation":  [ 90, -36, -11 ],
			"translation":  [ 16.694, -44.51, 19.477 ],
			"scale":  [ 4, 4, 4 ]
		}
	}
}