{
	"__comment": "Cubik Studio - https://cubik.studio",
	"textures": {
		"particle": "item/rawhide",
		"rawhide": "item/rawhide"
	},
	"elements": [ 	 
		{
			"__comment": "PlaneX1",
			"from": [ -2, 0, -2 ],
			"to": [ -1.999, 6.5, 4 ],
			"faces": {
				"west": { "uv": [ 0, 10, 6, 16 ], "texture": "#rawhide" },
				"east": { "uv": [ 6, 10, 0, 16 ], "texture": "#rawhide" }
			}
		}
	],
	"display": {
		"thirdperson_righthand": {
			"rotation":  [ 34, 11, 0 ],
			"translation":  [ 38.984, 2.7862, 22.259 ],
			"scale":  [ 3.5, 3.5, 3.5 ]
		},
		"thirdperson_lefthand": {
			"rotation":  [ 34, 11, 0 ],
			"translation":  [ -29.87, -2.782, 34.781 ],
			"scale":  [ 3.5, 3.5, 3.5 ]
		},
		"firstperson_righthand": {
			"rotation":  [ 2, 24, -8 ],
			"translation":  [ 59.824, 15.303, -2.782 ],
			"scale":  [ 4, 4, 4 ]
		},
		"firstperson_lefthand": {
			"rotation":  [ -6, 4, -3 ],
			"translation":  [ -24.33, 27.823, 13.913 ],
			"scale":  [ 4, 4, 4 ]
		},
		"gui": {
			"rotation":  [ 0, 91, 0 ],
			"translation":  [ 13.216, 10.434, 0 ],
			"scale":  [ 2.226, 2.2086, 2.1043 ]
		},
		"ground": {
			"rotation":  [ 0, 0, 90 ],
			"translation":  [ -11.12, 22.26, 23.651 ],
			"scale":  [ 3.5, 3.5, 3.5 ]
		},
		"fixed": {
			"rotation":  [ 0, -90, 0 ],
			"translation":  [ -29.21, 19.478, 38.259 ],
			"scale":  [ 4, 4, 4 ]
		}
	}
}