{
	"__comment": "Cubik Studio - https://cubik.studio",
	"textures": {
		"particle": "item/smallpoultry",
		"smallpoultry": "item/smallpoultry"
	},
	"elements": [ 	 
		{
			"__comment": "Box1",
			"from": [ -0.625, 0.73, 4.625 ],
			"to": [ -0.07499999, 1.28, 5.175 ],
			"faces": {
				"down": { "uv": [ 4, 6, 6, 8 ], "texture": "#smallpoultry" },
				"up": { "uv": [ 4, 4, 6, 6 ], "texture": "#smallpoultry" },
				"north": { "uv": [ 4, 2, 6, 4 ], "texture": "#smallpoultry" },
				"south": { "uv": [ 4, 0, 6, 2 ], "texture": "#smallpoultry" },
				"west": { "uv": [ 6, 6, 8, 8 ], "texture": "#smallpoultry" },
				"east": { "uv": [ 6, 4, 8, 6 ], "texture": "#smallpoultry" }
			}
		},
		{
			"__comment": "Box1",
			"from": [ -2, 0, -2 ],
			"to": [ 0.5, 2, 1 ],
			"faces": {
				"down": { "uv": [ 0, 10, 4, 16 ], "texture": "#smallpoultry" },
				"up": { "uv": [ 0, 4, 4, 10 ], "texture": "#smallpoultry" },
				"north": { "uv": [ 0, 0, 4, 4 ], "texture": "#smallpoultry" },
				"south": { "uv": [ 4, 8, 8, 12 ], "texture": "#smallpoultry" },
				"west": { "uv": [ 4, 12, 10, 16 ], "texture": "#smallpoultry" },
				"east": { "uv": [ 10, 12, 16, 16 ], "texture": "#smallpoultry" }
			}
		},
		{
			"__comment": "Box1",
			"from": [ -1.5, 0.25, -2.875 ],
			"to": [ 0, 1.75, -1.875 ],
			"faces": {
				"down": { "uv": [ 8, 8, 10, 12 ], "texture": "#smallpoultry" },
				"up": { "uv": [ 10, 8, 12, 12 ], "texture": "#smallpoultry" },
				"north": { "uv": [ 6, 2, 8, 4 ], "texture": "#smallpoultry" },
				"south": { "uv": [ 6, 0, 8, 2 ], "texture": "#smallpoultry" },
				"west": { "uv": [ 12, 10, 16, 12 ], "texture": "#smallpoultry" },
				"east": { "uv": [ 12, 8, 16, 10 ], "texture": "#smallpoultry" }
			}
		},
		{
			"__comment": "Box1",
			"from": [ -1, 0.75, 2.875 ],
			"to": [ -0.5, 1.25, 4.875 ],
			"faces": {
				"down": { "uv": [ 8, 6, 10, 8 ], "texture": "#smallpoultry" },
				"up": { "uv": [ 10, 6, 12, 8 ], "texture": "#smallpoultry" },
				"north": { "uv": [ 12, 6, 14, 8 ], "texture": "#smallpoultry" },
				"south": { "uv": [ 14, 6, 16, 8 ], "texture": "#smallpoultry" },
				"west": { "uv": [ 8, 4, 10, 6 ], "texture": "#smallpoultry" },
				"east": { "uv": [ 8, 2, 10, 4 ], "texture": "#smallpoultry" }
			}
		},
		{
			"__comment": "Box1",
			"from": [ -1.45, 0.73, 4.625 ],
			"to": [ -0.8999998, 1.28, 5.175 ],
			"faces": {
				"down": { "uv": [ 8, 0, 10, 2 ], "texture": "#smallpoultry" },
				"up": { "uv": [ 10, 4, 12, 6 ], "texture": "#smallpoultry" },
				"north": { "uv": [ 12, 4, 14, 6 ], "texture": "#smallpoultry" },
				"south": { "uv": [ 14, 4, 16, 6 ], "texture": "#smallpoultry" },
				"west": { "uv": [ 10, 2, 12, 4 ], "texture": "#smallpoultry" },
				"east": { "uv": [ 10, 0, 12, 2 ], "texture": "#smallpoultry" }
			}
		},
		{
			"__comment": "Box1",
			"from": [ -1.5, 0.25, 1 ],
			"to": [ 0, 1.75, 3 ],
			"faces": {
				"down": { "uv": [ 8, 8, 10, 12 ], "texture": "#smallpoultry" },
				"up": { "uv": [ 10, 8, 12, 12 ], "texture": "#smallpoultry" },
				"north": { "uv": [ 6, 2, 8, 4 ], "texture": "#smallpoultry" },
				"south": { "uv": [ 6, 0, 8, 2 ], "texture": "#smallpoultry" },
				"west": { "uv": [ 12, 10, 16, 12 ], "texture": "#smallpoultry" },
				"east": { "uv": [ 12, 8, 16, 10 ], "texture": "#smallpoultry" }
			}
		}
	],
	"display": {
		"thirdperson_righthand": {
			"rotation":  [ 90, 0, 0 ],
			"translation":  [ 13.224, -5.562, 11.824 ],
			"scale":  [ 1.5, 1.5, 1.5 ]
		},
		"thirdperson_lefthand": {
			"rotation":  [ 90, 0, 0 ],
			"translation":  [ -13.21, -5.562, 11.825 ],
			"scale":  [ 1.5, 1.5, 1.5 ]
		},
		"firstperson_righthand": {
			"rotation":  [ 69, 5, 0 ],
			"translation":  [ 27.129, -4.172, 9.0434 ],
			"scale":  [ 2, 2, 2 ]
		},
		"firstperson_lefthand": {
			"rotation":  [ 69, 5, 0 ],
			"translation":  [ -6.261, -6.954, 9.0434 ],
			"scale":  [ 2, 2, 2 ]
		},
		"gui": {
			"rotation":  [ 105, 33, -81 ],
			"translation":  [ 16.694, 0.6956, 0.6956 ],
			"scale":  [ 1.5, 1.5, 1.5 ]
		},
		"ground": {
			"translation":  [ 17.884, 11.13, 10.434 ],
			"scale":  [ 2, 2, 2 ]
		},
		"fixed": {
			"rotation":  [ 90, -36, -11 ],
			"translation":  [ 9.0427, -27.82, 11.13 ],
			"scale":  [ 2.5, 2.5, 2.5 ]
		}
	}
}