{
	"__comment": "Cubik Studio - https://cubik.studio",
	"textures": {
		"particle": "item/rawhide",
		"rawhide": "item/rawhide"
	},
	"elements": [ 	 
		{
			"__comment": "PlaneX1",
			"from": [ -2, 0, -2 ],
			"to": [ -1.999, 6.5, 4 ],
			"faces": {
				"west": { "uv": [ 0, 10, 6, 16 ], "texture": "#rawhide" },
				"east": { "uv": [ 6, 10, 0, 16 ], "texture": "#rawhide" }
			}
		}
	],
	"display": {
		"thirdperson_righthand": {
			"rotation":  [ 34, 11, 0 ],
			"translation":  [ 28.55, 3.4818, 17.39 ],
			"scale":  [ 2.5, 2.5, 2.5 ]
		},
		"thirdperson_lefthand": {
			"rotation":  [ 34, 11, 0 ],
			"translation":  [ -20.84, -2.779, 24.347 ],
			"scale":  [ 2.5, 2.5, 2.5 ]
		},
		"firstperson_righthand": {
			"rotation":  [ 2, 24, -8 ],
			"translation":  [ 37.564, 9.7383, -1.391 ],
			"scale":  [ 2.5, 2.5, 2.5 ]
		},
		"firstperson_lefthand": {
			"rotation":  [ -6, 4, -3 ],
			"translation":  [ -11.82, 15.999, 6.9565 ],
			"scale":  [ 2.5, 2.5, 2.5 ]
		},
		"gui": {
			"rotation":  [ 0, 91, 0 ],
			"translation":  [ 13.216, 9.7391, 0 ],
			"scale":  [ 2, 2, 2 ]
		},
		"ground": {
			"rotation":  [ 0, 0, 90 ],
			"translation":  [ -6.26, 22.26, 18.782 ],
			"scale":  [ 2.5, 2.5, 2.5 ]
		},
		"fixed": {
			"rotation":  [ 0, -90, 0 ],
			"translation":  [ -21.56, 16, 27.825 ],
			"scale":  [ 3, 3, 3 ]
		}
	}
}