{
	"__comment": "Cubik Studio - https://cubik.studio",
	"textures": {
		"mosquito": "item/mosquito"
	},
	"elements": [ 	 
		{
			"__comment": "Element",
			"from": [ 7.885, -0.0882, 11.6182 ],
			"to": [ 8.525, 0.5518001, 12.2582 ],
			"faces": {
				"down": { "uv": [ 12, 13, 13, 14 ], "texture": "#mosquito" },
				"up": { "uv": [ 4, 4, 5, 5 ], "texture": "#mosquito" },
				"north": { "uv": [ 4, 3, 5, 4 ], "texture": "#mosquito" },
				"south": { "uv": [ 4, 2, 5, 3 ], "texture": "#mosquito" },
				"west": { "uv": [ 4, 1, 5, 2 ], "texture": "#mosquito" },
				"east": { "uv": [ 5, 7, 6, 8 ], "texture": "#mosquito" }
			}
		},
		{
			"__comment": "Element",
			"from": [ 7.825, -0.025, 12.825 ],
			"to": [ 8.625, 0.775, 14.025 ],
			"rotation": { "origin": [ 7.825, -0.02499998, 12.825 ], "axis": "x", "angle": 22.5 },
			"faces": {
				"down": { "uv": [ 5, 6, 6, 7 ], "texture": "#mosquito" },
				"up": { "uv": [ 5, 5, 6, 6 ], "texture": "#mosquito" },
				"north": { "uv": [ 5, 4, 6, 5 ], "texture": "#mosquito" },
				"south": { "uv": [ 6, 8, 7, 9 ], "texture": "#mosquito" },
				"west": { "uv": [ 6, 7, 7, 8 ], "texture": "#mosquito" },
				"east": { "uv": [ 6, 6, 7, 7 ], "texture": "#mosquito" }
			}
		},
		{
			"__comment": "Element",
			"from": [ 7.885, 0.5118, 13.5182 ],
			"to": [ 8.561416, 1.188216, 14.19462 ],
			"rotation": { "origin": [ 7.785, 0.07499999, 12.725 ], "axis": "x", "angle": 45 },
			"faces": {
				"down": { "uv": [ 6, 5, 7, 6 ], "texture": "#mosquito" },
				"up": { "uv": [ 7, 7, 8, 8 ], "texture": "#mosquito" },
				"north": { "uv": [ 7, 6, 8, 7 ], "texture": "#mosquito" },
				"south": { "uv": [ 7, 5, 8, 6 ], "texture": "#mosquito" },
				"west": { "uv": [ 7, 4, 8, 5 ], "texture": "#mosquito" },
				"east": { "uv": [ 3, 4, 4, 5 ], "texture": "#mosquito" }
			}
		},
		{
			"__comment": "Element",
			"from": [ 4.225, 0.85, 11.525 ],
			"to": [ 7.825, 0.8508, 14.725 ],
			"faces": {
				"down": { "uv": [ 12, 16, 9, 13 ], "texture": "#mosquito" },
				"up": { "uv": [ 12, 13, 9, 16 ], "texture": "#mosquito" }
			}
		},
		{
			"__comment": "Element",
			"from": [ 8.625, 0.85, 11.525 ],
			"to": [ 12.225, 0.8508, 14.725 ],
			"faces": {
				"down": { "uv": [ 9, 16, 12, 13 ], "texture": "#mosquito" },
				"up": { "uv": [ 9, 13, 12, 16 ], "texture": "#mosquito" }
			}
		},
		{
			"__comment": "Element",
			"from": [ 8.224999, -0.9899, 11.0099 ],
			"to": [ 8.2258, 0.2101001, 12.2099 ],
			"faces": {
				"west": { "uv": [ 13, 13, 14, 14 ], "texture": "#mosquito", "rotation": 90 },
				"east": { "uv": [ 13, 14, 14, 13 ], "texture": "#mosquito", "rotation": 90 }
			}
		},
		{
			"__comment": "Element",
			"from": [ 7.785, 0.0118, 12.2182 ],
			"to": [ 8.665, 0.8918, 13.0982 ],
			"faces": {
				"down": { "uv": [ 15, 13, 16, 14 ], "texture": "#mosquito" },
				"up": { "uv": [ 0, 0, 1, 1 ], "texture": "#mosquito" },
				"north": { "uv": [ 1, 0, 2, 1 ], "texture": "#mosquito" },
				"south": { "uv": [ 2, 0, 3, 1 ], "texture": "#mosquito" },
				"west": { "uv": [ 3, 8, 4, 9 ], "texture": "#mosquito" },
				"east": { "uv": [ 3, 7, 4, 8 ], "texture": "#mosquito" }
			}
		},
		{
			"__comment": "Box9",
			"from": [ 9.9502, -2.9204, 13.117 ],
			"to": [ 10.1462, -0.5203998, 13.313 ],
			"faces": {
				"down": { "uv": [ 3, 6, 4, 7 ], "texture": "#mosquito", "rotation": 180 },
				"up": { "uv": [ 3, 5, 4, 6 ], "texture": "#mosquito", "rotation": 180 },
				"north": { "uv": [ 2, 1, 3, 3 ], "texture": "#mosquito" },
				"south": { "uv": [ 2, 1, 3, 3 ], "texture": "#mosquito" },
				"west": { "uv": [ 2, 1, 3, 3 ], "texture": "#mosquito" },
				"east": { "uv": [ 2, 1, 3, 3 ], "texture": "#mosquito" }
			}
		},
		{
			"__comment": "Box9",
			"from": [ 9.0995, -3.9928, 13.125 ],
			"to": [ 9.2995, -2.7128, 13.325 ],
			"rotation": { "origin": [ 10.125, -0.625, 13.125 ], "axis": "z", "angle": 22.5 },
			"faces": {
				"down": { "uv": [ 3, 3, 4, 4 ], "texture": "#mosquito", "rotation": 180 },
				"up": { "uv": [ 3, 2, 4, 3 ], "texture": "#mosquito", "rotation": 180 },
				"north": { "uv": [ 3, 1, 4, 2 ], "texture": "#mosquito" },
				"south": { "uv": [ 3, 0, 4, 1 ], "texture": "#mosquito" },
				"west": { "uv": [ 4, 12, 5, 13 ], "texture": "#mosquito", "rotation": 180 },
				"east": { "uv": [ 5, 12, 6, 13 ], "texture": "#mosquito", "rotation": 180 }
			}
		},
		{
			"__comment": "Box9",
			"from": [ 8.525, -0.725, 13.125 ],
			"to": [ 10.125, -0.525, 13.325 ],
			"rotation": { "origin": [ 10.125, -0.725, 13.125 ], "axis": "z", "angle": -22.5 },
			"faces": {
				"down": { "uv": [ 7, 3, 8, 2 ], "texture": "#mosquito", "rotation": 270 },
				"up": { "uv": [ 7, 3, 8, 2 ], "texture": "#mosquito", "rotation": 270 },
				"north": { "uv": [ 7, 2, 8, 3 ], "texture": "#mosquito", "rotation": 270 },
				"south": { "uv": [ 7, 3, 8, 2 ], "texture": "#mosquito", "rotation": 270 },
				"west": { "uv": [ 10, 12, 11, 13 ], "texture": "#mosquito", "rotation": 90 },
				"east": { "uv": [ 11, 12, 12, 13 ], "texture": "#mosquito", "rotation": 270 }
			}
		},
		{
			"__comment": "Box9",
			"from": [ 8.3943, -0.7791, 12.225 ],
			"to": [ 9.9943, -0.5791, 12.425 ],
			"rotation": { "origin": [ 10.125, -0.725, 13.125 ], "axis": "z", "angle": -22.5 },
			"faces": {
				"down": { "uv": [ 7, 3, 8, 2 ], "texture": "#mosquito", "rotation": 270 },
				"up": { "uv": [ 7, 3, 8, 2 ], "texture": "#mosquito", "rotation": 270 },
				"north": { "uv": [ 7, 2, 8, 3 ], "texture": "#mosquito", "rotation": 270 },
				"south": { "uv": [ 7, 3, 8, 2 ], "texture": "#mosquito", "rotation": 270 },
				"west": { "uv": [ 4, 11, 5, 12 ], "texture": "#mosquito", "rotation": 90 },
				"east": { "uv": [ 5, 11, 6, 12 ], "texture": "#mosquito", "rotation": 270 }
			}
		},
		{
			"__comment": "Box9",
			"from": [ 9.8805, -2.9652, 12.235 ],
			"to": [ 10.0765, -0.5651999, 12.431 ],
			"rotation": { "origin": [ 10.087, -0.615, 13.117 ], "axis": "z", "angle": 22.5 },
			"faces": {
				"down": { "uv": [ 6, 11, 7, 12 ], "texture": "#mosquito", "rotation": 180 },
				"up": { "uv": [ 7, 11, 8, 12 ], "texture": "#mosquito", "rotation": 180 },
				"north": { "uv": [ 2, 1, 3, 3 ], "texture": "#mosquito" },
				"south": { "uv": [ 2, 1, 3, 3 ], "texture": "#mosquito" },
				"west": { "uv": [ 2, 1, 3, 3 ], "texture": "#mosquito" },
				"east": { "uv": [ 2, 1, 3, 3 ], "texture": "#mosquito" }
			}
		},
		{
			"__comment": "Box9",
			"from": [ 9.0765, -4.0263, 12.225 ],
			"to": [ 9.2765, -2.7463, 12.425 ],
			"rotation": { "origin": [ 10.125, -0.625, 13.125 ], "axis": "z", "angle": 45 },
			"faces": {
				"down": { "uv": [ 8, 11, 9, 12 ], "texture": "#mosquito", "rotation": 180 },
				"up": { "uv": [ 9, 11, 10, 12 ], "texture": "#mosquito", "rotation": 180 },
				"north": { "uv": [ 10, 11, 11, 12 ], "texture": "#mosquito" },
				"south": { "uv": [ 11, 11, 12, 12 ], "texture": "#mosquito" },
				"west": { "uv": [ 12, 11, 13, 12 ], "texture": "#mosquito", "rotation": 180 },
				"east": { "uv": [ 13, 11, 14, 12 ], "texture": "#mosquito", "rotation": 180 }
			}
		},
		{
			"__comment": "Box9",
			"from": [ 8.625, -1.325, 12.725 ],
			"to": [ 10.225, -1.125, 12.925 ],
			"rotation": { "origin": [ 10.125, -0.525, 13.125 ], "axis": "z", "angle": -45 },
			"faces": {
				"down": { "uv": [ 7, 3, 8, 2 ], "texture": "#mosquito", "rotation": 270 },
				"up": { "uv": [ 7, 3, 8, 2 ], "texture": "#mosquito", "rotation": 270 },
				"north": { "uv": [ 7, 2, 8, 3 ], "texture": "#mosquito", "rotation": 270 },
				"south": { "uv": [ 7, 3, 8, 2 ], "texture": "#mosquito", "rotation": 270 },
				"west": { "uv": [ 4, 8, 5, 9 ], "texture": "#mosquito", "rotation": 90 },
				"east": { "uv": [ 4, 7, 5, 8 ], "texture": "#mosquito", "rotation": 270 }
			}
		},
		{
			"__comment": "Box9",
			"from": [ 9.559, -3.3205, 12.7328 ],
			"to": [ 9.75108, -0.9204998, 12.92488 ],
			"faces": {
				"down": { "uv": [ 4, 6, 5, 7 ], "texture": "#mosquito", "rotation": 180 },
				"up": { "uv": [ 4, 5, 5, 6 ], "texture": "#mosquito", "rotation": 180 },
				"north": { "uv": [ 2, 1, 3, 3 ], "texture": "#mosquito" },
				"south": { "uv": [ 2, 1, 3, 3 ], "texture": "#mosquito" },
				"west": { "uv": [ 2, 1, 3, 3 ], "texture": "#mosquito" },
				"east": { "uv": [ 2, 1, 3, 3 ], "texture": "#mosquito" }
			}
		},
		{
			"__comment": "Box9",
			"from": [ 8.424, -4.2778, 12.725 ],
			"to": [ 8.624, -2.9978, 12.925 ],
			"rotation": { "origin": [ 9.625, -0.225, 13.125 ], "axis": "z", "angle": 22.5 },
			"faces": {
				"down": { "uv": [ 4, 0, 5, 1 ], "texture": "#mosquito", "rotation": 180 },
				"up": { "uv": [ 5, 10, 6, 11 ], "texture": "#mosquito", "rotation": 180 },
				"north": { "uv": [ 6, 10, 7, 11 ], "texture": "#mosquito" },
				"south": { "uv": [ 7, 10, 8, 11 ], "texture": "#mosquito" },
				"west": { "uv": [ 8, 10, 9, 11 ], "texture": "#mosquito", "rotation": 180 },
				"east": { "uv": [ 9, 10, 10, 11 ], "texture": "#mosquito", "rotation": 180 }
			}
		},
		{
			"__comment": "Box9",
			"from": [ 6.225, -0.125, 13.125 ],
			"to": [ 7.825, 0.075, 13.325 ],
			"rotation": { "origin": [ 7.825, -0.125, 12.225 ], "axis": "z", "angle": 22.5 },
			"faces": {
				"down": { "uv": [ 7, 2, 8, 3 ], "texture": "#mosquito", "rotation": 270 },
				"up": { "uv": [ 7, 2, 8, 3 ], "texture": "#mosquito", "rotation": 270 },
				"north": { "uv": [ 7, 3, 8, 2 ], "texture": "#mosquito", "rotation": 270 },
				"south": { "uv": [ 7, 2, 8, 3 ], "texture": "#mosquito", "rotation": 270 },
				"west": { "uv": [ 8, 2, 7, 3 ], "texture": "#mosquito", "rotation": 270 },
				"east": { "uv": [ 15, 10, 16, 11 ], "texture": "#mosquito", "rotation": 270 }
			}
		},
		{
			"__comment": "Box9",
			"from": [ 6.3242, -2.9204, 13.117 ],
			"to": [ 6.5202, -0.5203998, 13.313 ],
			"faces": {
				"down": { "uv": [ 5, 9, 6, 10 ], "texture": "#mosquito", "rotation": 180 },
				"up": { "uv": [ 5, 8, 6, 9 ], "texture": "#mosquito", "rotation": 180 },
				"north": { "uv": [ 2, 1, 3, 3 ], "texture": "#mosquito" },
				"south": { "uv": [ 2, 1, 3, 3 ], "texture": "#mosquito" },
				"west": { "uv": [ 2, 1, 3, 3 ], "texture": "#mosquito" },
				"east": { "uv": [ 2, 1, 3, 3 ], "texture": "#mosquito" }
			}
		},
		{
			"__comment": "Box9",
			"from": [ 7.0559, -4.5611, 13.125 ],
			"to": [ 7.255899, -3.2811, 13.325 ],
			"rotation": { "origin": [ 7.725, -1.225, 12.225 ], "axis": "z", "angle": -22.5 },
			"faces": {
				"down": { "uv": [ 5, 3, 6, 4 ], "texture": "#mosquito", "rotation": 180 },
				"up": { "uv": [ 5, 2, 6, 3 ], "texture": "#mosquito", "rotation": 180 },
				"north": { "uv": [ 5, 1, 6, 2 ], "texture": "#mosquito" },
				"south": { "uv": [ 5, 0, 6, 1 ], "texture": "#mosquito" },
				"west": { "uv": [ 6, 9, 7, 10 ], "texture": "#mosquito", "rotation": 180 },
				"east": { "uv": [ 7, 9, 8, 10 ], "texture": "#mosquito", "rotation": 180 }
			}
		},
		{
			"__comment": "Box9",
			"from": [ 6.325, -0.025, 12.725 ],
			"to": [ 7.925, 0.175, 12.925 ],
			"rotation": { "origin": [ 7.925, -0.02499998, 12.225 ], "axis": "z", "angle": 45 },
			"faces": {
				"down": { "uv": [ 7, 2, 8, 3 ], "texture": "#mosquito", "rotation": 270 },
				"up": { "uv": [ 7, 2, 8, 3 ], "texture": "#mosquito", "rotation": 270 },
				"north": { "uv": [ 7, 3, 8, 2 ], "texture": "#mosquito", "rotation": 270 },
				"south": { "uv": [ 7, 2, 8, 3 ], "texture": "#mosquito", "rotation": 270 },
				"west": { "uv": [ 7, 2, 8, 3 ], "texture": "#mosquito", "rotation": 270 },
				"east": { "uv": [ 13, 9, 14, 10 ], "texture": "#mosquito", "rotation": 270 }
			}
		},
		{
			"__comment": "Box9",
			"from": [ 6.7483, -3.4205, 12.7152 ],
			"to": [ 6.94038, -1.0205, 12.90728 ],
			"faces": {
				"down": { "uv": [ 14, 9, 15, 10 ], "texture": "#mosquito", "rotation": 180 },
				"up": { "uv": [ 15, 9, 16, 10 ], "texture": "#mosquito", "rotation": 180 },
				"north": { "uv": [ 2, 1, 3, 3 ], "texture": "#mosquito" },
				"south": { "uv": [ 2, 1, 3, 3 ], "texture": "#mosquito" },
				"west": { "uv": [ 2, 1, 3, 3 ], "texture": "#mosquito" },
				"east": { "uv": [ 2, 1, 3, 3 ], "texture": "#mosquito" }
			}
		},
		{
			"__comment": "Box9",
			"from": [ 7.7007, -5.092, 12.725 ],
			"to": [ 7.9007, -3.812, 12.925 ],
			"rotation": { "origin": [ 8.325, -1.125, 12.225 ], "axis": "z", "angle": -22.5 },
			"faces": {
				"down": { "uv": [ 6, 4, 7, 5 ], "texture": "#mosquito", "rotation": 180 },
				"up": { "uv": [ 6, 3, 7, 4 ], "texture": "#mosquito", "rotation": 180 },
				"north": { "uv": [ 6, 2, 7, 3 ], "texture": "#mosquito" },
				"south": { "uv": [ 6, 1, 7, 2 ], "texture": "#mosquito" },
				"west": { "uv": [ 6, 0, 7, 1 ], "texture": "#mosquito", "rotation": 180 },
				"east": { "uv": [ 7, 8, 8, 9 ], "texture": "#mosquito", "rotation": 180 }
			}
		},
		{
			"__comment": "Box9",
			"from": [ 7.1007, -5.192, 12.225 ],
			"to": [ 7.3007, -3.912, 12.425 ],
			"rotation": { "origin": [ 7.725, -1.225, 12.225 ], "axis": "z", "angle": -45 },
			"faces": {
				"down": { "uv": [ 8, 8, 9, 9 ], "texture": "#mosquito", "rotation": 180 },
				"up": { "uv": [ 9, 8, 10, 9 ], "texture": "#mosquito", "rotation": 180 },
				"north": { "uv": [ 10, 8, 11, 9 ], "texture": "#mosquito" },
				"south": { "uv": [ 11, 8, 12, 9 ], "texture": "#mosquito" },
				"west": { "uv": [ 12, 8, 13, 9 ], "texture": "#mosquito", "rotation": 180 },
				"east": { "uv": [ 13, 8, 14, 9 ], "texture": "#mosquito", "rotation": 180 }
			}
		},
		{
			"__comment": "Box9",
			"from": [ 6.1397, -3.5021, 12.235 ],
			"to": [ 6.3357, -1.1021, 12.431 ],
			"rotation": { "origin": [ 7.735, -1.215, 12.235 ], "axis": "z", "angle": -22.5 },
			"faces": {
				"down": { "uv": [ 14, 8, 15, 9 ], "texture": "#mosquito", "rotation": 180 },
				"up": { "uv": [ 15, 8, 16, 9 ], "texture": "#mosquito", "rotation": 180 },
				"north": { "uv": [ 2, 3, 3, 5 ], "texture": "#mosquito" },
				"south": { "uv": [ 2, 1, 3, 3 ], "texture": "#mosquito" },
				"west": { "uv": [ 3, 11, 4, 13 ], "texture": "#mosquito", "rotation": 180 },
				"east": { "uv": [ 3, 9, 4, 11 ], "texture": "#mosquito", "rotation": 180 }
			}
		},
		{
			"__comment": "Box9",
			"from": [ 6.225, -0.125, 12.225 ],
			"to": [ 7.825, 0.075, 12.425 ],
			"rotation": { "origin": [ 7.825, -0.125, 12.225 ], "axis": "z", "angle": 22.5 },
			"faces": {
				"down": { "uv": [ 7, 3, 8, 4 ], "texture": "#mosquito", "rotation": 90 },
				"up": { "uv": [ 7, 2, 8, 3 ], "texture": "#mosquito", "rotation": 270 },
				"north": { "uv": [ 7, 1, 8, 2 ], "texture": "#mosquito", "rotation": 270 },
				"south": { "uv": [ 7, 0, 8, 1 ], "texture": "#mosquito", "rotation": 90 },
				"west": { "uv": [ 8, 7, 9, 8 ], "texture": "#mosquito", "rotation": 90 },
				"east": { "uv": [ 9, 7, 10, 8 ], "texture": "#mosquito", "rotation": 270 }
			}
		}
	],
	"display": {
		"thirdperson_righthand": {
			"rotation":  [ 72, -2, 0 ],
			"translation":  [ 0.0003, 7.6521, 5.5652 ]
		},
		"thirdperson_lefthand": {
			"rotation":  [ 72, -2, 0 ],
			"translation":  [ 0.0003, 7.6521, 5.5652 ]
		},
		"firstperson_righthand": {
			"rotation":  [ -2, 0, 0 ],
			"translation":  [ 13.913, 6.9565, -27.82 ],
			"scale":  [ 2, 2, 2 ]
		},
		"firstperson_lefthand": {
			"rotation":  [ -2, 0, 0 ],
			"translation":  [ 13.913, 6.9565, -27.82 ],
			"scale":  [ 2, 2, 2 ]
		},
		"gui": {
			"rotation":  [ 0, 90, 44 ],
			"translation":  [ -10.43, 11.13, -4.869 ],
			"scale":  [ 1.8, 1.8, 1.8 ]
		},
		"head": {
			"translation":  [ 0.6956, 2.7835, -18.07 ],
			"scale":  [ 2, 2, 2 ]
		},
		"ground": {
			"translation":  [ 0, 11.826, 0 ],
			"scale":  [ 2, 2, 2 ]
		},
		"fixed": {
			"rotation":  [ -69, -180, 0 ],
			"translation":  [ -1.391, 20.868, -22.94 ],
			"scale":  [ 2.5, 2.5, 2.5 ]
		}
	}
}