{
	"__comment": "Cubik Studio - https://cubik.studio",
	"textures": {
		"moth": "item/moth"
	},
	"elements": [ 	 
		{
			"__comment": "Box1",
			"from": [ 8.597, 0.25, 3.875 ],
			"to": [ 9.122, 0.775, 4.4 ],
			"rotation": { "origin": [ 8.597, 0.25, 3.875 ], "axis": "x", "angle": 45 },
			"faces": {
				"down": { "uv": [ 3, 0, 4, 1 ], "texture": "#moth" },
				"up": { "uv": [ 4, 0, 5, 1 ], "texture": "#moth" },
				"north": { "uv": [ 15, 15, 16, 16 ], "texture": "#moth" },
				"south": { "uv": [ 15, 14, 16, 15 ], "texture": "#moth" },
				"west": { "uv": [ 15, 13, 16, 14 ], "texture": "#moth" },
				"east": { "uv": [ 15, 12, 16, 13 ], "texture": "#moth" }
			}
		},
		{
			"__comment": "Box1",
			"from": [ 8.625, 0, 4.375 ],
			"to": [ 9.125, 0.5, 7.375 ],
			"faces": {
				"down": { "uv": [ 3, 1, 4, 4 ], "texture": "#moth" },
				"up": { "uv": [ 4, 1, 5, 4 ], "texture": "#moth" },
				"north": { "uv": [ 15, 11, 16, 12 ], "texture": "#moth" },
				"south": { "uv": [ 15, 10, 16, 11 ], "texture": "#moth" },
				"west": { "uv": [ 0, 0, 3, 1 ], "texture": "#moth" },
				"east": { "uv": [ 5, 0, 8, 1 ], "texture": "#moth" }
			}
		},
		{
			"__comment": "PlaneY3",
			"from": [ 7.125, 1.625, 1.75 ],
			"to": [ 10.625, 1.626, 4.75 ],
			"rotation": { "origin": [ 10.625, 1.625, 1.75 ], "axis": "x", "angle": 22.5 },
			"faces": {
				"down": { "uv": [ 5, 10, 8, 7 ], "texture": "#moth" },
				"up": { "uv": [ 5, 7, 8, 10 ], "texture": "#moth" }
			}
		},
		{
			"__comment": "PlaneY3",
			"from": [ 5.124, -3, 3.375 ],
			"to": [ 5.125, 2, 9.875 ],
			"rotation": { "origin": [ 5.125, -3, 3.375 ], "axis": "z", "angle": -45 },
			"faces": {
				"west": { "uv": [ 15, 10, 10, 16 ], "texture": "#moth", "rotation": 270 },
				"east": { "uv": [ 10, 10, 15, 16 ], "texture": "#moth", "rotation": 90 }
			}
		},
		{
			"__comment": "PlaneY3",
			"from": [ 9.125, 0.4999, 3.375 ],
			"to": [ 14.125, 0.5009, 9.875 ],
			"rotation": { "origin": [ 9.125, 0.5, 3.375 ], "axis": "z", "angle": -45 },
			"faces": {
				"down": { "uv": [ 10, 16, 15, 10 ], "texture": "#moth" },
				"up": { "uv": [ 10, 10, 15, 16 ], "texture": "#moth" }
			}
		}
	],
	"display": {
		"thirdperson_righthand": {
			"rotation":  [ 147, 0, 0 ],
			"translation":  [ -0.695, -7.651, 2.0869 ]
		},
		"thirdperson_lefthand": {
			"rotation":  [ 147, 0, 0 ],
			"translation":  [ 1.3919, -7.651, 2.0869 ]
		},
		"firstperson_righthand": {
			"rotation":  [ 58, 0, 0 ],
			"translation":  [ 2.0868, 6.2608, 7.6521 ]
		},
		"firstperson_lefthand": {
			"rotation":  [ 58, 0, 0 ],
			"translation":  [ 3.4782, 6.2608, 7.6521 ]
		},
		"gui": {
			"rotation":  [ 90, 0, 0 ],
			"translation":  [ -1.391, -2.782, -0.695 ],
			"scale":  [ 1.5, 1.5, 1.5 ]
		},
		"head": {
			"rotation":  [ 28, 0, 0 ],
			"translation":  [ -0.693, -8.326, 2.0879 ],
			"scale":  [ 1.5, 1.5, 1.5 ]
		},
		"ground": {
			"translation":  [ 0, 6.2608, 0 ],
			"scale":  [ 1.5, 1.5, 1.5 ]
		},
		"fixed": {
			"rotation":  [ 90, 0, 0 ],
			"translation":  [ -2.086, -2.782, 13.217 ],
			"scale":  [ 2, 2, 2 ]
		}
	}
}