{
	"__comment": "Cubik Studio - https://cubik.studio",
	"textures": {
		"ostrich": "item/ostrich"
	},
	"elements": [ 	 
		{
			"__comment": "Box1",
			"from": [ 6.2933, 11.0325, -0.9409 ],
			"to": [ 6.912819, 11.30574, -0.6311399 ],
			"rotation": { "origin": [ 5.75124, 4.282361, 3.85608 ], "axis": "x", "angle": -22.5 },
			"faces": {
				"down": { "uv": [ 8, 11, 8.5, 11.5 ], "texture": "#ostrich" },
				"up": { "uv": [ 6.5, 11.5, 7, 12 ], "texture": "#ostrich" },
				"north": { "uv": [ 6.5, 11, 7, 11.5 ], "texture": "#ostrich" },
				"south": { "uv": [ 7.5, 11.5, 8, 12 ], "texture": "#ostrich" },
				"west": { "uv": [ 7.5, 11, 8, 11.5 ], "texture": "#ostrich", "rotation": 270 },
				"east": { "uv": [ 7.5, 11, 8, 11.5 ], "texture": "#ostrich", "rotation": 270 }
			}
		},
		{
			"__comment": "Box1",
			"from": [ 4.125, 1.4945, 3.7555 ],
			"to": [ 8.7714, 5.831141, 9.02142 ],
			"faces": {
				"down": { "uv": [ 0, 7, 2, 9.5 ], "texture": "#ostrich" },
				"up": { "uv": [ 0, 7, 2, 9.5 ], "texture": "#ostrich" },
				"north": { "uv": [ 0, 5, 2, 7 ], "texture": "#ostrich" },
				"south": { "uv": [ 0, 3, 2, 5 ], "texture": "#ostrich" },
				"west": { "uv": [ 12, 14, 14.5, 16 ], "texture": "#ostrich" },
				"east": { "uv": [ 12, 14, 14.5, 16 ], "texture": "#ostrich" }
			}
		},
		{
			"__comment": "Box1",
			"from": [ 8.271399, 1.375, 3.7555 ],
			"to": [ 14.4666, 5.401881, 4.375021 ],
			"rotation": { "origin": [ 8.271399, 1.375, 4.375 ], "axis": "y", "angle": -22.5 },
			"faces": {
				"down": { "uv": [ 3, 16, 0, 15.5 ], "texture": "#ostrich", "rotation": 180 },
				"up": { "uv": [ 0, 15.5, 3, 16 ], "texture": "#ostrich" },
				"north": { "uv": [ 9, 14, 6, 16 ], "texture": "#ostrich" },
				"south": { "uv": [ 6, 14, 9, 16 ], "texture": "#ostrich" },
				"west": { "uv": [ 2, 5, 2.5, 7 ], "texture": "#ostrich" },
				"east": { "uv": [ 3, 4, 3.5, 6 ], "texture": "#ostrich" }
			}
		},
		{
			"__comment": "Box1",
			"from": [ 4.8994, 1.4945, 11.8867 ],
			"to": [ 7.997, 4.5921, 14.36478 ],
			"faces": {
				"down": { "uv": [ 12, 13, 13.5, 14 ], "texture": "#ostrich" },
				"up": { "uv": [ 13.5, 13, 15, 14 ], "texture": "#ostrich" },
				"north": { "uv": [ 10, 12.5, 11, 14 ], "texture": "#ostrich" },
				"south": { "uv": [ 10, 12.5, 11, 14 ], "texture": "#ostrich" },
				"west": { "uv": [ 10, 12.5, 11, 14 ], "texture": "#ostrich" },
				"east": { "uv": [ 10, 12.5, 11, 14 ], "texture": "#ostrich" }
			}
		},
		{
			"__comment": "Box1",
			"from": [ 4.822, 2.9659, 3.3262 ],
			"to": [ 8.229361, 6.0635, 4.56524 ],
			"faces": {
				"down": { "uv": [ 15.5, 12.5, 16, 14 ], "texture": "#ostrich", "rotation": 90 },
				"up": { "uv": [ 12, 12.5, 13.5, 13 ], "texture": "#ostrich" },
				"north": { "uv": [ 4, 12.5, 5.5, 14 ], "texture": "#ostrich" },
				"south": { "uv": [ 5.5, 12.5, 7, 14 ], "texture": "#ostrich" },
				"west": { "uv": [ 16, 12.5, 15.5, 14 ], "texture": "#ostrich" },
				"east": { "uv": [ 15.5, 12.5, 16, 14 ], "texture": "#ostrich" }
			}
		},
		{
			"__comment": "Box1",
			"from": [ 5.9836, 6.0531, 2.6547 ],
			"to": [ 7.22264, 7.91166, 3.89374 ],
			"rotation": { "origin": [ 5.75124, 4.282361, 3.85608 ], "axis": "x", "angle": -45 },
			"faces": {
				"down": { "uv": [ 12, 11.5, 12.5, 12 ], "texture": "#ostrich" },
				"up": { "uv": [ 12, 11.5, 12.5, 12 ], "texture": "#ostrich" },
				"north": { "uv": [ 11, 11.5, 11.5, 12 ], "texture": "#ostrich" },
				"south": { "uv": [ 11, 11, 11.5, 11.5 ], "texture": "#ostrich" },
				"west": { "uv": [ 12, 11.5, 12.5, 12 ], "texture": "#ostrich" },
				"east": { "uv": [ 12, 11, 12.5, 11.5 ], "texture": "#ostrich" }
			}
		},
		{
			"__comment": "Box1",
			"from": [ 5.9936, 7.2722, 1.4334 ],
			"to": [ 7.207859, 9.440519, 2.647659 ],
			"rotation": { "origin": [ 5.75124, 4.282361, 3.85608 ], "axis": "x", "angle": -22.5 },
			"faces": {
				"down": { "uv": [ 12, 11.5, 12.5, 12 ], "texture": "#ostrich" },
				"up": { "uv": [ 12, 11.5, 12.5, 12 ], "texture": "#ostrich" },
				"north": { "uv": [ 12, 11.5, 12.5, 12 ], "texture": "#ostrich" },
				"south": { "uv": [ 12, 11.5, 12.5, 12 ], "texture": "#ostrich" },
				"west": { "uv": [ 12, 11.5, 12.5, 12 ], "texture": "#ostrich" },
				"east": { "uv": [ 12.5, 11.5, 12, 12 ], "texture": "#ostrich" }
			}
		},
		{
			"__comment": "Box1",
			"from": [ 5.9836, 9.6188, 3.5467 ],
			"to": [ 7.22264, 11.78712, 4.78574 ],
			"rotation": { "origin": [ 5.75124, 4.282361, 3.85608 ], "axis": "x", "angle": -45 },
			"faces": {
				"down": { "uv": [ 12, 11.5, 12.5, 12 ], "texture": "#ostrich" },
				"up": { "uv": [ 12, 11.5, 12.5, 12 ], "texture": "#ostrich" },
				"north": { "uv": [ 12, 11.5, 12.5, 12 ], "texture": "#ostrich" },
				"south": { "uv": [ 12, 11.5, 12.5, 12 ], "texture": "#ostrich" },
				"west": { "uv": [ 12, 11.5, 12.5, 12 ], "texture": "#ostrich" },
				"east": { "uv": [ 12.5, 11.5, 12, 12 ], "texture": "#ostrich" }
			}
		},
		{
			"__comment": "Box1",
			"from": [ 5.8287, 10.7551, 0.1606 ],
			"to": [ 7.3775, 12.09326, 1.7094 ],
			"rotation": { "origin": [ 5.75124, 4.282361, 3.85608 ], "axis": "x", "angle": -22.5 },
			"faces": {
				"down": { "uv": [ 5, 5.5, 5.5, 6 ], "texture": "#ostrich" },
				"up": { "uv": [ 5, 5, 5.5, 5.5 ], "texture": "#ostrich" },
				"north": { "uv": [ 5, 4.5, 5.5, 5 ], "texture": "#ostrich" },
				"south": { "uv": [ 5, 4, 5.5, 4.5 ], "texture": "#ostrich" },
				"west": { "uv": [ 5, 3.5, 5.5, 4 ], "texture": "#ostrich", "rotation": 270 },
				"east": { "uv": [ 5, 4, 5.5, 3.5 ], "texture": "#ostrich", "rotation": 270 }
			}
		},
		{
			"__comment": "Box1",
			"from": [ 5.8387, 10.9707, -0.0055 ],
			"to": [ 7.356524, 11.44906, 0.2980649 ],
			"rotation": { "origin": [ 5.75124, 4.282361, 3.85608 ], "axis": "x", "angle": -22.5 },
			"faces": {
				"down": { "uv": [ 5, 2.5, 5.5, 3 ], "texture": "#ostrich" },
				"up": { "uv": [ 5, 2, 5.5, 2.5 ], "texture": "#ostrich" },
				"north": { "uv": [ 5, 1.5, 5.5, 2 ], "texture": "#ostrich" },
				"south": { "uv": [ 5, 1, 5.5, 1.5 ], "texture": "#ostrich" },
				"west": { "uv": [ 5, 0.5, 5.5, 1 ], "texture": "#ostrich", "rotation": 270 },
				"east": { "uv": [ 5, 1, 5.5, 0.5 ], "texture": "#ostrich", "rotation": 270 }
			}
		},
		{
			"__comment": "Box1",
			"from": [ 5.9836, 11.0242, -0.3213 ],
			"to": [ 7.22264, 11.39901, -0.01154003 ],
			"rotation": { "origin": [ 5.75124, 4.282361, 3.85608 ], "axis": "x", "angle": -22.5 },
			"faces": {
				"down": { "uv": [ 5.5, 10, 6, 10.5 ], "texture": "#ostrich" },
				"up": { "uv": [ 6, 10, 6.5, 10.5 ], "texture": "#ostrich" },
				"north": { "uv": [ 6.5, 10, 7, 10.5 ], "texture": "#ostrich" },
				"south": { "uv": [ 7, 10, 7.5, 10.5 ], "texture": "#ostrich" },
				"west": { "uv": [ 2, 9.5, 2.5, 10 ], "texture": "#ostrich", "rotation": 270 },
				"east": { "uv": [ 2, 10, 2.5, 9.5 ], "texture": "#ostrich", "rotation": 270 }
			}
		},
		{
			"__comment": "Box1",
			"from": [ 6.1384, 11.0272, -0.6311 ],
			"to": [ 7.06768, 11.36547, -0.32134 ],
			"rotation": { "origin": [ 5.75124, 4.282361, 3.85608 ], "axis": "x", "angle": -22.5 },
			"faces": {
				"down": { "uv": [ 15.5, 12, 16, 12.5 ], "texture": "#ostrich" },
				"up": { "uv": [ 2.5, 0, 3, 0.5 ], "texture": "#ostrich" },
				"north": { "uv": [ 8.5, 12, 9, 12.5 ], "texture": "#ostrich" },
				"south": { "uv": [ 9, 12, 9.5, 12.5 ], "texture": "#ostrich" },
				"west": { "uv": [ 9.5, 12, 10, 12.5 ], "texture": "#ostrich", "rotation": 270 },
				"east": { "uv": [ 9.5, 12, 10, 12.5 ], "texture": "#ostrich", "rotation": 270 }
			}
		},
		{
			"__comment": "Box1",
			"from": [ 5.7512, 4.5835, 1.8728 ],
			"to": [ 7.3, 6.1323, 3.73136 ],
			"rotation": { "origin": [ 5.75124, 4.282361, 3.85608 ], "axis": "x", "angle": 0 },
			"faces": {
				"down": { "uv": [ 12.5, 12, 13, 12.5 ], "texture": "#ostrich", "rotation": 180 },
				"up": { "uv": [ 12.5, 12, 13, 12.5 ], "texture": "#ostrich" },
				"north": { "uv": [ 11.5, 12, 12, 12.5 ], "texture": "#ostrich" },
				"south": { "uv": [ 12, 12, 12.5, 12.5 ], "texture": "#ostrich" },
				"west": { "uv": [ 12.5, 12, 13, 12.5 ], "texture": "#ostrich", "rotation": 270 },
				"east": { "uv": [ 13, 12.5, 12.5, 12 ], "texture": "#ostrich", "rotation": 270 }
			}
		},
		{
			"__comment": "Box1",
			"from": [ 7.6718, -0.4478, -1.2808 ],
			"to": [ 8.910839, 0.7912394, 2.746081 ],
			"rotation": { "origin": [ 7.53236, 0.8194799, 2.38844 ], "axis": "x", "angle": 22.5 },
			"faces": {
				"down": { "uv": [ 3, 10, 3.5, 12 ], "texture": "#ostrich" },
				"up": { "uv": [ 3.5, 12, 3, 10 ], "texture": "#ostrich" },
				"north": { "uv": [ 14, 12.5, 13.5, 12 ], "texture": "#ostrich" },
				"south": { "uv": [ 13.5, 12, 14, 12.5 ], "texture": "#ostrich" },
				"west": { "uv": [ 3, 10, 3.5, 12 ], "texture": "#ostrich", "rotation": 90 },
				"east": { "uv": [ 3, 10, 3.5, 12 ], "texture": "#ostrich", "rotation": 270 }
			}
		},
		{
			"__comment": "Box1",
			"from": [ 7.5324, -0.1752, 1.5749 ],
			"to": [ 9.0812, 1.3736, 5.91154 ],
			"rotation": { "origin": [ 7.53236, 0.8194799, 2.38844 ], "axis": "x", "angle": -22.5 },
			"faces": {
				"down": { "uv": [ 3.5, 2, 4, 4 ], "texture": "#ostrich" },
				"up": { "uv": [ 4, 4, 3.5, 2 ], "texture": "#ostrich" },
				"north": { "uv": [ 7.5, 12, 7, 11.5 ], "texture": "#ostrich" },
				"south": { "uv": [ 7, 11.5, 7.5, 12 ], "texture": "#ostrich" },
				"west": { "uv": [ 3.5, 2, 4, 4 ], "texture": "#ostrich", "rotation": 90 },
				"east": { "uv": [ 3.5, 2, 4, 4 ], "texture": "#ostrich", "rotation": 270 }
			}
		},
		{
			"__comment": "Box1",
			"from": [ 3.8152, 0.1118, 7.0089 ],
			"to": [ 5.363999, 1.6606, 11.34554 ],
			"rotation": { "origin": [ 3.81524, 0.3194799, 10.38844 ], "axis": "x", "angle": 22.5 },
			"faces": {
				"down": { "uv": [ 4, 4, 3.5, 2 ], "texture": "#ostrich" },
				"up": { "uv": [ 3.5, 2, 4, 4 ], "texture": "#ostrich" },
				"north": { "uv": [ 7.5, 12, 7, 11.5 ], "texture": "#ostrich" },
				"south": { "uv": [ 7, 11.5, 7.5, 12 ], "texture": "#ostrich" },
				"west": { "uv": [ 3.5, 2, 4, 4 ], "texture": "#ostrich", "rotation": 270 },
				"east": { "uv": [ 3.5, 2, 4, 4 ], "texture": "#ostrich", "rotation": 90 }
			}
		},
		{
			"__comment": "Box1",
			"from": [ 8.8224, 1.2149, -2.6972 ],
			"to": [ 9.44192, 1.83442, -1.45816 ],
			"faces": {
				"down": { "uv": [ 5, 8.5, 5.5, 9 ], "texture": "#ostrich" },
				"up": { "uv": [ 5, 8.5, 5.5, 9 ], "texture": "#ostrich" },
				"north": { "uv": [ 5, 8.5, 5.5, 9 ], "texture": "#ostrich" },
				"south": { "uv": [ 5, 8.5, 5.5, 9 ], "texture": "#ostrich" },
				"west": { "uv": [ 5, 8.5, 5.5, 9 ], "texture": "#ostrich" },
				"east": { "uv": [ 5, 8.5, 5.5, 9 ], "texture": "#ostrich" }
			}
		},
		{
			"__comment": "Box1",
			"from": [ 3.9546, -0.2064, 6.8589 ],
			"to": [ 5.19364, 1.03264, 10.88578 ],
			"rotation": { "origin": [ 3.81524, 0.9444799, 10.63844 ], "axis": "x", "angle": -22.5 },
			"faces": {
				"down": { "uv": [ 3, 10, 3.5, 12 ], "texture": "#ostrich" },
				"up": { "uv": [ 3.5, 12, 3, 10 ], "texture": "#ostrich" },
				"north": { "uv": [ 14, 12.5, 13.5, 12 ], "texture": "#ostrich" },
				"south": { "uv": [ 13.5, 12, 14, 12.5 ], "texture": "#ostrich" },
				"west": { "uv": [ 3, 10, 3.5, 12 ], "texture": "#ostrich", "rotation": 90 },
				"east": { "uv": [ 3, 10, 3.5, 12 ], "texture": "#ostrich", "rotation": 270 }
			}
		},
		{
			"__comment": "Box1",
			"from": [ 7.6918, 1.3681, -2.0527 ],
			"to": [ 8.93084, 1.98762, -0.8136597 ],
			"faces": {
				"down": { "uv": [ 13, 11.5, 13.5, 12 ], "texture": "#ostrich" },
				"up": { "uv": [ 13, 11, 13.5, 11.5 ], "texture": "#ostrich" },
				"north": { "uv": [ 13.5, 11.5, 14, 12 ], "texture": "#ostrich" },
				"south": { "uv": [ 13.5, 11, 14, 11.5 ], "texture": "#ostrich" },
				"west": { "uv": [ 14, 11.5, 14.5, 12 ], "texture": "#ostrich" },
				"east": { "uv": [ 14, 11, 14.5, 11.5 ], "texture": "#ostrich" }
			}
		},
		{
			"__comment": "Box1",
			"from": [ 8.047999, 1.1899, -3.8385 ],
			"to": [ 8.66752, 1.809421, -1.97994 ],
			"faces": {
				"down": { "uv": [ 13, 10.5, 13.5, 11 ], "texture": "#ostrich", "rotation": 270 },
				"up": { "uv": [ 11.5, 10.5, 12, 11 ], "texture": "#ostrich" },
				"north": { "uv": [ 15, 11.5, 15.5, 12 ], "texture": "#ostrich" },
				"south": { "uv": [ 15.5, 11.5, 16, 12 ], "texture": "#ostrich" },
				"west": { "uv": [ 13, 10.5, 13.5, 11 ], "texture": "#ostrich" },
				"east": { "uv": [ 13.5, 10.5, 13, 11 ], "texture": "#ostrich" }
			}
		},
		{
			"__comment": "Box1",
			"from": [ 7.2736, 1.2149, -2.6971 ],
			"to": [ 7.893119, 1.834421, -1.458061 ],
			"faces": {
				"down": { "uv": [ 5, 8.5, 5.5, 9 ], "texture": "#ostrich" },
				"up": { "uv": [ 5, 8.5, 5.5, 9 ], "texture": "#ostrich" },
				"north": { "uv": [ 5, 8.5, 5.5, 9 ], "texture": "#ostrich" },
				"south": { "uv": [ 5, 8.5, 5.5, 9 ], "texture": "#ostrich" },
				"west": { "uv": [ 5, 8.5, 5.5, 9 ], "texture": "#ostrich" },
				"east": { "uv": [ 5, 8.5, 5.5, 9 ], "texture": "#ostrich" }
			}
		},
		{
			"__comment": "Box1",
			"from": [ 3.9746, -2.8206, 8.2155 ],
			"to": [ 5.21364, -1.58156, 8.83502 ],
			"rotation": { "origin": [ 3.81524, 0.9444799, 10.63844 ], "axis": "x", "angle": 22.5 },
			"faces": {
				"down": { "uv": [ 9.5, 11, 9, 10.5 ], "texture": "#ostrich" },
				"up": { "uv": [ 9.5, 10.5, 10, 11 ], "texture": "#ostrich" },
				"north": { "uv": [ 9, 11, 8.5, 10.5 ], "texture": "#ostrich" },
				"south": { "uv": [ 8, 10.5, 8.5, 11 ], "texture": "#ostrich" },
				"west": { "uv": [ 10, 10.5, 10.5, 11 ], "texture": "#ostrich", "rotation": 270 },
				"east": { "uv": [ 10.5, 10.5, 11, 11 ], "texture": "#ostrich", "rotation": 90 }
			}
		},
		{
			"__comment": "Box1",
			"from": [ 4.3309, -4.6065, 8.393499 ],
			"to": [ 4.950419, -2.74794, 9.01302 ],
			"rotation": { "origin": [ 3.81524, 0.9444799, 10.63844 ], "axis": "x", "angle": 22.5 },
			"faces": {
				"down": { "uv": [ 12.5, 11, 12, 10.5 ], "texture": "#ostrich" },
				"up": { "uv": [ 12.5, 10.5, 13, 11 ], "texture": "#ostrich" },
				"north": { "uv": [ 12, 11, 11.5, 10.5 ], "texture": "#ostrich" },
				"south": { "uv": [ 11, 10.5, 11.5, 11 ], "texture": "#ostrich" },
				"west": { "uv": [ 13, 10.5, 13.5, 11 ], "texture": "#ostrich", "rotation": 270 },
				"east": { "uv": [ 13.5, 10.5, 14, 11 ], "texture": "#ostrich", "rotation": 90 }
			}
		},
		{
			"__comment": "Box1",
			"from": [ 5.1053, -3.4651, 8.3686 ],
			"to": [ 5.72482, -2.22606, 8.98812 ],
			"rotation": { "origin": [ 3.81524, 0.9444799, 10.63844 ], "axis": "x", "angle": 22.5 },
			"faces": {
				"down": { "uv": [ 5.5, 9, 5, 8.5 ], "texture": "#ostrich" },
				"up": { "uv": [ 5, 8.5, 5.5, 9 ], "texture": "#ostrich" },
				"north": { "uv": [ 5.5, 9, 5, 8.5 ], "texture": "#ostrich" },
				"south": { "uv": [ 5, 8.5, 5.5, 9 ], "texture": "#ostrich" },
				"west": { "uv": [ 5, 8.5, 5.5, 9 ], "texture": "#ostrich", "rotation": 270 },
				"east": { "uv": [ 5, 8.5, 5.5, 9 ], "texture": "#ostrich", "rotation": 90 }
			}
		},
		{
			"__comment": "Box1",
			"from": [ 3.5565, -3.4651, 8.3686 ],
			"to": [ 4.17602, -2.22606, 8.98812 ],
			"rotation": { "origin": [ 3.81524, 0.9444799, 10.63844 ], "axis": "x", "angle": 22.5 },
			"faces": {
				"down": { "uv": [ 5.5, 9, 5, 8.5 ], "texture": "#ostrich" },
				"up": { "uv": [ 5, 8.5, 5.5, 9 ], "texture": "#ostrich" },
				"north": { "uv": [ 5.5, 9, 5, 8.5 ], "texture": "#ostrich" },
				"south": { "uv": [ 5, 8.5, 5.5, 9 ], "texture": "#ostrich" },
				"west": { "uv": [ 5, 8.5, 5.5, 9 ], "texture": "#ostrich", "rotation": 270 },
				"east": { "uv": [ 5, 8.5, 5.5, 9 ], "texture": "#ostrich", "rotation": 90 }
			}
		},
		{
			"__comment": "Box1",
			"from": [ 4.7445, 2.3464, 10.88 ],
			"to": [ 8.151859, 5.444, 12.4288 ],
			"faces": {
				"down": { "uv": [ 13.5, 12.5, 15, 13 ], "texture": "#ostrich" },
				"up": { "uv": [ 13.5, 12.5, 15, 13 ], "texture": "#ostrich" },
				"north": { "uv": [ 14.5, 14.5, 16, 16 ], "texture": "#ostrich" },
				"south": { "uv": [ 2.5, 12.5, 4, 14 ], "texture": "#ostrich" },
				"west": { "uv": [ 4.5, 5, 5, 6.5 ], "texture": "#ostrich" },
				"east": { "uv": [ 5, 5, 4.5, 6.5 ], "texture": "#ostrich" }
			}
		},
		{
			"__comment": "Box1",
			"from": [ 4.4348, 1.8817, 9.021399 ],
			"to": [ 8.461679, 5.598821, 10.87996 ],
			"faces": {
				"down": { "uv": [ 5, 12, 7, 12.5 ], "texture": "#ostrich" },
				"up": { "uv": [ 5, 12, 7, 12.5 ], "texture": "#ostrich" },
				"north": { "uv": [ 0, 0, 2, 1.5 ], "texture": "#ostrich" },
				"south": { "uv": [ 0, 1.5, 2, 3 ], "texture": "#ostrich" },
				"west": { "uv": [ 2, 0, 2.5, 1.5 ], "texture": "#ostrich" },
				"east": { "uv": [ 2, 0, 2.5, 1.5 ], "texture": "#ostrich" }
			}
		},
		{
			"__comment": "Box1",
			"from": [ -2.1897, 1.375, 4 ],
			"to": [ 4.0055, 5.401881, 4.61952 ],
			"rotation": { "origin": [ 4.0055, 1.375, 4 ], "axis": "y", "angle": 22.5 },
			"faces": {
				"down": { "uv": [ 3, 16, 0, 15.5 ], "texture": "#ostrich" },
				"up": { "uv": [ 0, 15.5, 3, 16 ], "texture": "#ostrich", "rotation": 180 },
				"north": { "uv": [ 6, 14, 9, 16 ], "texture": "#ostrich" },
				"south": { "uv": [ 9, 14, 6, 16 ], "texture": "#ostrich" },
				"west": { "uv": [ 3, 4, 3.5, 6 ], "texture": "#ostrich" },
				"east": { "uv": [ 3, 6, 3.5, 8 ], "texture": "#ostrich" }
			}
		}
	],
	"display": {
		"thirdperson_righthand": {
			"rotation":  [ 90, 0, 0 ],
			"translation":  [ 0, -1.391, 3.4782 ]
		},
		"thirdperson_lefthand": {
			"rotation":  [ 90, 0, 0 ],
			"translation":  [ 0, -1.391, 3.4782 ]
		},
		"gui": {
			"rotation":  [ 0, -66, 0 ],
			"translation":  [ 0, 4.1739, 0 ],
			"scale":  [ 0.7, 0.7, 0.7 ]
		},
		"head": {
			"translation":  [ 6.9565, 12.518, 10.434 ],
			"scale":  [ 4, 4, 4 ]
		},
		"ground": {
			"translation":  [ 0, 13.217, 0 ]
		},
		"fixed": {
			"rotation":  [ -90, 0, 0 ],
			"translation":  [ 0, 0.6956, -13.21 ]
		}
	}
}