{
	"__comment": "Cubik Studio - https://cubik.studio",
	"ambientocclusion": false,
	"textures": {
		"birdnest": "item/birdnest"
	},
	"elements": [ 	 
		{
			"__comment": "Element",
			"from": [ 0.2501, -6.625, -10.7501 ],
			"to": [ 16.2501, -6.624, 5.2499 ],
			"rotation": { "origin": [ 8.25, -6.625, 13.25 ], "axis": "x", "angle": 45 },
			"shade": false,
			"faces": {
				"down": { "uv": [ 0, 14, 2, 16 ], "texture": "#birdnest" },
				"up": { "uv": [ 2, 14, 4, 16 ], "texture": "#birdnest" }
			}
		},
		{
			"__comment": "Element",
			"from": [ 0.2499, 4.625, 6.7499 ],
			"to": [ 16.2499, 4.626, 22.7499 ],
			"rotation": { "origin": [ 8.25, 4.625, 14.75 ], "axis": "x", "angle": -45 },
			"shade": false,
			"faces": {
				"down": { "uv": [ 4, 16, 6, 14 ], "texture": "#birdnest", "rotation": 180 },
				"up": { "uv": [ 6, 16, 8, 14 ], "texture": "#birdnest", "rotation": 180 }
			}
		},
		{
			"__comment": "Element",
			"from": [ 8.25, -0.25, 0.625 ],
			"to": [ 24.25, -0.249, 16.625 ],
			"rotation": { "origin": [ 8.25, -0.25, 16.625 ], "axis": "z", "angle": 45 },
			"shade": false,
			"faces": {
				"down": { "uv": [ 0, 12, 2, 14 ], "texture": "#birdnest", "rotation": 90 },
				"up": { "uv": [ 2, 14, 4, 12 ], "texture": "#birdnest", "rotation": 270 }
			}
		},
		{
			"__comment": "Element",
			"from": [ -8.625, -0.3749, 0.6248 ],
			"to": [ 7.375, -0.3739, 16.6248 ],
			"rotation": { "origin": [ 7.375, -0.375, 16.625 ], "axis": "z", "angle": -45 },
			"shade": false,
			"faces": {
				"down": { "uv": [ 4, 12, 6, 14 ], "texture": "#birdnest", "rotation": 90 },
				"up": { "uv": [ 6, 14, 8, 12 ], "texture": "#birdnest", "rotation": 270 }
			}
		},
		{
			"__comment": "Element",
			"from": [ 0, 0, 8 ],
			"to": [ 16, 0.001, 24 ],
			"rotation": { "origin": [ 0, 0, 8 ], "axis": "x", "angle": -22.5 },
			"shade": false,
			"faces": {
				"down": { "uv": [ 0, 10, 2, 12 ], "texture": "#birdnest" },
				"up": { "uv": [ 2, 10, 4, 12 ], "texture": "#birdnest" }
			}
		},
		{
			"__comment": "Element",
			"from": [ 8, 0, 0 ],
			"to": [ 24, 0.001, 16 ],
			"rotation": { "origin": [ 8, 0, 0 ], "axis": "z", "angle": 22.5 },
			"shade": false,
			"faces": {
				"down": { "uv": [ 4, 12, 6, 10 ], "texture": "#birdnest", "rotation": 270 },
				"up": { "uv": [ 6, 10, 8, 12 ], "texture": "#birdnest", "rotation": 90 }
			}
		},
		{
			"__comment": "Element",
			"from": [ 0, 0, -8 ],
			"to": [ 16, 0.001, 8 ],
			"rotation": { "origin": [ 0, 0, 8 ], "axis": "x", "angle": 22.5 },
			"shade": false,
			"faces": {
				"down": { "uv": [ 0, 8, 2, 10 ], "texture": "#birdnest" },
				"up": { "uv": [ 2, 8, 4, 10 ], "texture": "#birdnest" }
			}
		},
		{
			"__comment": "Element",
			"from": [ -8, 0, 0 ],
			"to": [ 8, 0.001, 16 ],
			"rotation": { "origin": [ 8, 0, 0 ], "axis": "z", "angle": -22.5 },
			"shade": false,
			"faces": {
				"down": { "uv": [ 4, 8, 6, 10 ], "texture": "#birdnest", "rotation": 90 },
				"up": { "uv": [ 6, 10, 8, 8 ], "texture": "#birdnest", "rotation": 270 }
			}
		},
		{
			"__comment": "Box9",
			"from": [ 5.5, 1.625, 5.75 ],
			"to": [ 10.5, 7.125, 10.75 ],
			"faces": {
				"down": { "uv": [ 0, 4.75, 0.125, 5 ], "texture": "#birdnest" },
				"up": { "uv": [ 0, 4.75, 0.125, 5 ], "texture": "#birdnest" },
				"north": { "uv": [ 0, 4.75, 0.125, 5 ], "texture": "#birdnest" },
				"south": { "uv": [ 0, 4.75, 0.125, 5 ], "texture": "#birdnest" },
				"west": { "uv": [ 0, 4.75, 0.125, 5 ], "texture": "#birdnest" },
				"east": { "uv": [ 0, 4.75, 0.125, 5 ], "texture": "#birdnest" }
			}
		}
	],
	"display": {
		"firstperson_righthand": {
			"translation":  [ 0, 6.2608, 0 ]
		},
		"firstperson_lefthand": {
			"translation":  [ 0, 6.2608, 0 ]
		},
		"gui": {
			"rotation":  [ 90, 0, 0 ],
			"scale":  [ 0.8, 0.8, 0.8 ]
		},
		"head": {
			"translation":  [ 0, -25.73, 0 ],
			"scale":  [ 2, 2, 2 ]
		},
		"ground": {
			"translation":  [ 0, 2.7826, 0 ]
		},
		"fixed": {
			"rotation":  [ -90, 0, 0 ],
			"translation":  [ 0, 0, -7.652 ]
		}
	}
}