{
	"__comment": "Cubik Studio - https://cubik.studio",
	"textures": {
		"ostrich": "item/ostrich"
	},
	"elements": [ 	 
		{
			"__comment": "Box1",
			"from": [ 6.2933, 10.6575, -0.8159 ],
			"to": [ 6.912818, 10.93074, -0.5061398 ],
			"faces": {
				"down": { "uv": [ 8, 11, 8.5, 11.5 ], "texture": "#ostrich" },
				"up": { "uv": [ 6.5, 11.5, 7, 12 ], "texture": "#ostrich" },
				"north": { "uv": [ 6.5, 11, 7, 11.5 ], "texture": "#ostrich" },
				"south": { "uv": [ 7.5, 11.5, 8, 12 ], "texture": "#ostrich" },
				"west": { "uv": [ 7.5, 11, 8, 11.5 ], "texture": "#ostrich", "rotation": 270 },
				"east": { "uv": [ 7.5, 11, 8, 11.5 ], "texture": "#ostrich", "rotation": 270 }
			}
		},
		{
			"__comment": "Box1",
			"from": [ 4.125, 1.4945, 3.7555 ],
			"to": [ 8.7714, 5.831141, 9.02142 ],
			"faces": {
				"down": { "uv": [ 0, 7, 2, 9.5 ], "texture": "#ostrich" },
				"up": { "uv": [ 0, 7, 2, 9.5 ], "texture": "#ostrich" },
				"north": { "uv": [ 0, 5, 2, 7 ], "texture": "#ostrich" },
				"south": { "uv": [ 0, 3, 2, 5 ], "texture": "#ostrich" },
				"west": { "uv": [ 12, 14, 14.5, 16 ], "texture": "#ostrich" },
				"east": { "uv": [ 12, 14, 14.5, 16 ], "texture": "#ostrich" }
			}
		},
		{
			"__comment": "Box1",
			"from": [ 8.271399, 1.375, 4.375 ],
			"to": [ 8.890922, 5.401881, 10.5702 ],
			"rotation": { "origin": [ 8.271399, 1.375, 4.375 ], "axis": "x", "angle": 22.5 },
			"faces": {
				"down": { "uv": [ 3, 16, 0, 15.5 ], "texture": "#ostrich", "rotation": 90 },
				"up": { "uv": [ 0, 15.5, 3, 16 ], "texture": "#ostrich", "rotation": 90 },
				"north": { "uv": [ 2, 5, 2.5, 7 ], "texture": "#ostrich" },
				"south": { "uv": [ 3, 4, 3.5, 6 ], "texture": "#ostrich" },
				"west": { "uv": [ 6, 14, 9, 16 ], "texture": "#ostrich" },
				"east": { "uv": [ 9, 14, 6, 16 ], "texture": "#ostrich" }
			}
		},
		{
			"__comment": "Box1",
			"from": [ 4.8994, 1.2445, 11.8867 ],
			"to": [ 7.997, 4.3421, 14.36478 ],
			"faces": {
				"down": { "uv": [ 12, 13, 13.5, 14 ], "texture": "#ostrich" },
				"up": { "uv": [ 13.5, 13, 15, 14 ], "texture": "#ostrich" },
				"north": { "uv": [ 10, 12.5, 11, 14 ], "texture": "#ostrich" },
				"south": { "uv": [ 10, 12.5, 11, 14 ], "texture": "#ostrich" },
				"west": { "uv": [ 10, 12.5, 11, 14 ], "texture": "#ostrich" },
				"east": { "uv": [ 10, 12.5, 11, 14 ], "texture": "#ostrich" }
			}
		},
		{
			"__comment": "Box1",
			"from": [ 4.822, 2.9659, 3.3262 ],
			"to": [ 8.229361, 6.0635, 4.56524 ],
			"faces": {
				"down": { "uv": [ 15.5, 12.5, 16, 14 ], "texture": "#ostrich", "rotation": 90 },
				"up": { "uv": [ 12, 12.5, 13.5, 13 ], "texture": "#ostrich" },
				"north": { "uv": [ 4, 12.5, 5.5, 14 ], "texture": "#ostrich" },
				"south": { "uv": [ 5.5, 12.5, 7, 14 ], "texture": "#ostrich" },
				"west": { "uv": [ 16, 12.5, 15.5, 14 ], "texture": "#ostrich" },
				"east": { "uv": [ 15.5, 12.5, 16, 14 ], "texture": "#ostrich" }
			}
		},
		{
			"__comment": "Box1",
			"from": [ 5.9836, 5.6781, 2.7797 ],
			"to": [ 7.22264, 7.53666, 4.01874 ],
			"rotation": { "origin": [ 5.75124, 3.907361, 3.98108 ], "axis": "x", "angle": -22.5 },
			"faces": {
				"down": { "uv": [ 12, 11.5, 12.5, 12 ], "texture": "#ostrich" },
				"up": { "uv": [ 12, 11.5, 12.5, 12 ], "texture": "#ostrich" },
				"north": { "uv": [ 11, 11.5, 11.5, 12 ], "texture": "#ostrich" },
				"south": { "uv": [ 11, 11, 11.5, 11.5 ], "texture": "#ostrich" },
				"west": { "uv": [ 12, 11.5, 12.5, 12 ], "texture": "#ostrich" },
				"east": { "uv": [ 12, 11, 12.5, 11.5 ], "texture": "#ostrich" }
			}
		},
		{
			"__comment": "Box1",
			"from": [ 5.9936, 6.8972, 1.5584 ],
			"to": [ 7.207859, 9.065519, 2.772659 ],
			"faces": {
				"down": { "uv": [ 12, 11.5, 12.5, 12 ], "texture": "#ostrich" },
				"up": { "uv": [ 12, 11.5, 12.5, 12 ], "texture": "#ostrich" },
				"north": { "uv": [ 12, 11.5, 12.5, 12 ], "texture": "#ostrich" },
				"south": { "uv": [ 12, 11.5, 12.5, 12 ], "texture": "#ostrich" },
				"west": { "uv": [ 12, 11.5, 12.5, 12 ], "texture": "#ostrich" },
				"east": { "uv": [ 12.5, 11.5, 12, 12 ], "texture": "#ostrich" }
			}
		},
		{
			"__comment": "Box1",
			"from": [ 5.9836, 9.2438, 3.6717 ],
			"to": [ 7.22264, 11.41212, 4.91074 ],
			"rotation": { "origin": [ 5.75124, 3.907361, 3.98108 ], "axis": "x", "angle": -22.5 },
			"faces": {
				"down": { "uv": [ 12, 11.5, 12.5, 12 ], "texture": "#ostrich" },
				"up": { "uv": [ 12, 11.5, 12.5, 12 ], "texture": "#ostrich" },
				"north": { "uv": [ 12, 11.5, 12.5, 12 ], "texture": "#ostrich" },
				"south": { "uv": [ 12, 11.5, 12.5, 12 ], "texture": "#ostrich" },
				"west": { "uv": [ 12, 11.5, 12.5, 12 ], "texture": "#ostrich" },
				"east": { "uv": [ 12.5, 11.5, 12, 12 ], "texture": "#ostrich" }
			}
		},
		{
			"__comment": "Box1",
			"from": [ 5.8287, 10.3801, 0.2856 ],
			"to": [ 7.3775, 11.71826, 1.8344 ],
			"faces": {
				"down": { "uv": [ 5, 5.5, 5.5, 6 ], "texture": "#ostrich" },
				"up": { "uv": [ 5, 5, 5.5, 5.5 ], "texture": "#ostrich" },
				"north": { "uv": [ 5, 4.5, 5.5, 5 ], "texture": "#ostrich" },
				"south": { "uv": [ 5, 4, 5.5, 4.5 ], "texture": "#ostrich" },
				"west": { "uv": [ 5, 3.5, 5.5, 4 ], "texture": "#ostrich", "rotation": 270 },
				"east": { "uv": [ 5, 4, 5.5, 3.5 ], "texture": "#ostrich", "rotation": 270 }
			}
		},
		{
			"__comment": "Box1",
			"from": [ 5.8387, 10.5957, 0.1195 ],
			"to": [ 7.356524, 11.07406, 0.4230649 ],
			"faces": {
				"down": { "uv": [ 5, 2.5, 5.5, 3 ], "texture": "#ostrich" },
				"up": { "uv": [ 5, 2, 5.5, 2.5 ], "texture": "#ostrich" },
				"north": { "uv": [ 5, 1.5, 5.5, 2 ], "texture": "#ostrich" },
				"south": { "uv": [ 5, 1, 5.5, 1.5 ], "texture": "#ostrich" },
				"west": { "uv": [ 5, 0.5, 5.5, 1 ], "texture": "#ostrich", "rotation": 270 },
				"east": { "uv": [ 5, 1, 5.5, 0.5 ], "texture": "#ostrich", "rotation": 270 }
			}
		},
		{
			"__comment": "Box1",
			"from": [ 5.9836, 10.6492, -0.1963 ],
			"to": [ 7.22264, 11.02401, 0.11346 ],
			"faces": {
				"down": { "uv": [ 5.5, 10, 6, 10.5 ], "texture": "#ostrich" },
				"up": { "uv": [ 6, 10, 6.5, 10.5 ], "texture": "#ostrich" },
				"north": { "uv": [ 6.5, 10, 7, 10.5 ], "texture": "#ostrich" },
				"south": { "uv": [ 7, 10, 7.5, 10.5 ], "texture": "#ostrich" },
				"west": { "uv": [ 2, 9.5, 2.5, 10 ], "texture": "#ostrich", "rotation": 270 },
				"east": { "uv": [ 2, 10, 2.5, 9.5 ], "texture": "#ostrich", "rotation": 270 }
			}
		},
		{
			"__comment": "Box1",
			"from": [ 6.1384, 10.6522, -0.5061 ],
			"to": [ 7.06768, 10.99047, -0.19634 ],
			"faces": {
				"down": { "uv": [ 15.5, 12, 16, 12.5 ], "texture": "#ostrich" },
				"up": { "uv": [ 2.5, 0, 3, 0.5 ], "texture": "#ostrich" },
				"north": { "uv": [ 8.5, 12, 9, 12.5 ], "texture": "#ostrich" },
				"south": { "uv": [ 9, 12, 9.5, 12.5 ], "texture": "#ostrich" },
				"west": { "uv": [ 9.5, 12, 10, 12.5 ], "texture": "#ostrich", "rotation": 270 },
				"east": { "uv": [ 9.5, 12, 10, 12.5 ], "texture": "#ostrich", "rotation": 270 }
			}
		},
		{
			"__comment": "Box1",
			"from": [ 5.7512, 4.2085, 1.9978 ],
			"to": [ 7.3, 5.7573, 3.85636 ],
			"rotation": { "origin": [ 5.75124, 3.907361, 3.98108 ], "axis": "x", "angle": 22.5 },
			"faces": {
				"down": { "uv": [ 12.5, 12, 13, 12.5 ], "texture": "#ostrich", "rotation": 180 },
				"up": { "uv": [ 12.5, 12, 13, 12.5 ], "texture": "#ostrich" },
				"north": { "uv": [ 11.5, 12, 12, 12.5 ], "texture": "#ostrich" },
				"south": { "uv": [ 12, 12, 12.5, 12.5 ], "texture": "#ostrich" },
				"west": { "uv": [ 12.5, 12, 13, 12.5 ], "texture": "#ostrich", "rotation": 270 },
				"east": { "uv": [ 13, 12.5, 12.5, 12 ], "texture": "#ostrich", "rotation": 270 }
			}
		},
		{
			"__comment": "Box1",
			"from": [ 7.4218, -0.0728, 6.7192 ],
			"to": [ 8.660839, 1.166239, 10.74608 ],
			"rotation": { "origin": [ 7.28236, 1.19448, 10.38844 ], "axis": "x", "angle": -22.5 },
			"faces": {
				"down": { "uv": [ 3, 10, 3.5, 12 ], "texture": "#ostrich" },
				"up": { "uv": [ 3.5, 12, 3, 10 ], "texture": "#ostrich" },
				"north": { "uv": [ 14, 12.5, 13.5, 12 ], "texture": "#ostrich" },
				"south": { "uv": [ 13.5, 12, 14, 12.5 ], "texture": "#ostrich" },
				"west": { "uv": [ 3, 10, 3.5, 12 ], "texture": "#ostrich", "rotation": 90 },
				"east": { "uv": [ 3, 10, 3.5, 12 ], "texture": "#ostrich", "rotation": 270 }
			}
		},
		{
			"__comment": "Box1",
			"from": [ 7.2824, 0.1998, 6.9499 ],
			"to": [ 8.8312, 1.7486, 11.28654 ],
			"faces": {
				"down": { "uv": [ 3.5, 2, 4, 4 ], "texture": "#ostrich" },
				"up": { "uv": [ 4, 4, 3.5, 2 ], "texture": "#ostrich" },
				"north": { "uv": [ 7.5, 12, 7, 11.5 ], "texture": "#ostrich" },
				"south": { "uv": [ 7, 11.5, 7.5, 12 ], "texture": "#ostrich" },
				"west": { "uv": [ 3.5, 2, 4, 4 ], "texture": "#ostrich", "rotation": 90 },
				"east": { "uv": [ 3.5, 2, 4, 4 ], "texture": "#ostrich", "rotation": 270 }
			}
		},
		{
			"__comment": "Box1",
			"from": [ 4.0652, 0.1118, 7.0089 ],
			"to": [ 5.613999, 1.6606, 11.34554 ],
			"faces": {
				"down": { "uv": [ 4, 4, 3.5, 2 ], "texture": "#ostrich" },
				"up": { "uv": [ 3.5, 2, 4, 4 ], "texture": "#ostrich" },
				"north": { "uv": [ 7.5, 12, 7, 11.5 ], "texture": "#ostrich" },
				"south": { "uv": [ 7, 11.5, 7.5, 12 ], "texture": "#ostrich" },
				"west": { "uv": [ 3.5, 2, 4, 4 ], "texture": "#ostrich", "rotation": 270 },
				"east": { "uv": [ 3.5, 2, 4, 4 ], "texture": "#ostrich", "rotation": 90 }
			}
		},
		{
			"__comment": "Box1",
			"from": [ 8.5724, -1.4101, 5.5528 ],
			"to": [ 9.19192, -0.7905803, 6.791839 ],
			"faces": {
				"down": { "uv": [ 5, 8.5, 5.5, 9 ], "texture": "#ostrich" },
				"up": { "uv": [ 5, 8.5, 5.5, 9 ], "texture": "#ostrich" },
				"north": { "uv": [ 5, 8.5, 5.5, 9 ], "texture": "#ostrich" },
				"south": { "uv": [ 5, 8.5, 5.5, 9 ], "texture": "#ostrich" },
				"west": { "uv": [ 5, 8.5, 5.5, 9 ], "texture": "#ostrich" },
				"east": { "uv": [ 5, 8.5, 5.5, 9 ], "texture": "#ostrich" }
			}
		},
		{
			"__comment": "Box1",
			"from": [ 4.2046, -0.3496, 7.079 ],
			"to": [ 5.44364, 0.8894399, 11.10588 ],
			"rotation": { "origin": [ 4.06524, 0.3194799, 10.38844 ], "axis": "x", "angle": -22.5 },
			"faces": {
				"down": { "uv": [ 3, 10, 3.5, 12 ], "texture": "#ostrich" },
				"up": { "uv": [ 3.5, 12, 3, 10 ], "texture": "#ostrich" },
				"north": { "uv": [ 14, 12.5, 13.5, 12 ], "texture": "#ostrich" },
				"south": { "uv": [ 13.5, 12, 14, 12.5 ], "texture": "#ostrich" },
				"west": { "uv": [ 3, 10, 3.5, 12 ], "texture": "#ostrich", "rotation": 90 },
				"east": { "uv": [ 3, 10, 3.5, 12 ], "texture": "#ostrich", "rotation": 270 }
			}
		},
		{
			"__comment": "Box1",
			"from": [ 7.4418, -1.2569, 6.1973 ],
			"to": [ 8.68084, -0.6373802, 7.43634 ],
			"faces": {
				"down": { "uv": [ 13, 11.5, 13.5, 12 ], "texture": "#ostrich" },
				"up": { "uv": [ 13, 11, 13.5, 11.5 ], "texture": "#ostrich" },
				"north": { "uv": [ 13.5, 11.5, 14, 12 ], "texture": "#ostrich" },
				"south": { "uv": [ 13.5, 11, 14, 11.5 ], "texture": "#ostrich" },
				"west": { "uv": [ 14, 11.5, 14.5, 12 ], "texture": "#ostrich" },
				"east": { "uv": [ 14, 11, 14.5, 11.5 ], "texture": "#ostrich" }
			}
		},
		{
			"__comment": "Box1",
			"from": [ 7.798, -1.4351, 4.4115 ],
			"to": [ 8.417521, -0.8155788, 6.27006 ],
			"faces": {
				"down": { "uv": [ 13, 10.5, 13.5, 11 ], "texture": "#ostrich", "rotation": 270 },
				"up": { "uv": [ 11.5, 10.5, 12, 11 ], "texture": "#ostrich" },
				"north": { "uv": [ 15, 11.5, 15.5, 12 ], "texture": "#ostrich" },
				"south": { "uv": [ 15.5, 11.5, 16, 12 ], "texture": "#ostrich" },
				"west": { "uv": [ 13, 10.5, 13.5, 11 ], "texture": "#ostrich" },
				"east": { "uv": [ 13.5, 10.5, 13, 11 ], "texture": "#ostrich" }
			}
		},
		{
			"__comment": "Box1",
			"from": [ 7.0236, -1.4101, 5.5529 ],
			"to": [ 7.643118, -0.7905788, 6.791939 ],
			"faces": {
				"down": { "uv": [ 5, 8.5, 5.5, 9 ], "texture": "#ostrich" },
				"up": { "uv": [ 5, 8.5, 5.5, 9 ], "texture": "#ostrich" },
				"north": { "uv": [ 5, 8.5, 5.5, 9 ], "texture": "#ostrich" },
				"south": { "uv": [ 5, 8.5, 5.5, 9 ], "texture": "#ostrich" },
				"west": { "uv": [ 5, 8.5, 5.5, 9 ], "texture": "#ostrich" },
				"east": { "uv": [ 5, 8.5, 5.5, 9 ], "texture": "#ostrich" }
			}
		},
		{
			"__comment": "Box1",
			"from": [ 4.2246, -1.1271, 6.3733 ],
			"to": [ 5.46364, -0.5075798, 7.61234 ],
			"faces": {
				"down": { "uv": [ 8, 10.5, 8.5, 11 ], "texture": "#ostrich" },
				"up": { "uv": [ 8.5, 10.5, 9, 11 ], "texture": "#ostrich" },
				"north": { "uv": [ 9, 10.5, 9.5, 11 ], "texture": "#ostrich" },
				"south": { "uv": [ 9.5, 10.5, 10, 11 ], "texture": "#ostrich" },
				"west": { "uv": [ 10, 10.5, 10.5, 11 ], "texture": "#ostrich" },
				"east": { "uv": [ 10.5, 10.5, 11, 11 ], "texture": "#ostrich" }
			}
		},
		{
			"__comment": "Box1",
			"from": [ 4.5809, -1.3051, 4.5875 ],
			"to": [ 5.200418, -0.6855798, 6.44606 ],
			"faces": {
				"down": { "uv": [ 11, 10.5, 11.5, 11 ], "texture": "#ostrich" },
				"up": { "uv": [ 11.5, 10.5, 12, 11 ], "texture": "#ostrich" },
				"north": { "uv": [ 12, 10.5, 12.5, 11 ], "texture": "#ostrich" },
				"south": { "uv": [ 12.5, 10.5, 13, 11 ], "texture": "#ostrich" },
				"west": { "uv": [ 13, 10.5, 13.5, 11 ], "texture": "#ostrich" },
				"east": { "uv": [ 13.5, 10.5, 14, 11 ], "texture": "#ostrich" }
			}
		},
		{
			"__comment": "Box1",
			"from": [ 5.3553, -1.2802, 5.7289 ],
			"to": [ 5.97482, -0.6606798, 6.96794 ],
			"faces": {
				"down": { "uv": [ 5, 8.5, 5.5, 9 ], "texture": "#ostrich" },
				"up": { "uv": [ 5, 8.5, 5.5, 9 ], "texture": "#ostrich" },
				"north": { "uv": [ 5, 8.5, 5.5, 9 ], "texture": "#ostrich" },
				"south": { "uv": [ 5, 8.5, 5.5, 9 ], "texture": "#ostrich" },
				"west": { "uv": [ 5, 8.5, 5.5, 9 ], "texture": "#ostrich" },
				"east": { "uv": [ 5, 8.5, 5.5, 9 ], "texture": "#ostrich" }
			}
		},
		{
			"__comment": "Box1",
			"from": [ 3.8065, -1.2802, 5.7289 ],
			"to": [ 4.42602, -0.6606798, 6.96794 ],
			"faces": {
				"down": { "uv": [ 5, 8.5, 5.5, 9 ], "texture": "#ostrich" },
				"up": { "uv": [ 5, 8.5, 5.5, 9 ], "texture": "#ostrich" },
				"north": { "uv": [ 5, 8.5, 5.5, 9 ], "texture": "#ostrich" },
				"south": { "uv": [ 5, 8.5, 5.5, 9 ], "texture": "#ostrich" },
				"west": { "uv": [ 5, 8.5, 5.5, 9 ], "texture": "#ostrich" },
				"east": { "uv": [ 5, 8.5, 5.5, 9 ], "texture": "#ostrich" }
			}
		},
		{
			"__comment": "Box1",
			"from": [ 4.7445, 2.2214, 10.88 ],
			"to": [ 8.151859, 5.319, 12.4288 ],
			"faces": {
				"down": { "uv": [ 13.5, 12.5, 15, 13 ], "texture": "#ostrich" },
				"up": { "uv": [ 13.5, 12.5, 15, 13 ], "texture": "#ostrich" },
				"north": { "uv": [ 14.5, 14.5, 16, 16 ], "texture": "#ostrich" },
				"south": { "uv": [ 2.5, 12.5, 4, 14 ], "texture": "#ostrich" },
				"west": { "uv": [ 4.5, 5, 5, 6.5 ], "texture": "#ostrich" },
				"east": { "uv": [ 5, 5, 4.5, 6.5 ], "texture": "#ostrich" }
			}
		},
		{
			"__comment": "Box1",
			"from": [ 4.4348, 1.8817, 9.021399 ],
			"to": [ 8.461679, 5.598821, 10.87996 ],
			"faces": {
				"down": { "uv": [ 5, 12, 7, 12.5 ], "texture": "#ostrich" },
				"up": { "uv": [ 5, 12, 7, 12.5 ], "texture": "#ostrich" },
				"north": { "uv": [ 0, 0, 2, 1.5 ], "texture": "#ostrich" },
				"south": { "uv": [ 0, 1.5, 2, 3 ], "texture": "#ostrich" },
				"west": { "uv": [ 2, 0, 2.5, 1.5 ], "texture": "#ostrich" },
				"east": { "uv": [ 2, 0, 2.5, 1.5 ], "texture": "#ostrich" }
			}
		},
		{
			"__comment": "Box1",
			"from": [ 4.0054, 1.375, 4.375 ],
			"to": [ 4.624919, 5.401881, 10.5702 ],
			"rotation": { "origin": [ 4.0055, 1.375, 4.375 ], "axis": "x", "angle": 22.5 },
			"faces": {
				"down": { "uv": [ 3, 16, 0, 15.5 ], "texture": "#ostrich", "rotation": 90 },
				"up": { "uv": [ 0, 15.5, 3, 16 ], "texture": "#ostrich", "rotation": 90 },
				"north": { "uv": [ 3, 6, 3.5, 8 ], "texture": "#ostrich" },
				"south": { "uv": [ 3, 4, 3.5, 6 ], "texture": "#ostrich" },
				"west": { "uv": [ 6, 14, 9, 16 ], "texture": "#ostrich" },
				"east": { "uv": [ 9, 14, 6, 16 ], "texture": "#ostrich" }
			}
		}
	],
	"display": {
		"thirdperson_righthand": {
			"rotation":  [ 90, 0, 0 ],
			"translation":  [ 0, -1.391, 3.4782 ]
		},
		"thirdperson_lefthand": {
			"rotation":  [ 90, 0, 0 ],
			"translation":  [ 0, -1.391, 3.4782 ]
		},
		"gui": {
			"rotation":  [ 0, -66, 0 ],
			"translation":  [ 0, 4.1739, 0 ],
			"scale":  [ 0.7, 0.7, 0.7 ]
		},
		"head": {
			"translation":  [ 6.9565, -32.69, 4.8687 ],
			"scale":  [ 4, 4, 4 ]
		},
		"ground": {
			"translation":  [ 0, 13.217, 0 ]
		},
		"fixed": {
			"rotation":  [ -90, 0, 0 ],
			"translation":  [ 0, 0.6956, -13.21 ]
		}
	}
}