{
	"__comment": "Cubik Studio - https://cubik.studio",
	"textures": {
		"ostrich": "item/ostrich"
	},
	"elements": [ 	 
		{
			"__comment": "Box1",
			"from": [ 6.2933, 11.0325, -2.3159 ],
			"to": [ 6.91282, 11.30574, -2.00614 ],
			"faces": {
				"down": { "uv": [ 8, 11, 8.5, 11.5 ], "texture": "#ostrich" },
				"up": { "uv": [ 6.5, 11.5, 7, 12 ], "texture": "#ostrich" },
				"north": { "uv": [ 6.5, 11, 7, 11.5 ], "texture": "#ostrich" },
				"south": { "uv": [ 7.5, 11.5, 8, 12 ], "texture": "#ostrich" },
				"west": { "uv": [ 7.5, 11, 8, 11.5 ], "texture": "#ostrich", "rotation": 270 },
				"east": { "uv": [ 7.5, 11, 8, 11.5 ], "texture": "#ostrich", "rotation": 270 }
			}
		},
		{
			"__comment": "Box1",
			"from": [ 4.125, 1.4945, 3.7555 ],
			"to": [ 8.7714, 5.831141, 9.02142 ],
			"faces": {
				"down": { "uv": [ 0, 7, 2, 9.5 ], "texture": "#ostrich" },
				"up": { "uv": [ 0, 7, 2, 9.5 ], "texture": "#ostrich" },
				"north": { "uv": [ 0, 5, 2, 7 ], "texture": "#ostrich" },
				"south": { "uv": [ 0, 3, 2, 5 ], "texture": "#ostrich" },
				"west": { "uv": [ 12, 14, 14.5, 16 ], "texture": "#ostrich" },
				"east": { "uv": [ 12, 14, 14.5, 16 ], "texture": "#ostrich" }
			}
		},
		{
			"__comment": "Box1",
			"from": [ 8.771399, 0.875, 4.375 ],
			"to": [ 9.39092, 4.901881, 10.5702 ],
			"faces": {
				"down": { "uv": [ 3, 16, 0, 15.5 ], "texture": "#ostrich", "rotation": 90 },
				"up": { "uv": [ 0, 15.5, 3, 16 ], "texture": "#ostrich", "rotation": 90 },
				"north": { "uv": [ 2, 5, 2.5, 7 ], "texture": "#ostrich" },
				"south": { "uv": [ 3, 4, 3.5, 6 ], "texture": "#ostrich" },
				"west": { "uv": [ 6, 14, 9, 16 ], "texture": "#ostrich" },
				"east": { "uv": [ 9, 14, 6, 16 ], "texture": "#ostrich" }
			}
		},
		{
			"__comment": "Box1",
			"from": [ 4.8994, 1.4945, 11.8867 ],
			"to": [ 7.997, 4.5921, 14.36478 ],
			"faces": {
				"down": { "uv": [ 12, 13, 13.5, 14 ], "texture": "#ostrich" },
				"up": { "uv": [ 13.5, 13, 15, 14 ], "texture": "#ostrich" },
				"north": { "uv": [ 10, 12.5, 11, 14 ], "texture": "#ostrich" },
				"south": { "uv": [ 10, 12.5, 11, 14 ], "texture": "#ostrich" },
				"west": { "uv": [ 10, 12.5, 11, 14 ], "texture": "#ostrich" },
				"east": { "uv": [ 10, 12.5, 11, 14 ], "texture": "#ostrich" }
			}
		},
		{
			"__comment": "Box1",
			"from": [ 4.822, 2.9659, 2.7012 ],
			"to": [ 8.229361, 6.0635, 3.94024 ],
			"faces": {
				"down": { "uv": [ 15.5, 12.5, 16, 14 ], "texture": "#ostrich", "rotation": 90 },
				"up": { "uv": [ 12, 12.5, 13.5, 13 ], "texture": "#ostrich" },
				"north": { "uv": [ 4, 12.5, 5.5, 14 ], "texture": "#ostrich" },
				"south": { "uv": [ 5.5, 12.5, 7, 14 ], "texture": "#ostrich" },
				"west": { "uv": [ 16, 12.5, 15.5, 14 ], "texture": "#ostrich" },
				"east": { "uv": [ 15.5, 12.5, 16, 14 ], "texture": "#ostrich" }
			}
		},
		{
			"__comment": "Box1",
			"from": [ 5.9836, 5.4954, 0.6759 ],
			"to": [ 7.22264, 7.35396, 1.91494 ],
			"rotation": { "origin": [ 5.983561, 5.5214, 0.7773998 ], "axis": "x", "angle": -22.5 },
			"faces": {
				"down": { "uv": [ 12, 11.5, 12.5, 12 ], "texture": "#ostrich" },
				"up": { "uv": [ 12, 11.5, 12.5, 12 ], "texture": "#ostrich" },
				"north": { "uv": [ 11, 11.5, 11.5, 12 ], "texture": "#ostrich" },
				"south": { "uv": [ 11, 11, 11.5, 11.5 ], "texture": "#ostrich" },
				"west": { "uv": [ 12, 11.5, 12.5, 12 ], "texture": "#ostrich" },
				"east": { "uv": [ 12, 11, 12.5, 11.5 ], "texture": "#ostrich" }
			}
		},
		{
			"__comment": "Box1",
			"from": [ 5.9936, 7.2722, 0.0584 ],
			"to": [ 7.207859, 9.440519, 1.272659 ],
			"faces": {
				"down": { "uv": [ 12, 11.5, 12.5, 12 ], "texture": "#ostrich" },
				"up": { "uv": [ 12, 11.5, 12.5, 12 ], "texture": "#ostrich" },
				"north": { "uv": [ 12, 11.5, 12.5, 12 ], "texture": "#ostrich" },
				"south": { "uv": [ 12, 11.5, 12.5, 12 ], "texture": "#ostrich" },
				"west": { "uv": [ 12, 11.5, 12.5, 12 ], "texture": "#ostrich" },
				"east": { "uv": [ 12.5, 11.5, 12, 12 ], "texture": "#ostrich" }
			}
		},
		{
			"__comment": "Box1",
			"from": [ 5.9836, 9.0611, 1.5679 ],
			"to": [ 7.22264, 11.22942, 2.80694 ],
			"rotation": { "origin": [ 5.983561, 5.5214, 0.7773998 ], "axis": "x", "angle": -22.5 },
			"faces": {
				"down": { "uv": [ 12, 11.5, 12.5, 12 ], "texture": "#ostrich" },
				"up": { "uv": [ 12, 11.5, 12.5, 12 ], "texture": "#ostrich" },
				"north": { "uv": [ 12, 11.5, 12.5, 12 ], "texture": "#ostrich" },
				"south": { "uv": [ 12, 11.5, 12.5, 12 ], "texture": "#ostrich" },
				"west": { "uv": [ 12, 11.5, 12.5, 12 ], "texture": "#ostrich" },
				"east": { "uv": [ 12.5, 11.5, 12, 12 ], "texture": "#ostrich" }
			}
		},
		{
			"__comment": "Box1",
			"from": [ 5.8287, 10.7551, -1.2144 ],
			"to": [ 7.3775, 12.09326, 0.3344002 ],
			"faces": {
				"down": { "uv": [ 5, 5.5, 5.5, 6 ], "texture": "#ostrich" },
				"up": { "uv": [ 5, 5, 5.5, 5.5 ], "texture": "#ostrich" },
				"north": { "uv": [ 5, 4.5, 5.5, 5 ], "texture": "#ostrich" },
				"south": { "uv": [ 5, 4, 5.5, 4.5 ], "texture": "#ostrich" },
				"west": { "uv": [ 5, 3.5, 5.5, 4 ], "texture": "#ostrich", "rotation": 270 },
				"east": { "uv": [ 5, 4, 5.5, 3.5 ], "texture": "#ostrich", "rotation": 270 }
			}
		},
		{
			"__comment": "Box1",
			"from": [ 5.8387, 10.9707, -1.3805 ],
			"to": [ 7.356524, 11.44906, -1.076935 ],
			"faces": {
				"down": { "uv": [ 5, 2.5, 5.5, 3 ], "texture": "#ostrich" },
				"up": { "uv": [ 5, 2, 5.5, 2.5 ], "texture": "#ostrich" },
				"north": { "uv": [ 5, 1.5, 5.5, 2 ], "texture": "#ostrich" },
				"south": { "uv": [ 5, 1, 5.5, 1.5 ], "texture": "#ostrich" },
				"west": { "uv": [ 5, 0.5, 5.5, 1 ], "texture": "#ostrich", "rotation": 270 },
				"east": { "uv": [ 5, 1, 5.5, 0.5 ], "texture": "#ostrich", "rotation": 270 }
			}
		},
		{
			"__comment": "Box1",
			"from": [ 5.9836, 11.0242, -1.6963 ],
			"to": [ 7.22264, 11.39901, -1.38654 ],
			"faces": {
				"down": { "uv": [ 5.5, 10, 6, 10.5 ], "texture": "#ostrich" },
				"up": { "uv": [ 6, 10, 6.5, 10.5 ], "texture": "#ostrich" },
				"north": { "uv": [ 6.5, 10, 7, 10.5 ], "texture": "#ostrich" },
				"south": { "uv": [ 7, 10, 7.5, 10.5 ], "texture": "#ostrich" },
				"west": { "uv": [ 2, 9.5, 2.5, 10 ], "texture": "#ostrich", "rotation": 270 },
				"east": { "uv": [ 2, 10, 2.5, 9.5 ], "texture": "#ostrich", "rotation": 270 }
			}
		},
		{
			"__comment": "Box1",
			"from": [ 6.1384, 11.0272, -2.0061 ],
			"to": [ 7.06768, 11.36547, -1.69634 ],
			"faces": {
				"down": { "uv": [ 15.5, 12, 16, 12.5 ], "texture": "#ostrich" },
				"up": { "uv": [ 2.5, 0, 3, 0.5 ], "texture": "#ostrich" },
				"north": { "uv": [ 8.5, 12, 9, 12.5 ], "texture": "#ostrich" },
				"south": { "uv": [ 9, 12, 9.5, 12.5 ], "texture": "#ostrich" },
				"west": { "uv": [ 9.5, 12, 10, 12.5 ], "texture": "#ostrich", "rotation": 270 },
				"east": { "uv": [ 9.5, 12, 10, 12.5 ], "texture": "#ostrich", "rotation": 270 }
			}
		},
		{
			"__comment": "Box1",
			"from": [ 5.7512, 4.5835, 0.4978 ],
			"to": [ 7.3, 6.1323, 2.35636 ],
			"rotation": { "origin": [ 5.75124, 4.282361, 2.48108 ], "axis": "x", "angle": 22.5 },
			"faces": {
				"down": { "uv": [ 12.5, 12, 13, 12.5 ], "texture": "#ostrich", "rotation": 180 },
				"up": { "uv": [ 12.5, 12, 13, 12.5 ], "texture": "#ostrich" },
				"north": { "uv": [ 11.5, 12, 12, 12.5 ], "texture": "#ostrich" },
				"south": { "uv": [ 12, 12, 12.5, 12.5 ], "texture": "#ostrich" },
				"west": { "uv": [ 12.5, 12, 13, 12.5 ], "texture": "#ostrich", "rotation": 270 },
				"east": { "uv": [ 13, 12.5, 12.5, 12 ], "texture": "#ostrich", "rotation": 270 }
			}
		},
		{
			"__comment": "Box1",
			"from": [ 7.6718, -5.5998, 10.1667 ],
			"to": [ 8.91084, -1.572919, 11.40574 ],
			"rotation": { "origin": [ 7.53236, -1.93052, 10.13844 ], "axis": "x", "angle": -22.5 },
			"faces": {
				"down": { "uv": [ 13.5, 12, 14, 12.5 ], "texture": "#ostrich" },
				"up": { "uv": [ 13.5, 12, 14, 12.5 ], "texture": "#ostrich" },
				"north": { "uv": [ 3, 10, 3.5, 12 ], "texture": "#ostrich" },
				"south": { "uv": [ 3, 10, 3.5, 12 ], "texture": "#ostrich" },
				"west": { "uv": [ 3, 10, 3.5, 12 ], "texture": "#ostrich" },
				"east": { "uv": [ 3, 10, 3.5, 12 ], "texture": "#ostrich" }
			}
		},
		{
			"__comment": "Box1",
			"from": [ 7.5324, -1.7047, 10.0148 ],
			"to": [ 9.0812, 2.63194, 11.5636 ],
			"rotation": { "origin": [ 7.53236, -1.93052, 10.13844 ], "axis": "x", "angle": -22.5 },
			"faces": {
				"down": { "uv": [ 7, 11.5, 7.5, 12 ], "texture": "#ostrich" },
				"up": { "uv": [ 7, 11.5, 7.5, 12 ], "texture": "#ostrich" },
				"north": { "uv": [ 3.5, 2, 4, 4 ], "texture": "#ostrich" },
				"south": { "uv": [ 3.5, 2, 4, 4 ], "texture": "#ostrich" },
				"west": { "uv": [ 3.5, 2, 4, 4 ], "texture": "#ostrich" },
				"east": { "uv": [ 3.5, 2, 4, 4 ], "texture": "#ostrich" }
			}
		},
		{
			"__comment": "Box1",
			"from": [ 3.8152, -1.4547, 3.1398 ],
			"to": [ 5.364, 2.88194, 4.6886 ],
			"rotation": { "origin": [ 3.81524, -1.68052, 3.263441 ], "axis": "x", "angle": 22.5 },
			"faces": {
				"down": { "uv": [ 7, 11.5, 7.5, 12 ], "texture": "#ostrich" },
				"up": { "uv": [ 7, 11.5, 7.5, 12 ], "texture": "#ostrich" },
				"north": { "uv": [ 3.5, 2, 4, 4 ], "texture": "#ostrich" },
				"south": { "uv": [ 3.5, 2, 4, 4 ], "texture": "#ostrich" },
				"west": { "uv": [ 3.5, 2, 4, 4 ], "texture": "#ostrich" },
				"east": { "uv": [ 3.5, 2, 4, 4 ], "texture": "#ostrich" }
			}
		},
		{
			"__comment": "Box1",
			"from": [ 8.8224, -4.8952, 10.8254 ],
			"to": [ 9.44192, -4.27568, 12.06444 ],
			"rotation": { "origin": [ 7.53236, -8.55552, 11.13844 ], "axis": "x", "angle": 22.5 },
			"faces": {
				"down": { "uv": [ 5, 8.5, 5.5, 9 ], "texture": "#ostrich" },
				"up": { "uv": [ 5, 8.5, 5.5, 9 ], "texture": "#ostrich" },
				"north": { "uv": [ 5.5, 9, 5, 8.5 ], "texture": "#ostrich" },
				"south": { "uv": [ 5.5, 9, 5, 8.5 ], "texture": "#ostrich" },
				"west": { "uv": [ 5, 8.5, 5.5, 9 ], "texture": "#ostrich", "rotation": 180 },
				"east": { "uv": [ 5, 8.5, 5.5, 9 ], "texture": "#ostrich", "rotation": 180 }
			}
		},
		{
			"__comment": "Box1",
			"from": [ 3.9546, -6.5096, 0.649 ],
			"to": [ 5.19364, -2.482719, 1.88804 ],
			"rotation": { "origin": [ 3.81524, -8.55552, 4.638441 ], "axis": "x", "angle": 22.5 },
			"faces": {
				"down": { "uv": [ 13.5, 12, 14, 12.5 ], "texture": "#ostrich" },
				"up": { "uv": [ 13.5, 12, 14, 12.5 ], "texture": "#ostrich" },
				"north": { "uv": [ 3, 10, 3.5, 12 ], "texture": "#ostrich" },
				"south": { "uv": [ 3, 10, 3.5, 12 ], "texture": "#ostrich" },
				"west": { "uv": [ 3, 10, 3.5, 12 ], "texture": "#ostrich" },
				"east": { "uv": [ 3, 10, 3.5, 12 ], "texture": "#ostrich" }
			}
		},
		{
			"__comment": "Box1",
			"from": [ 7.6918, -5.0483, 10.1809 ],
			"to": [ 8.93084, -4.42878, 11.41994 ],
			"rotation": { "origin": [ 7.53236, -8.55552, 11.13844 ], "axis": "x", "angle": 22.5 },
			"faces": {
				"down": { "uv": [ 13, 11, 13.5, 11.5 ], "texture": "#ostrich" },
				"up": { "uv": [ 13, 11.5, 13.5, 12 ], "texture": "#ostrich" },
				"north": { "uv": [ 14, 11.5, 13.5, 11 ], "texture": "#ostrich" },
				"south": { "uv": [ 14, 12, 13.5, 11.5 ], "texture": "#ostrich" },
				"west": { "uv": [ 14, 11.5, 14.5, 12 ], "texture": "#ostrich", "rotation": 180 },
				"east": { "uv": [ 14, 11, 14.5, 11.5 ], "texture": "#ostrich", "rotation": 180 }
			}
		},
		{
			"__comment": "Box1",
			"from": [ 8.047999, -4.8702, 11.3472 ],
			"to": [ 8.66752, -4.250679, 13.20576 ],
			"rotation": { "origin": [ 7.53236, -8.55552, 11.13844 ], "axis": "x", "angle": 22.5 },
			"faces": {
				"down": { "uv": [ 11.5, 10.5, 12, 11 ], "texture": "#ostrich" },
				"up": { "uv": [ 13, 10.5, 13.5, 11 ], "texture": "#ostrich", "rotation": 270 },
				"north": { "uv": [ 16, 12, 15.5, 11.5 ], "texture": "#ostrich" },
				"south": { "uv": [ 15.5, 12, 15, 11.5 ], "texture": "#ostrich" },
				"west": { "uv": [ 13, 10.5, 13.5, 11 ], "texture": "#ostrich", "rotation": 180 },
				"east": { "uv": [ 13.5, 10.5, 13, 11 ], "texture": "#ostrich", "rotation": 180 }
			}
		},
		{
			"__comment": "Box1",
			"from": [ 7.2736, -4.8951, 10.8253 ],
			"to": [ 7.89312, -4.275579, 12.06434 ],
			"rotation": { "origin": [ 7.53236, -8.55552, 11.13844 ], "axis": "x", "angle": 22.5 },
			"faces": {
				"down": { "uv": [ 5, 8.5, 5.5, 9 ], "texture": "#ostrich" },
				"up": { "uv": [ 5, 8.5, 5.5, 9 ], "texture": "#ostrich" },
				"north": { "uv": [ 5.5, 9, 5, 8.5 ], "texture": "#ostrich" },
				"south": { "uv": [ 5.5, 9, 5, 8.5 ], "texture": "#ostrich" },
				"west": { "uv": [ 5, 8.5, 5.5, 9 ], "texture": "#ostrich", "rotation": 180 },
				"east": { "uv": [ 5, 8.5, 5.5, 9 ], "texture": "#ostrich", "rotation": 180 }
			}
		},
		{
			"__comment": "Box1",
			"from": [ 3.9746, -5.6117, 1.3325 ],
			"to": [ 5.21364, -4.99218, 2.57154 ],
			"rotation": { "origin": [ 3.81524, -8.55552, 4.638441 ], "axis": "x", "angle": 0 },
			"faces": {
				"down": { "uv": [ 8, 10.5, 8.5, 11 ], "texture": "#ostrich" },
				"up": { "uv": [ 8.5, 10.5, 9, 11 ], "texture": "#ostrich" },
				"north": { "uv": [ 9, 10.5, 9.5, 11 ], "texture": "#ostrich" },
				"south": { "uv": [ 9.5, 10.5, 10, 11 ], "texture": "#ostrich" },
				"west": { "uv": [ 10, 10.5, 10.5, 11 ], "texture": "#ostrich" },
				"east": { "uv": [ 10.5, 10.5, 11, 11 ], "texture": "#ostrich" }
			}
		},
		{
			"__comment": "Box1",
			"from": [ 4.3309, -5.7897, -0.4533 ],
			"to": [ 4.95042, -5.17018, 1.40526 ],
			"rotation": { "origin": [ 3.81524, -8.55552, 4.638441 ], "axis": "x", "angle": 0 },
			"faces": {
				"down": { "uv": [ 11, 10.5, 11.5, 11 ], "texture": "#ostrich" },
				"up": { "uv": [ 11.5, 10.5, 12, 11 ], "texture": "#ostrich" },
				"north": { "uv": [ 12, 10.5, 12.5, 11 ], "texture": "#ostrich" },
				"south": { "uv": [ 12.5, 10.5, 13, 11 ], "texture": "#ostrich" },
				"west": { "uv": [ 13, 10.5, 13.5, 11 ], "texture": "#ostrich" },
				"east": { "uv": [ 13.5, 10.5, 14, 11 ], "texture": "#ostrich" }
			}
		},
		{
			"__comment": "Box1",
			"from": [ 5.1053, -5.7648, 0.6881 ],
			"to": [ 5.72482, -5.14528, 1.92714 ],
			"rotation": { "origin": [ 3.81524, -8.55552, 4.638441 ], "axis": "x", "angle": 0 },
			"faces": {
				"down": { "uv": [ 5, 8.5, 5.5, 9 ], "texture": "#ostrich" },
				"up": { "uv": [ 5, 8.5, 5.5, 9 ], "texture": "#ostrich" },
				"north": { "uv": [ 5, 8.5, 5.5, 9 ], "texture": "#ostrich" },
				"south": { "uv": [ 5, 8.5, 5.5, 9 ], "texture": "#ostrich" },
				"west": { "uv": [ 5, 8.5, 5.5, 9 ], "texture": "#ostrich" },
				"east": { "uv": [ 5, 8.5, 5.5, 9 ], "texture": "#ostrich" }
			}
		},
		{
			"__comment": "Box1",
			"from": [ 3.5565, -5.7648, 0.6881 ],
			"to": [ 4.17602, -5.14528, 1.92714 ],
			"rotation": { "origin": [ 3.81524, -8.55552, 4.638441 ], "axis": "x", "angle": 0 },
			"faces": {
				"down": { "uv": [ 5, 8.5, 5.5, 9 ], "texture": "#ostrich" },
				"up": { "uv": [ 5, 8.5, 5.5, 9 ], "texture": "#ostrich" },
				"north": { "uv": [ 5, 8.5, 5.5, 9 ], "texture": "#ostrich" },
				"south": { "uv": [ 5, 8.5, 5.5, 9 ], "texture": "#ostrich" },
				"west": { "uv": [ 5, 8.5, 5.5, 9 ], "texture": "#ostrich" },
				"east": { "uv": [ 5, 8.5, 5.5, 9 ], "texture": "#ostrich" }
			}
		},
		{
			"__comment": "Box1",
			"from": [ 4.7445, 2.3464, 10.88 ],
			"to": [ 8.15186, 5.444, 12.4288 ],
			"faces": {
				"down": { "uv": [ 13.5, 12.5, 15, 13 ], "texture": "#ostrich" },
				"up": { "uv": [ 13.5, 12.5, 15, 13 ], "texture": "#ostrich" },
				"north": { "uv": [ 14.5, 14.5, 16, 16 ], "texture": "#ostrich" },
				"south": { "uv": [ 2.5, 12.5, 4, 14 ], "texture": "#ostrich" },
				"west": { "uv": [ 4.5, 5, 5, 6.5 ], "texture": "#ostrich" },
				"east": { "uv": [ 5, 5, 4.5, 6.5 ], "texture": "#ostrich" }
			}
		},
		{
			"__comment": "Box1",
			"from": [ 4.4348, 1.8817, 9.021399 ],
			"to": [ 8.46168, 5.598821, 10.87996 ],
			"faces": {
				"down": { "uv": [ 5, 12, 7, 12.5 ], "texture": "#ostrich" },
				"up": { "uv": [ 5, 12, 7, 12.5 ], "texture": "#ostrich" },
				"north": { "uv": [ 0, 0, 2, 1.5 ], "texture": "#ostrich" },
				"south": { "uv": [ 0, 1.5, 2, 3 ], "texture": "#ostrich" },
				"west": { "uv": [ 2, 0, 2.5, 1.5 ], "texture": "#ostrich" },
				"east": { "uv": [ 2, 0, 2.5, 1.5 ], "texture": "#ostrich" }
			}
		},
		{
			"__comment": "Box1",
			"from": [ 3.5055, 0.875, 4.375 ],
			"to": [ 4.12502, 4.901881, 10.5702 ],
			"faces": {
				"down": { "uv": [ 3, 16, 0, 15.5 ], "texture": "#ostrich", "rotation": 90 },
				"up": { "uv": [ 0, 15.5, 3, 16 ], "texture": "#ostrich", "rotation": 90 },
				"north": { "uv": [ 3, 6, 3.5, 8 ], "texture": "#ostrich" },
				"south": { "uv": [ 3, 4, 3.5, 6 ], "texture": "#ostrich" },
				"west": { "uv": [ 6, 14, 9, 16 ], "texture": "#ostrich" },
				"east": { "uv": [ 9, 14, 6, 16 ], "texture": "#ostrich" }
			}
		}
	],
	"display": {
		"thirdperson_righthand": {
			"rotation":  [ 90, 0, 0 ],
			"translation":  [ 0, -1.391, 3.4782 ]
		},
		"thirdperson_lefthand": {
			"rotation":  [ 90, 0, 0 ],
			"translation":  [ 0, -1.391, 3.4782 ]
		},
		"gui": {
			"rotation":  [ 0, -66, 0 ],
			"translation":  [ 0, 4.1739, 0 ],
			"scale":  [ 0.7, 0.7, 0.7 ]
		},
		"head": {
			"translation":  [ 6.9565, 12.518, 13.217 ],
			"scale":  [ 4, 4, 4 ]
		},
		"ground": {
			"translation":  [ 0, 13.217, 0 ]
		},
		"fixed": {
			"rotation":  [ -90, 0, 0 ],
			"translation":  [ 0, 0.6956, -13.21 ]
		}
	}
}