{
	"__comment": "Cubik Studio - https://cubik.studio",
	"textures": {
		"pigeon": "item/pigeon"
	},
	"elements": [ 	 
		{
			"__comment": "Box1",
			"from": [ 7.75, 0.8227, 7.1779 ],
			"to": [ 9.532, 2.6047, 10.0291 ],
			"faces": {
				"down": { "uv": [ 4, 10, 5, 12 ], "texture": "#pigeon" },
				"up": { "uv": [ 5, 10, 6, 12 ], "texture": "#pigeon" },
				"north": { "uv": [ 8, 8, 9, 9 ], "texture": "#pigeon" },
				"south": { "uv": [ 9, 14, 10, 15 ], "texture": "#pigeon" },
				"west": { "uv": [ 4, 9, 6, 10 ], "texture": "#pigeon" },
				"east": { "uv": [ 6, 9, 4, 10 ], "texture": "#pigeon" }
			}
		},
		{
			"__comment": "Box1",
			"from": [ 8.16, 1.553, 6.178 ],
			"to": [ 9.24, 2.633, 7.618 ],
			"faces": {
				"down": { "uv": [ 12, 14, 11, 13 ], "texture": "#pigeon" },
				"up": { "uv": [ 14, 12, 15, 13 ], "texture": "#pigeon" },
				"north": { "uv": [ 11, 14, 10, 13 ], "texture": "#pigeon" },
				"south": { "uv": [ 10, 13, 11, 14 ], "texture": "#pigeon" },
				"west": { "uv": [ 6, 15, 7, 16 ], "texture": "#pigeon" },
				"east": { "uv": [ 7, 15, 6, 16 ], "texture": "#pigeon", "rotation": 180 }
			}
		},
		{
			"__comment": "Box1",
			"from": [ 9.2514, 0.4041, 8.5683 ],
			"to": [ 9.592945, 0.7320581, 9.459896 ],
			"rotation": { "origin": [ 7.3902, -0.3655, 9.450399 ], "axis": "x", "angle": 22.5 },
			"faces": {
				"down": { "uv": [ 8, 12, 7, 11 ], "texture": "#pigeon", "rotation": 90 },
				"up": { "uv": [ 7, 11, 8, 12 ], "texture": "#pigeon", "rotation": 90 },
				"north": { "uv": [ 8, 12, 7, 11 ], "texture": "#pigeon", "rotation": 90 },
				"south": { "uv": [ 7, 11, 8, 12 ], "texture": "#pigeon", "rotation": 90 },
				"west": { "uv": [ 7, 11, 8, 12 ], "texture": "#pigeon" },
				"east": { "uv": [ 7, 11, 8, 12 ], "texture": "#pigeon", "rotation": 180 }
			}
		},
		{
			"__comment": "Box1",
			"from": [ 7.7734, 0.4041, 8.5683 ],
			"to": [ 8.114945, 0.7320581, 9.459896 ],
			"rotation": { "origin": [ 7.3902, -0.3655, 9.450399 ], "axis": "x", "angle": 22.5 },
			"faces": {
				"down": { "uv": [ 8, 12, 7, 11 ], "texture": "#pigeon", "rotation": 90 },
				"up": { "uv": [ 7, 11, 8, 12 ], "texture": "#pigeon", "rotation": 90 },
				"north": { "uv": [ 8, 12, 7, 11 ], "texture": "#pigeon", "rotation": 90 },
				"south": { "uv": [ 7, 11, 8, 12 ], "texture": "#pigeon", "rotation": 90 },
				"west": { "uv": [ 7, 11, 8, 12 ], "texture": "#pigeon" },
				"east": { "uv": [ 7, 11, 8, 12 ], "texture": "#pigeon", "rotation": 180 }
			}
		},
		{
			"__comment": "PlaneY15",
			"from": [ 8.8477, 0.0095, 10.4494 ],
			"to": [ 9.947701, 1.6595, 10.4504 ],
			"rotation": { "origin": [ 7.3902, 0.009500027, 10.4504 ], "axis": "x", "angle": -45 },
			"faces": {
				"north": { "uv": [ 9, 16, 10, 15 ], "texture": "#pigeon" },
				"south": { "uv": [ 10, 16, 9, 15 ], "texture": "#pigeon" }
			}
		},
		{
			"__comment": "PlaneY15",
			"from": [ 7.3902, 0.0095, 10.4494 ],
			"to": [ 8.4902, 1.6595, 10.4504 ],
			"rotation": { "origin": [ 7.3902, 0.009500027, 10.4504 ], "axis": "x", "angle": -45 },
			"faces": {
				"north": { "uv": [ 10, 16, 9, 15 ], "texture": "#pigeon" },
				"south": { "uv": [ 9, 16, 10, 15 ], "texture": "#pigeon" }
			}
		},
		{
			"__comment": "Box1",
			"from": [ 8.5584, 2.0587, 4.9744 ],
			"to": [ 8.911237, 2.3975, 5.574712 ],
			"rotation": { "origin": [ 8.16, 1.875, 5.75 ], "axis": "x", "angle": -22.5 },
			"faces": {
				"down": { "uv": [ 10, 15, 11, 16 ], "texture": "#pigeon", "rotation": 90 },
				"up": { "uv": [ 11, 15, 12, 16 ], "texture": "#pigeon", "rotation": 90 },
				"north": { "uv": [ 12, 15, 13, 16 ], "texture": "#pigeon" },
				"south": { "uv": [ 13, 15, 14, 16 ], "texture": "#pigeon" },
				"west": { "uv": [ 14, 15, 15, 16 ], "texture": "#pigeon" },
				"east": { "uv": [ 15, 15, 14, 16 ], "texture": "#pigeon" }
			}
		},
		{
			"__comment": "Box1",
			"from": [ 8.099999, 1.625, 5.325 ],
			"to": [ 9.299999, 2.825, 6.621 ],
			"faces": {
				"down": { "uv": [ 8, 14, 9, 15 ], "texture": "#pigeon" },
				"up": { "uv": [ 8, 13, 9, 14 ], "texture": "#pigeon" },
				"north": { "uv": [ 8, 12, 9, 13 ], "texture": "#pigeon" },
				"south": { "uv": [ 8, 11, 9, 12 ], "texture": "#pigeon" },
				"west": { "uv": [ 8, 10, 9, 11 ], "texture": "#pigeon" },
				"east": { "uv": [ 9, 10, 8, 11 ], "texture": "#pigeon" }
			}
		},
		{
			"__comment": "PlaneY10",
			"from": [ 7.375, 2.25, 10 ],
			"to": [ 9.875, 2.251, 12.5 ],
			"faces": {
				"down": { "uv": [ 4, 14, 6, 12 ], "texture": "#pigeon", "rotation": 180 },
				"up": { "uv": [ 4, 12, 6, 14 ], "texture": "#pigeon", "rotation": 180 }
			}
		},
		{
			"__comment": "Box11",
			"from": [ 10.9146, 3.7478, 7.5 ],
			"to": [ 12.7371, 4.013519, 7.76572 ],
			"rotation": { "origin": [ 13.375, 3.875, 7.5 ], "axis": "z", "angle": 22.5 },
			"faces": {
				"down": { "uv": [ 9, 12, 10, 13 ], "texture": "#pigeon", "rotation": 180 },
				"up": { "uv": [ 9, 12, 10, 13 ], "texture": "#pigeon", "rotation": 180 },
				"north": { "uv": [ 9, 12, 10, 13 ], "texture": "#pigeon", "rotation": 180 },
				"south": { "uv": [ 9, 12, 10, 13 ], "texture": "#pigeon", "rotation": 180 },
				"west": { "uv": [ 9, 12, 10, 13 ], "texture": "#pigeon", "rotation": 180 },
				"east": { "uv": [ 9, 12, 10, 13 ], "texture": "#pigeon", "rotation": 180 }
			}
		},
		{
			"__comment": "Box11",
			"from": [ 9.0921, 3.6928, 7.5 ],
			"to": [ 10.9146, 4.0573, 7.8645 ],
			"rotation": { "origin": [ 13.375, 3.875, 7.5 ], "axis": "z", "angle": 22.5 },
			"faces": {
				"down": { "uv": [ 9, 12, 10, 13 ], "texture": "#pigeon", "rotation": 180 },
				"up": { "uv": [ 9, 12, 10, 13 ], "texture": "#pigeon", "rotation": 180 },
				"north": { "uv": [ 9, 12, 10, 13 ], "texture": "#pigeon", "rotation": 180 },
				"south": { "uv": [ 9, 12, 10, 13 ], "texture": "#pigeon", "rotation": 180 },
				"west": { "uv": [ 9, 12, 10, 13 ], "texture": "#pigeon", "rotation": 180 },
				"east": { "uv": [ 9, 12, 10, 13 ], "texture": "#pigeon", "rotation": 180 }
			}
		},
		{
			"__comment": "PlaneY10",
			"from": [ 3.75, 2.875, 7.375 ],
			"to": [ 8.124, 2.875729, 9.9265 ],
			"rotation": { "origin": [ 6.210375, 2.69275, 7.375 ], "axis": "z", "angle": -22.5 },
			"faces": {
				"down": { "uv": [ 4, 16, 0, 14 ], "texture": "#pigeon", "rotation": 180 },
				"up": { "uv": [ 4, 14, 0, 16 ], "texture": "#pigeon", "rotation": 180 }
			}
		},
		{
			"__comment": "Box11",
			"from": [ 6.2104, 2.6928, 7.375 ],
			"to": [ 8.0329, 3.0573, 7.7395 ],
			"rotation": { "origin": [ 6.210375, 2.69275, 7.375 ], "axis": "z", "angle": -22.5 },
			"faces": {
				"down": { "uv": [ 9, 12, 10, 13 ], "texture": "#pigeon", "rotation": 180 },
				"up": { "uv": [ 9, 12, 10, 13 ], "texture": "#pigeon", "rotation": 180 },
				"north": { "uv": [ 9, 12, 10, 13 ], "texture": "#pigeon", "rotation": 180 },
				"south": { "uv": [ 9, 12, 10, 13 ], "texture": "#pigeon", "rotation": 180 },
				"west": { "uv": [ 9, 12, 10, 13 ], "texture": "#pigeon", "rotation": 180 },
				"east": { "uv": [ 9, 12, 10, 13 ], "texture": "#pigeon", "rotation": 180 }
			}
		},
		{
			"__comment": "Box11",
			"from": [ 4.3879, 2.7365, 7.375 ],
			"to": [ 6.2104, 3.00222, 7.64072 ],
			"rotation": { "origin": [ 6.210375, 2.69275, 7.375 ], "axis": "z", "angle": -22.5 },
			"faces": {
				"down": { "uv": [ 9, 12, 10, 13 ], "texture": "#pigeon", "rotation": 180 },
				"up": { "uv": [ 9, 12, 10, 13 ], "texture": "#pigeon", "rotation": 180 },
				"north": { "uv": [ 9, 12, 10, 13 ], "texture": "#pigeon", "rotation": 180 },
				"south": { "uv": [ 9, 12, 10, 13 ], "texture": "#pigeon", "rotation": 180 },
				"west": { "uv": [ 9, 12, 10, 13 ], "texture": "#pigeon", "rotation": 180 },
				"east": { "uv": [ 9, 12, 10, 13 ], "texture": "#pigeon", "rotation": 180 }
			}
		},
		{
			"__comment": "PlaneY10",
			"from": [ 9.000999, 3.8743, 7.5 ],
			"to": [ 13.375, 3.875029, 10.0515 ],
			"rotation": { "origin": [ 13.375, 3.875, 7.5 ], "axis": "z", "angle": 22.5 },
			"faces": {
				"down": { "uv": [ 0, 16, 4, 14 ], "texture": "#pigeon", "rotation": 180 },
				"up": { "uv": [ 0, 14, 4, 16 ], "texture": "#pigeon", "rotation": 180 }
			}
		}
	],
	"display": {
		"thirdperson_righthand": {
			"rotation":  [ 90, 0, 0 ],
			"translation":  [ 0, -0.694, 6.9565 ]
		},
		"thirdperson_lefthand": {
			"rotation":  [ 90, 0, 0 ],
			"translation":  [ 0, -0.694, 6.9565 ]
		},
		"firstperson_righthand": {
			"translation":  [ 0, 11.826, 0 ],
			"scale":  [ 1.5, 1.5, 1.5 ]
		},
		"firstperson_lefthand": {
			"translation":  [ 2.7826, 11.826, 0 ],
			"scale":  [ 1.5, 1.5, 1.5 ]
		},
		"gui": {
			"rotation":  [ 0, 130, 0 ],
			"translation":  [ 1.3913, 6.2608, 1.3913 ]
		},
		"head": {
			"translation":  [ -2.781, 8.3765, -2.78 ],
			"scale":  [ 3.5, 3.5, 3.5 ]
		},
		"ground": {
			"translation":  [ 0, 5.5652, 0 ]
		},
		"fixed": {
			"rotation":  [ -90, 0, 0 ],
			"translation":  [ -2.086, -0.695, -20.86 ],
			"scale":  [ 2.5, 2.5, 2.5 ]
		}
	}
}