{
	"__comment": "Cubik Studio - https://cubik.studio",
	"textures": {
		"pigeon": "item/pigeon"
	},
	"elements": [ 	 
		{
			"__comment": "Box1",
			"from": [ 7.75, 0.8227, 7.1779 ],
			"to": [ 9.532, 2.6047, 10.0291 ],
			"rotation": { "origin": [ 7.75, 0.8227, 7.1779 ], "axis": "x", "angle": 0 },
			"faces": {
				"down": { "uv": [ 4, 10, 5, 12 ], "texture": "#pigeon" },
				"up": { "uv": [ 5, 10, 6, 12 ], "texture": "#pigeon" },
				"north": { "uv": [ 8, 8, 9, 9 ], "texture": "#pigeon" },
				"south": { "uv": [ 9, 14, 10, 15 ], "texture": "#pigeon" },
				"west": { "uv": [ 4, 9, 6, 10 ], "texture": "#pigeon" },
				"east": { "uv": [ 6, 9, 4, 10 ], "texture": "#pigeon" }
			}
		},
		{
			"__comment": "Box1",
			"from": [ 8.16, 1.757, 6.678 ],
			"to": [ 9.24, 3.197, 7.758 ],
			"rotation": { "origin": [ 8.16, 3.125, 6.75 ], "axis": "x", "angle": -22.5 },
			"faces": {
				"down": { "uv": [ 10, 13, 11, 14 ], "texture": "#pigeon" },
				"up": { "uv": [ 10, 13, 11, 14 ], "texture": "#pigeon" },
				"north": { "uv": [ 11, 13, 12, 14 ], "texture": "#pigeon" },
				"south": { "uv": [ 14, 12, 15, 13 ], "texture": "#pigeon" },
				"west": { "uv": [ 6, 15, 7, 16 ], "texture": "#pigeon", "rotation": 90 },
				"east": { "uv": [ 7, 15, 6, 16 ], "texture": "#pigeon", "rotation": 90 }
			}
		},
		{
			"__comment": "Box1",
			"from": [ 9.2514, 0.125, 8.469999 ],
			"to": [ 9.592945, 1.016596, 8.797957 ],
			"faces": {
				"down": { "uv": [ 7, 11, 8, 12 ], "texture": "#pigeon", "rotation": 90 },
				"up": { "uv": [ 7, 11, 8, 12 ], "texture": "#pigeon", "rotation": 90 },
				"north": { "uv": [ 7, 11, 8, 12 ], "texture": "#pigeon", "rotation": 90 },
				"south": { "uv": [ 7, 11, 8, 12 ], "texture": "#pigeon", "rotation": 90 },
				"west": { "uv": [ 7, 11, 8, 12 ], "texture": "#pigeon", "rotation": 90 },
				"east": { "uv": [ 7, 11, 8, 12 ], "texture": "#pigeon", "rotation": 90 }
			}
		},
		{
			"__comment": "Box1",
			"from": [ 7.7734, 0.125, 8.469999 ],
			"to": [ 8.114945, 1.016596, 8.797957 ],
			"faces": {
				"down": { "uv": [ 7, 11, 8, 12 ], "texture": "#pigeon", "rotation": 90 },
				"up": { "uv": [ 7, 11, 8, 12 ], "texture": "#pigeon", "rotation": 90 },
				"north": { "uv": [ 7, 11, 8, 12 ], "texture": "#pigeon", "rotation": 90 },
				"south": { "uv": [ 7, 11, 8, 12 ], "texture": "#pigeon", "rotation": 90 },
				"west": { "uv": [ 7, 11, 8, 12 ], "texture": "#pigeon", "rotation": 90 },
				"east": { "uv": [ 7, 11, 8, 12 ], "texture": "#pigeon", "rotation": 90 }
			}
		},
		{
			"__comment": "PlaneY15",
			"from": [ 8.8477, 0.1345, 7.7004 ],
			"to": [ 9.947701, 0.1355003, 9.3504 ],
			"faces": {
				"down": { "uv": [ 10, 16, 9, 15 ], "texture": "#pigeon" },
				"up": { "uv": [ 10, 15, 9, 16 ], "texture": "#pigeon" }
			}
		},
		{
			"__comment": "PlaneY15",
			"from": [ 7.3902, 0.1345, 7.7004 ],
			"to": [ 8.4902, 0.1355003, 9.3504 ],
			"faces": {
				"down": { "uv": [ 9, 16, 10, 15 ], "texture": "#pigeon" },
				"up": { "uv": [ 9, 15, 10, 16 ], "texture": "#pigeon" }
			}
		},
		{
			"__comment": "Box1",
			"from": [ 8.5584, 3.5, 6.0125 ],
			"to": [ 8.911237, 3.8388, 6.612812 ],
			"rotation": { "origin": [ 8.16, 3.125, 7.25 ], "axis": "x", "angle": -22.5 },
			"faces": {
				"down": { "uv": [ 10, 15, 11, 16 ], "texture": "#pigeon", "rotation": 90 },
				"up": { "uv": [ 11, 15, 12, 16 ], "texture": "#pigeon", "rotation": 90 },
				"north": { "uv": [ 12, 15, 13, 16 ], "texture": "#pigeon" },
				"south": { "uv": [ 13, 15, 14, 16 ], "texture": "#pigeon" },
				"west": { "uv": [ 14, 15, 15, 16 ], "texture": "#pigeon" },
				"east": { "uv": [ 15, 15, 14, 16 ], "texture": "#pigeon" }
			}
		},
		{
			"__comment": "Box1",
			"from": [ 8.099999, 2.875, 6.325 ],
			"to": [ 9.299999, 4.075, 7.621 ],
			"faces": {
				"down": { "uv": [ 8, 14, 9, 15 ], "texture": "#pigeon" },
				"up": { "uv": [ 8, 13, 9, 14 ], "texture": "#pigeon" },
				"north": { "uv": [ 8, 12, 9, 13 ], "texture": "#pigeon" },
				"south": { "uv": [ 8, 11, 9, 12 ], "texture": "#pigeon" },
				"west": { "uv": [ 8, 10, 9, 11 ], "texture": "#pigeon" },
				"east": { "uv": [ 9, 10, 8, 11 ], "texture": "#pigeon" }
			}
		},
		{
			"__comment": "PlaneY10",
			"from": [ 7.375, 2.25, 10 ],
			"to": [ 9.875, 2.251, 12.5 ],
			"faces": {
				"down": { "uv": [ 4, 14, 6, 12 ], "texture": "#pigeon", "rotation": 180 },
				"up": { "uv": [ 4, 12, 6, 14 ], "texture": "#pigeon", "rotation": 180 }
			}
		},
		{
			"__comment": "Box11",
			"from": [ 9.7343, 2.1228, 9.164599 ],
			"to": [ 10.00002, 2.38852, 10.9871 ],
			"faces": {
				"down": { "uv": [ 9, 12, 10, 13 ], "texture": "#pigeon", "rotation": 90 },
				"up": { "uv": [ 9, 12, 10, 13 ], "texture": "#pigeon", "rotation": 270 },
				"north": { "uv": [ 9, 12, 10, 13 ], "texture": "#pigeon", "rotation": 180 },
				"south": { "uv": [ 9, 12, 10, 13 ], "texture": "#pigeon", "rotation": 180 },
				"west": { "uv": [ 9, 12, 10, 13 ], "texture": "#pigeon", "rotation": 180 },
				"east": { "uv": [ 9, 12, 10, 13 ], "texture": "#pigeon", "rotation": 180 }
			}
		},
		{
			"__comment": "Box11",
			"from": [ 9.6355, 2.0677, 7.3421 ],
			"to": [ 10, 2.4322, 9.164599 ],
			"faces": {
				"down": { "uv": [ 9, 12, 10, 13 ], "texture": "#pigeon", "rotation": 90 },
				"up": { "uv": [ 9, 12, 10, 13 ], "texture": "#pigeon", "rotation": 270 },
				"north": { "uv": [ 9, 12, 10, 13 ], "texture": "#pigeon", "rotation": 180 },
				"south": { "uv": [ 9, 12, 10, 13 ], "texture": "#pigeon", "rotation": 180 },
				"west": { "uv": [ 9, 12, 10, 13 ], "texture": "#pigeon", "rotation": 180 },
				"east": { "uv": [ 9, 12, 10, 13 ], "texture": "#pigeon", "rotation": 180 }
			}
		},
		{
			"__comment": "PlaneY10",
			"from": [ 7.3354, 2.25, 7.2114 ],
			"to": [ 9.8869, 2.250729, 11.5854 ],
			"faces": {
				"down": { "uv": [ 4, 16, 0, 14 ], "texture": "#pigeon", "rotation": 270 },
				"up": { "uv": [ 4, 14, 0, 16 ], "texture": "#pigeon", "rotation": 90 }
			}
		},
		{
			"__comment": "Box11",
			"from": [ 7.3354, 2.0678, 7.3025 ],
			"to": [ 7.6999, 2.4323, 9.125 ],
			"faces": {
				"down": { "uv": [ 9, 12, 10, 13 ], "texture": "#pigeon", "rotation": 270 },
				"up": { "uv": [ 9, 12, 10, 13 ], "texture": "#pigeon", "rotation": 90 },
				"north": { "uv": [ 9, 12, 10, 13 ], "texture": "#pigeon", "rotation": 180 },
				"south": { "uv": [ 9, 12, 10, 13 ], "texture": "#pigeon", "rotation": 180 },
				"west": { "uv": [ 9, 12, 10, 13 ], "texture": "#pigeon", "rotation": 180 },
				"east": { "uv": [ 9, 12, 10, 13 ], "texture": "#pigeon", "rotation": 180 }
			}
		},
		{
			"__comment": "Box11",
			"from": [ 7.3354, 2.1115, 9.125 ],
			"to": [ 7.60112, 2.37722, 10.9475 ],
			"faces": {
				"down": { "uv": [ 9, 12, 10, 13 ], "texture": "#pigeon", "rotation": 270 },
				"up": { "uv": [ 9, 12, 10, 13 ], "texture": "#pigeon", "rotation": 90 },
				"north": { "uv": [ 9, 12, 10, 13 ], "texture": "#pigeon", "rotation": 180 },
				"south": { "uv": [ 9, 12, 10, 13 ], "texture": "#pigeon", "rotation": 180 },
				"west": { "uv": [ 9, 12, 10, 13 ], "texture": "#pigeon", "rotation": 180 },
				"east": { "uv": [ 9, 12, 10, 13 ], "texture": "#pigeon", "rotation": 180 }
			}
		},
		{
			"__comment": "PlaneY10",
			"from": [ 7.4485, 2.2493, 7.251 ],
			"to": [ 10, 2.250029, 11.625 ],
			"faces": {
				"down": { "uv": [ 0, 16, 4, 14 ], "texture": "#pigeon", "rotation": 90 },
				"up": { "uv": [ 0, 14, 4, 16 ], "texture": "#pigeon", "rotation": 270 }
			}
		}
	],
	"display": {
		"thirdperson_righthand": {
			"rotation":  [ 90, 0, 0 ],
			"translation":  [ 0, -0.694, 6.9565 ]
		},
		"thirdperson_lefthand": {
			"rotation":  [ 90, 0, 0 ],
			"translation":  [ 0, -0.694, 6.9565 ]
		},
		"firstperson_righthand": {
			"translation":  [ 0, 11.826, 0 ],
			"scale":  [ 1.5, 1.5, 1.5 ]
		},
		"firstperson_lefthand": {
			"translation":  [ 2.7826, 11.826, 0 ],
			"scale":  [ 1.5, 1.5, 1.5 ]
		},
		"gui": {
			"rotation":  [ 0, 130, 0 ],
			"translation":  [ 1.3913, 6.2608, 1.3913 ]
		},
		"head": {
			"translation":  [ -2.781, -14.58, -2.78 ],
			"scale":  [ 3.5, 3.5, 3.5 ]
		},
		"ground": {
			"translation":  [ 0, 5.5652, 0 ]
		},
		"fixed": {
			"rotation":  [ -90, 0, 0 ],
			"translation":  [ -2.086, -0.695, -20.86 ],
			"scale":  [ 2.5, 2.5, 2.5 ]
		}
	}
}