{
	"__comment": "Cubik Studio - https://cubik.studio",
	"textures": {
		"raven": "item/raven"
	},
	"elements": [ 	 
		{
			"__comment": "Box1",
			"from": [ 8.875, 1.5625, 9.5 ],
			"to": [ 9.375, 2.0625, 12.5 ],
			"rotation": { "origin": [ 9.5, 1.5625, 4.5 ], "axis": "y", "angle": 22.5 },
			"faces": {
				"down": { "uv": [ 15.5, 0, 16, 1.5 ], "texture": "#raven", "rotation": 180 },
				"up": { "uv": [ 16, 0, 15.5, 1.5 ], "texture": "#raven" },
				"north": { "uv": [ 13, 12.5, 13.5, 13 ], "texture": "#raven", "rotation": 180 },
				"south": { "uv": [ 13.5, 12.5, 14, 13 ], "texture": "#raven", "rotation": 180 },
				"west": { "uv": [ 13, 13, 11.5, 13.5 ], "texture": "#raven" },
				"east": { "uv": [ 10, 13, 11.5, 13.5 ], "texture": "#raven" }
			}
		},
		{
			"__comment": "Box1",
			"from": [ 5.375, 0.25, 5 ],
			"to": [ 7.875, 2.25, 9.8 ],
			"faces": {
				"down": { "uv": [ 10, 9.5, 9, 11.5 ], "texture": "#raven", "rotation": 90 },
				"up": { "uv": [ 9, 9.5, 10, 11.5 ], "texture": "#raven", "rotation": 90 },
				"north": { "uv": [ 8, 8.5, 9, 9.5 ], "texture": "#raven" },
				"south": { "uv": [ 9, 8.5, 10, 9.5 ], "texture": "#raven" },
				"west": { "uv": [ 9, 9.5, 10, 11.5 ], "texture": "#raven" },
				"east": { "uv": [ 9, 9.5, 10, 11.5 ], "texture": "#raven", "rotation": 180 }
			}
		},
		{
			"__comment": "PlaneY3",
			"from": [ 4.3125, 1.875, 4.5 ],
			"to": [ 9.3125, 1.876, 14.5 ],
			"rotation": { "origin": [ 9.5, 1.5625, 4.5 ], "axis": "y", "angle": 22.5 },
			"faces": {
				"down": { "uv": [ 10, 16, 5, 13.5 ], "texture": "#raven", "rotation": 270 },
				"up": { "uv": [ 10, 13.5, 5, 16 ], "texture": "#raven", "rotation": 90 }
			}
		},
		{
			"__comment": "Box1",
			"from": [ 5.625, 0.4375, 9.8 ],
			"to": [ 7.625, 1.8375, 11.5496 ],
			"faces": {
				"down": { "uv": [ 12, 14, 11, 15 ], "texture": "#raven", "rotation": 90 },
				"up": { "uv": [ 11, 14, 12, 15 ], "texture": "#raven", "rotation": 90 },
				"north": { "uv": [ 13, 13, 14, 13.5 ], "texture": "#raven" },
				"south": { "uv": [ 8, 8, 9, 8.5 ], "texture": "#raven" },
				"west": { "uv": [ 9, 8, 10, 8.5 ], "texture": "#raven" },
				"east": { "uv": [ 15, 15.5, 16, 16 ], "texture": "#raven" }
			}
		},
		{
			"__comment": "Box5",
			"from": [ 6.4375, 0.6692, 0.3674 ],
			"to": [ 6.6875, 0.9192, 0.6174 ],
			"faces": {
				"down": { "uv": [ 14, 12.5, 14.5, 13 ], "texture": "#raven" },
				"up": { "uv": [ 14.5, 12.5, 15, 13 ], "texture": "#raven" },
				"north": { "uv": [ 11, 10, 11.5, 10.5 ], "texture": "#raven" },
				"south": { "uv": [ 11, 9.5, 11.5, 10 ], "texture": "#raven" },
				"west": { "uv": [ 11, 9, 11.5, 9.5 ], "texture": "#raven" },
				"east": { "uv": [ 11, 8.5, 11.5, 9 ], "texture": "#raven" }
			}
		},
		{
			"__comment": "Box5",
			"from": [ 5.6875, 0.5, 2.75 ],
			"to": [ 7.4925, 1.85375, 4.194 ],
			"faces": {
				"down": { "uv": [ 14, 12, 14.5, 12.5 ], "texture": "#raven" },
				"up": { "uv": [ 14.5, 12, 15, 12.5 ], "texture": "#raven" },
				"north": { "uv": [ 15, 12, 15.5, 12.5 ], "texture": "#raven" },
				"south": { "uv": [ 15.5, 12, 16, 12.5 ], "texture": "#raven" },
				"west": { "uv": [ 11.5, 10.5, 12, 11 ], "texture": "#raven" },
				"east": { "uv": [ 11.5, 10, 12, 10.5 ], "texture": "#raven" }
			}
		},
		{
			"__comment": "Box5",
			"from": [ 6.0625, 0.5625, 2.125 ],
			"to": [ 7.0625, 1.5625, 2.875 ],
			"faces": {
				"down": { "uv": [ 11.5, 9.5, 12, 10 ], "texture": "#raven" },
				"up": { "uv": [ 11.5, 9, 12, 9.5 ], "texture": "#raven" },
				"north": { "uv": [ 12, 11.5, 12.5, 12 ], "texture": "#raven" },
				"south": { "uv": [ 12.5, 11.5, 13, 12 ], "texture": "#raven" },
				"west": { "uv": [ 13, 11.5, 13.5, 12 ], "texture": "#raven" },
				"east": { "uv": [ 13.5, 11.5, 14, 12 ], "texture": "#raven" }
			}
		},
		{
			"__comment": "Box5",
			"from": [ 6.2825, 0.625, 1 ],
			"to": [ 6.861312, 1.203812, 1.5 ],
			"faces": {
				"down": { "uv": [ 7.5, 9, 8, 9.5 ], "texture": "#raven" },
				"up": { "uv": [ 7.5, 8.5, 8, 9 ], "texture": "#raven" },
				"north": { "uv": [ 7.5, 8, 8, 8.5 ], "texture": "#raven" },
				"south": { "uv": [ 15.5, 15, 16, 15.5 ], "texture": "#raven" },
				"west": { "uv": [ 14, 13, 14.5, 13.5 ], "texture": "#raven" },
				"east": { "uv": [ 14.5, 13, 15, 13.5 ], "texture": "#raven" }
			}
		},
		{
			"__comment": "PlaneY3",
			"from": [ 5.5, 0.4375, 5.9375 ],
			"to": [ 8, 0.4385, 7.9375 ],
			"rotation": { "origin": [ 5.5, 0.4375, 5.9375 ], "axis": "x", "angle": 22.5 },
			"faces": {
				"down": { "uv": [ 13, 14, 14, 15 ], "texture": "#raven" },
				"up": { "uv": [ 14, 15, 13, 14 ], "texture": "#raven" }
			}
		},
		{
			"__comment": "PlaneY3",
			"from": [ 0.4374, 1.8125, 3.8125 ],
			"to": [ 5.4374, 1.8135, 13.8125 ],
			"rotation": { "origin": [ 0.4375, 1.8125, 13.8125 ], "axis": "y", "angle": -22.5 },
			"faces": {
				"down": { "uv": [ 5, 16, 10, 13.5 ], "texture": "#raven", "rotation": 90 },
				"up": { "uv": [ 5, 13.5, 10, 16 ], "texture": "#raven", "rotation": 270 }
			}
		},
		{
			"__comment": "Box5",
			"from": [ 6.1875, 0.625, 1.5 ],
			"to": [ 6.9375, 1.375, 2.25 ],
			"faces": {
				"down": { "uv": [ 15, 13, 15.5, 13.5 ], "texture": "#raven" },
				"up": { "uv": [ 15.5, 13, 16, 13.5 ], "texture": "#raven" },
				"north": { "uv": [ 10, 8.5, 10.5, 9 ], "texture": "#raven" },
				"south": { "uv": [ 10, 8, 10.5, 8.5 ], "texture": "#raven" },
				"west": { "uv": [ 10.5, 12.5, 11, 13 ], "texture": "#raven" },
				"east": { "uv": [ 10.5, 12, 11, 12.5 ], "texture": "#raven" }
			}
		},
		{
			"__comment": "Box12",
			"from": [ 7.25, -0.6875, 7.9375 ],
			"to": [ 7.75, 0.3125, 8.4375 ],
			"faces": {
				"down": { "uv": [ 10.5, 11.5, 11, 12 ], "texture": "#raven" },
				"up": { "uv": [ 10.5, 11, 11, 11.5 ], "texture": "#raven" },
				"north": { "uv": [ 10.5, 10.5, 11, 11 ], "texture": "#raven" },
				"south": { "uv": [ 10.5, 10, 11, 10.5 ], "texture": "#raven" },
				"west": { "uv": [ 10.5, 9.5, 11, 10 ], "texture": "#raven" },
				"east": { "uv": [ 10.5, 9, 11, 9.5 ], "texture": "#raven" }
			}
		},
		{
			"__comment": "Box12",
			"from": [ 5.5, -0.6875, 7.9375 ],
			"to": [ 6, 0.3125, 8.4375 ],
			"faces": {
				"down": { "uv": [ 10.5, 8.5, 11, 9 ], "texture": "#raven" },
				"up": { "uv": [ 10.5, 8, 11, 8.5 ], "texture": "#raven" },
				"north": { "uv": [ 11, 12.5, 11.5, 13 ], "texture": "#raven" },
				"south": { "uv": [ 11.5, 12.5, 12, 13 ], "texture": "#raven" },
				"west": { "uv": [ 12, 12.5, 12.5, 13 ], "texture": "#raven" },
				"east": { "uv": [ 12.5, 12.5, 13, 13 ], "texture": "#raven" }
			}
		},
		{
			"__comment": "PlaneY14",
			"from": [ 6.625, -1.6875, 7.25 ],
			"to": [ 8.375, -1.687, 9.75 ],
			"rotation": { "origin": [ 6.625, -1.6875, 7.25 ], "axis": "x", "angle": -45 },
			"faces": {
				"down": { "uv": [ 12, 1.5, 11, 0 ], "texture": "#raven" },
				"up": { "uv": [ 12, 0, 11, 1.5 ], "texture": "#raven" }
			}
		},
		{
			"__comment": "PlaneY14",
			"from": [ 4.8125, -1.6875, 7.25 ],
			"to": [ 6.5625, -1.687, 9.75 ],
			"rotation": { "origin": [ 6.625, -1.6875, 7.25 ], "axis": "x", "angle": -45 },
			"faces": {
				"down": { "uv": [ 11, 1.5, 12, 0 ], "texture": "#raven" },
				"up": { "uv": [ 11, 0, 12, 1.5 ], "texture": "#raven" }
			}
		},
		{
			"__comment": "Box5",
			"from": [ 6.3125, 0.625, 0.625 ],
			"to": [ 6.8125, 1.125, 1.125 ],
			"faces": {
				"down": { "uv": [ 15, 12.5, 15.5, 13 ], "texture": "#raven" },
				"up": { "uv": [ 15.5, 12.5, 16, 13 ], "texture": "#raven" },
				"north": { "uv": [ 11, 12, 11.5, 12.5 ], "texture": "#raven" },
				"south": { "uv": [ 11, 11.5, 11.5, 12 ], "texture": "#raven" },
				"west": { "uv": [ 11, 11, 11.5, 11.5 ], "texture": "#raven" },
				"east": { "uv": [ 11, 10.5, 11.5, 11 ], "texture": "#raven" }
			}
		},
		{
			"__comment": "PlaneY3",
			"from": [ 6, 1.1225, 11.6875 ],
			"to": [ 9.5, 1.1235, 16.6875 ],
			"rotation": { "origin": [ 6, 1.1225, 11.6875 ], "axis": "y", "angle": 22.5 },
			"faces": {
				"down": { "uv": [ 8, 13.5, 5, 11.5 ], "texture": "#raven" },
				"up": { "uv": [ 8, 11.5, 5, 13.5 ], "texture": "#raven" }
			}
		},
		{
			"__comment": "PlaneY3",
			"from": [ 5.375, 0.4375, 4.1875 ],
			"to": [ 7.875, 0.4385, 6.1875 ],
			"rotation": { "origin": [ 5.375, 0.4375, 4.1875 ], "axis": "x", "angle": 22.5 },
			"faces": {
				"down": { "uv": [ 15, 14, 16, 15 ], "texture": "#raven" },
				"up": { "uv": [ 16, 15, 15, 14 ], "texture": "#raven" }
			}
		},
		{
			"__comment": "Box1",
			"from": [ 5.625, 0.3125, 4.125 ],
			"to": [ 7.525, 1.7375, 5.411062 ],
			"faces": {
				"down": { "uv": [ 11, 8, 11.5, 8.5 ], "texture": "#raven", "rotation": 270 },
				"up": { "uv": [ 11.5, 12, 12, 12.5 ], "texture": "#raven", "rotation": 90 },
				"north": { "uv": [ 12, 12, 12.5, 12.5 ], "texture": "#raven" },
				"south": { "uv": [ 12.5, 12, 13, 12.5 ], "texture": "#raven" },
				"west": { "uv": [ 13, 12, 13.5, 12.5 ], "texture": "#raven" },
				"east": { "uv": [ 13.5, 12, 14, 12.5 ], "texture": "#raven" }
			}
		},
		{
			"__comment": "Box1",
			"from": [ 8.5, 1.5625, 4.5 ],
			"to": [ 9.5, 2.0625, 9.5 ],
			"rotation": { "origin": [ 9.5, 1.5625, 4.5 ], "axis": "y", "angle": 22.5 },
			"faces": {
				"down": { "uv": [ 0.5, 0, 0, 2 ], "texture": "#raven", "rotation": 180 },
				"up": { "uv": [ 0.5, 0, 0, 2 ], "texture": "#raven" },
				"north": { "uv": [ 11.5, 11.5, 12, 12 ], "texture": "#raven", "rotation": 180 },
				"south": { "uv": [ 11.5, 11, 12, 11.5 ], "texture": "#raven", "rotation": 180 },
				"west": { "uv": [ 7.5, 9, 5, 9.5 ], "texture": "#raven" },
				"east": { "uv": [ 7.5, 8.5, 5, 9 ], "texture": "#raven" }
			}
		},
		{
			"__comment": "Box1",
			"from": [ 0.375, 1.5625, 3.875 ],
			"to": [ 1.375, 2.0625, 8.875 ],
			"rotation": { "origin": [ 0.4375, 1.8125, 13.8125 ], "axis": "y", "angle": -22.5 },
			"faces": {
				"down": { "uv": [ 0, 0, 0.5, 2 ], "texture": "#raven" },
				"up": { "uv": [ 0, 0, 0.5, 2 ], "texture": "#raven", "rotation": 180 },
				"north": { "uv": [ 11.5, 8, 12, 8.5 ], "texture": "#raven" },
				"south": { "uv": [ 11.5, 8.5, 12, 9 ], "texture": "#raven" },
				"west": { "uv": [ 5, 8.5, 7.5, 9 ], "texture": "#raven" },
				"east": { "uv": [ 5, 9, 7.5, 9.5 ], "texture": "#raven" }
			}
		},
		{
			"__comment": "Box1",
			"from": [ 0.375, 1.5625, 8.875 ],
			"to": [ 0.875, 2.0625, 11.875 ],
			"rotation": { "origin": [ 0.4375, 1.8125, 13.8125 ], "axis": "y", "angle": -22.5 },
			"faces": {
				"down": { "uv": [ 15.5, 0, 16, 1.5 ], "texture": "#raven" },
				"up": { "uv": [ 15.5, 0, 16, 1.5 ], "texture": "#raven", "rotation": 180 },
				"north": { "uv": [ 14.5, 11.5, 15, 12 ], "texture": "#raven" },
				"south": { "uv": [ 14, 11.5, 14.5, 12 ], "texture": "#raven" },
				"west": { "uv": [ 10, 13, 11.5, 13.5 ], "texture": "#raven" },
				"east": { "uv": [ 11.5, 13, 13, 13.5 ], "texture": "#raven" }
			}
		},
		{
			"__comment": "PlaneY3",
			"from": [ 3.7469, 1.1875, 11.6281 ],
			"to": [ 7.2469, 1.1885, 16.6281 ],
			"rotation": { "origin": [ 7.375, 1.1875, 11.9375 ], "axis": "y", "angle": -22.5 },
			"faces": {
				"down": { "uv": [ 5, 13.5, 8, 11.5 ], "texture": "#raven" },
				"up": { "uv": [ 5, 11.5, 8, 13.5 ], "texture": "#raven" }
			}
		},
		{
			"__comment": "PlaneY3",
			"from": [ 5.625, 0.4375, 4.9375 ],
			"to": [ 8.125, 0.4385, 6.9375 ],
			"rotation": { "origin": [ 5.625, 0.4375, 4.9375 ], "axis": "x", "angle": 22.5 },
			"faces": {
				"down": { "uv": [ 13, 14, 14, 15 ], "texture": "#raven" },
				"up": { "uv": [ 14, 15, 13, 14 ], "texture": "#raven" }
			}
		}
	],
	"display": {
		"thirdperson_righthand": {
			"rotation":  [ 72, -2, 0 ],
			"translation":  [ 0, 2.0869, 0 ],
			"scale":  [ 0.5, 0.5, 0.5 ]
		},
		"thirdperson_lefthand": {
			"rotation":  [ 72, -2, 0 ],
			"translation":  [ 0, 2.0869, 0 ],
			"scale":  [ 0.5, 0.5, 0.5 ]
		},
		"gui": {
			"rotation":  [ 90, 0, 0 ],
			"scale":  [ 0.3, 0.3, 0.3 ]
		},
		"head": {
			"translation":  [ 3.4782, -12.51, 0 ],
			"scale":  [ 2, 2, 2 ]
		},
		"ground": {
			"translation":  [ 0, 2.7826, 0 ],
			"scale":  [ 0.5, 0.5, 0.5 ]
		},
		"fixed": {
			"rotation":  [ -90, 0, 0 ],
			"translation":  [ 0.6956, 1.3913, -11.82 ]
		}
	}
}