{
	"__comment": "Cubik Studio - https://cubik.studio",
	"textures": {
		"raven": "item/raven"
	},
	"elements": [ 	 
		{
			"__comment": "Box1",
			"from": [ 8.4375, 3.3125, 11.3125 ],
			"to": [ 8.9375, 3.8125, 14.3125 ],
			"rotation": { "origin": [ 5.6875, 2.25, 4.25 ], "axis": "x", "angle": 22.5 },
			"faces": {
				"down": { "uv": [ 15.5, 0, 16, 1.5 ], "texture": "#raven", "rotation": 180 },
				"up": { "uv": [ 16, 0, 15.5, 1.5 ], "texture": "#raven" },
				"north": { "uv": [ 13, 12.5, 13.5, 13 ], "texture": "#raven", "rotation": 180 },
				"south": { "uv": [ 13.5, 12.5, 14, 13 ], "texture": "#raven", "rotation": 180 },
				"west": { "uv": [ 13, 13, 11.5, 13.5 ], "texture": "#raven" },
				"east": { "uv": [ 10, 13, 11.5, 13.5 ], "texture": "#raven" }
			}
		},
		{
			"__comment": "Box1",
			"from": [ 5.375, 2, 6.5 ],
			"to": [ 7.875, 4, 11.3 ],
			"rotation": { "origin": [ 5.6875, 2.25, 4.25 ], "axis": "x", "angle": 22.5 },
			"faces": {
				"down": { "uv": [ 10, 9.5, 9, 11.5 ], "texture": "#raven", "rotation": 90 },
				"up": { "uv": [ 9, 9.5, 10, 11.5 ], "texture": "#raven", "rotation": 90 },
				"north": { "uv": [ 8, 8.5, 9, 9.5 ], "texture": "#raven" },
				"south": { "uv": [ 9, 8.5, 10, 9.5 ], "texture": "#raven" },
				"west": { "uv": [ 9, 9.5, 10, 11.5 ], "texture": "#raven" },
				"east": { "uv": [ 9, 9.5, 10, 11.5 ], "texture": "#raven", "rotation": 180 }
			}
		},
		{
			"__comment": "PlaneY3",
			"from": [ 3.875, 3.625, 6.3125 ],
			"to": [ 8.875, 3.626, 16.3125 ],
			"rotation": { "origin": [ 5.6875, 2.25, 4.25 ], "axis": "x", "angle": 22.5 },
			"faces": {
				"down": { "uv": [ 10, 16, 5, 13.5 ], "texture": "#raven", "rotation": 270 },
				"up": { "uv": [ 10, 13.5, 5, 16 ], "texture": "#raven", "rotation": 90 }
			}
		},
		{
			"__comment": "Box1",
			"from": [ 5.625, -0.3125, 10.425 ],
			"to": [ 7.625, 1.0875, 12.1746 ],
			"rotation": { "origin": [ 5.6875, -0.25, 3.375 ], "axis": "x", "angle": 0 },
			"faces": {
				"down": { "uv": [ 12, 14, 11, 15 ], "texture": "#raven", "rotation": 90 },
				"up": { "uv": [ 11, 14, 12, 15 ], "texture": "#raven", "rotation": 90 },
				"north": { "uv": [ 13, 13, 14, 13.5 ], "texture": "#raven" },
				"south": { "uv": [ 8, 8, 9, 8.5 ], "texture": "#raven" },
				"west": { "uv": [ 9, 8, 10, 8.5 ], "texture": "#raven" },
				"east": { "uv": [ 15, 15.5, 16, 16 ], "texture": "#raven" }
			}
		},
		{
			"__comment": "Box5",
			"from": [ 6.375, 2.4192, 2.4924 ],
			"to": [ 6.625, 2.6692, 2.7424 ],
			"rotation": { "origin": [ 5.625, 3, 4.625 ], "axis": "x", "angle": 0 },
			"faces": {
				"down": { "uv": [ 14, 12.5, 14.5, 13 ], "texture": "#raven" },
				"up": { "uv": [ 14.5, 12.5, 15, 13 ], "texture": "#raven" },
				"north": { "uv": [ 11, 10, 11.5, 10.5 ], "texture": "#raven" },
				"south": { "uv": [ 11, 9.5, 11.5, 10 ], "texture": "#raven" },
				"west": { "uv": [ 11, 9, 11.5, 9.5 ], "texture": "#raven" },
				"east": { "uv": [ 11, 8.5, 11.5, 9 ], "texture": "#raven" }
			}
		},
		{
			"__comment": "Box5",
			"from": [ 5.625, 2.25, 4.875 ],
			"to": [ 7.43, 3.60375, 6.319 ],
			"rotation": { "origin": [ 5.625, 3, 4.625 ], "axis": "x", "angle": 0 },
			"faces": {
				"down": { "uv": [ 14, 12, 14.5, 12.5 ], "texture": "#raven" },
				"up": { "uv": [ 14.5, 12, 15, 12.5 ], "texture": "#raven" },
				"north": { "uv": [ 15, 12, 15.5, 12.5 ], "texture": "#raven" },
				"south": { "uv": [ 15.5, 12, 16, 12.5 ], "texture": "#raven" },
				"west": { "uv": [ 11.5, 10.5, 12, 11 ], "texture": "#raven" },
				"east": { "uv": [ 11.5, 10, 12, 10.5 ], "texture": "#raven" }
			}
		},
		{
			"__comment": "Box5",
			"from": [ 6, 2.3125, 4.25 ],
			"to": [ 7, 3.3125, 5 ],
			"rotation": { "origin": [ 5.625, 3, 4.625 ], "axis": "x", "angle": 0 },
			"faces": {
				"down": { "uv": [ 11.5, 9.5, 12, 10 ], "texture": "#raven" },
				"up": { "uv": [ 11.5, 9, 12, 9.5 ], "texture": "#raven" },
				"north": { "uv": [ 12, 11.5, 12.5, 12 ], "texture": "#raven" },
				"south": { "uv": [ 12.5, 11.5, 13, 12 ], "texture": "#raven" },
				"west": { "uv": [ 13, 11.5, 13.5, 12 ], "texture": "#raven" },
				"east": { "uv": [ 13.5, 11.5, 14, 12 ], "texture": "#raven" }
			}
		},
		{
			"__comment": "Box5",
			"from": [ 6.22, 2.375, 3.125 ],
			"to": [ 6.798812, 2.953812, 3.625 ],
			"rotation": { "origin": [ 5.625, 3, 4.625 ], "axis": "x", "angle": 0 },
			"faces": {
				"down": { "uv": [ 7.5, 9, 8, 9.5 ], "texture": "#raven" },
				"up": { "uv": [ 7.5, 8.5, 8, 9 ], "texture": "#raven" },
				"north": { "uv": [ 7.5, 8, 8, 8.5 ], "texture": "#raven" },
				"south": { "uv": [ 15.5, 15, 16, 15.5 ], "texture": "#raven" },
				"west": { "uv": [ 14, 13, 14.5, 13.5 ], "texture": "#raven" },
				"east": { "uv": [ 14.5, 13, 15, 13.5 ], "texture": "#raven" }
			}
		},
		{
			"__comment": "PlaneY3",
			"from": [ 5.5, 3.4121, 6.7188 ],
			"to": [ 8, 3.4131, 8.7188 ],
			"rotation": { "origin": [ 5.6875, 2.25, 3.75 ], "axis": "x", "angle": 45 },
			"faces": {
				"down": { "uv": [ 13, 14, 14, 15 ], "texture": "#raven" },
				"up": { "uv": [ 14, 15, 13, 14 ], "texture": "#raven" }
			}
		},
		{
			"__comment": "PlaneY3",
			"from": [ 4.1874, 3.5625, 6.0625 ],
			"to": [ 9.1874, 3.5635, 16.0625 ],
			"rotation": { "origin": [ 5.6875, 2.25, 4.25 ], "axis": "x", "angle": 22.5 },
			"faces": {
				"down": { "uv": [ 5, 16, 10, 13.5 ], "texture": "#raven", "rotation": 90 },
				"up": { "uv": [ 5, 13.5, 10, 16 ], "texture": "#raven", "rotation": 270 }
			}
		},
		{
			"__comment": "Box5",
			"from": [ 6.125, 2.375, 3.625 ],
			"to": [ 6.875, 3.125, 4.375 ],
			"rotation": { "origin": [ 5.625, 3, 4.625 ], "axis": "x", "angle": 0 },
			"faces": {
				"down": { "uv": [ 15, 13, 15.5, 13.5 ], "texture": "#raven" },
				"up": { "uv": [ 15.5, 13, 16, 13.5 ], "texture": "#raven" },
				"north": { "uv": [ 10, 8.5, 10.5, 9 ], "texture": "#raven" },
				"south": { "uv": [ 10, 8, 10.5, 8.5 ], "texture": "#raven" },
				"west": { "uv": [ 10.5, 12.5, 11, 13 ], "texture": "#raven" },
				"east": { "uv": [ 10.5, 12, 11, 12.5 ], "texture": "#raven" }
			}
		},
		{
			"__comment": "Box12",
			"from": [ 7.25, -1.0625, 9.3125 ],
			"to": [ 7.75, -0.0625, 9.8125 ],
			"rotation": { "origin": [ 7.25, -1.0625, 9.3125 ], "axis": "x", "angle": 0 },
			"faces": {
				"down": { "uv": [ 10.5, 11.5, 11, 12 ], "texture": "#raven" },
				"up": { "uv": [ 10.5, 11, 11, 11.5 ], "texture": "#raven" },
				"north": { "uv": [ 10.5, 10.5, 11, 11 ], "texture": "#raven" },
				"south": { "uv": [ 10.5, 10, 11, 10.5 ], "texture": "#raven" },
				"west": { "uv": [ 10.5, 9.5, 11, 10 ], "texture": "#raven" },
				"east": { "uv": [ 10.5, 9, 11, 9.5 ], "texture": "#raven" }
			}
		},
		{
			"__comment": "Box12",
			"from": [ 5.5, -1.0625, 9.3125 ],
			"to": [ 6, -0.0625, 9.8125 ],
			"rotation": { "origin": [ 7.25, -1.0625, 9.3125 ], "axis": "x", "angle": 0 },
			"faces": {
				"down": { "uv": [ 10.5, 8.5, 11, 9 ], "texture": "#raven" },
				"up": { "uv": [ 10.5, 8, 11, 8.5 ], "texture": "#raven" },
				"north": { "uv": [ 11, 12.5, 11.5, 13 ], "texture": "#raven" },
				"south": { "uv": [ 11.5, 12.5, 12, 13 ], "texture": "#raven" },
				"west": { "uv": [ 12, 12.5, 12.5, 13 ], "texture": "#raven" },
				"east": { "uv": [ 12.5, 12.5, 13, 13 ], "texture": "#raven" }
			}
		},
		{
			"__comment": "PlaneY14",
			"from": [ 6.625, -1.0335, 8.1193 ],
			"to": [ 8.375, -1.033, 10.6193 ],
			"faces": {
				"down": { "uv": [ 12, 1.5, 11, 0 ], "texture": "#raven" },
				"up": { "uv": [ 12, 0, 11, 1.5 ], "texture": "#raven" }
			}
		},
		{
			"__comment": "PlaneY14",
			"from": [ 4.8125, -1.0335, 8.1193 ],
			"to": [ 6.5625, -1.033, 10.6193 ],
			"faces": {
				"down": { "uv": [ 11, 1.5, 12, 0 ], "texture": "#raven" },
				"up": { "uv": [ 11, 0, 12, 1.5 ], "texture": "#raven" }
			}
		},
		{
			"__comment": "Box5",
			"from": [ 6.25, 2.375, 2.75 ],
			"to": [ 6.75, 2.875, 3.25 ],
			"rotation": { "origin": [ 5.625, 3, 4.625 ], "axis": "x", "angle": 0 },
			"faces": {
				"down": { "uv": [ 15, 12.5, 15.5, 13 ], "texture": "#raven" },
				"up": { "uv": [ 15.5, 12.5, 16, 13 ], "texture": "#raven" },
				"north": { "uv": [ 11, 12, 11.5, 12.5 ], "texture": "#raven" },
				"south": { "uv": [ 11, 11.5, 11.5, 12 ], "texture": "#raven" },
				"west": { "uv": [ 11, 11, 11.5, 11.5 ], "texture": "#raven" },
				"east": { "uv": [ 11, 10.5, 11.5, 11 ], "texture": "#raven" }
			}
		},
		{
			"__comment": "PlaneY3",
			"from": [ 2.556, 0.3725, 11.7518 ],
			"to": [ 6.056, 0.3735, 16.7518 ],
			"rotation": { "origin": [ 5.6875, -0.25, 3.375 ], "axis": "y", "angle": 22.5 },
			"faces": {
				"down": { "uv": [ 8, 13.5, 5, 11.5 ], "texture": "#raven" },
				"up": { "uv": [ 8, 11.5, 5, 13.5 ], "texture": "#raven" }
			}
		},
		{
			"__comment": "PlaneY3",
			"from": [ 5.375, 0.148, 4.9924 ],
			"to": [ 7.875, 2.148, 4.9934 ],
			"rotation": { "origin": [ 5.6875, 3.5, 4.5 ], "axis": "x", "angle": -22.5 },
			"faces": {
				"north": { "uv": [ 16, 15, 15, 14 ], "texture": "#raven" },
				"south": { "uv": [ 16, 15, 15, 14 ], "texture": "#raven" }
			}
		},
		{
			"__comment": "Box1",
			"from": [ 5.5625, 3.4375, 6 ],
			"to": [ 7.4625, 4.8625, 7.286062 ],
			"rotation": { "origin": [ 5.625, 3.625, 4.625 ], "axis": "x", "angle": 45 },
			"faces": {
				"down": { "uv": [ 11, 8, 11.5, 8.5 ], "texture": "#raven", "rotation": 270 },
				"up": { "uv": [ 11.5, 12, 12, 12.5 ], "texture": "#raven", "rotation": 90 },
				"north": { "uv": [ 12, 12, 12.5, 12.5 ], "texture": "#raven" },
				"south": { "uv": [ 12.5, 12, 13, 12.5 ], "texture": "#raven" },
				"west": { "uv": [ 13, 12, 13.5, 12.5 ], "texture": "#raven" },
				"east": { "uv": [ 13.5, 12, 14, 12.5 ], "texture": "#raven" }
			}
		},
		{
			"__comment": "Box1",
			"from": [ 8.0625, 3.3125, 6.3125 ],
			"to": [ 9.0625, 3.8125, 11.3125 ],
			"rotation": { "origin": [ 5.6875, 2.25, 4.25 ], "axis": "x", "angle": 22.5 },
			"faces": {
				"down": { "uv": [ 0.5, 0, 0, 2 ], "texture": "#raven", "rotation": 180 },
				"up": { "uv": [ 0.5, 0, 0, 2 ], "texture": "#raven" },
				"north": { "uv": [ 11.5, 11.5, 12, 12 ], "texture": "#raven", "rotation": 180 },
				"south": { "uv": [ 11.5, 11, 12, 11.5 ], "texture": "#raven", "rotation": 180 },
				"west": { "uv": [ 7.5, 9, 5, 9.5 ], "texture": "#raven" },
				"east": { "uv": [ 7.5, 8.5, 5, 9 ], "texture": "#raven" }
			}
		},
		{
			"__comment": "Box1",
			"from": [ 4.125, 3.3125, 6.125 ],
			"to": [ 5.125, 3.8125, 11.125 ],
			"rotation": { "origin": [ 5.6875, 2.25, 4.25 ], "axis": "x", "angle": 22.5 },
			"faces": {
				"down": { "uv": [ 0, 0, 0.5, 2 ], "texture": "#raven" },
				"up": { "uv": [ 0, 0, 0.5, 2 ], "texture": "#raven", "rotation": 180 },
				"north": { "uv": [ 11.5, 8, 12, 8.5 ], "texture": "#raven" },
				"south": { "uv": [ 11.5, 8.5, 12, 9 ], "texture": "#raven" },
				"west": { "uv": [ 5, 8.5, 7.5, 9 ], "texture": "#raven" },
				"east": { "uv": [ 5, 9, 7.5, 9.5 ], "texture": "#raven" }
			}
		},
		{
			"__comment": "Box1",
			"from": [ 4.125, 3.3125, 11.125 ],
			"to": [ 4.625, 3.8125, 14.125 ],
			"rotation": { "origin": [ 5.6875, 2.25, 4.25 ], "axis": "x", "angle": 22.5 },
			"faces": {
				"down": { "uv": [ 15.5, 0, 16, 1.5 ], "texture": "#raven" },
				"up": { "uv": [ 15.5, 0, 16, 1.5 ], "texture": "#raven", "rotation": 180 },
				"north": { "uv": [ 14.5, 11.5, 15, 12 ], "texture": "#raven" },
				"south": { "uv": [ 14, 11.5, 14.5, 12 ], "texture": "#raven" },
				"west": { "uv": [ 10, 13, 11.5, 13.5 ], "texture": "#raven" },
				"east": { "uv": [ 11.5, 13, 13, 13.5 ], "texture": "#raven" }
			}
		},
		{
			"__comment": "PlaneY3",
			"from": [ 7.1344, 0.4375, 10.908 ],
			"to": [ 10.6344, 0.4385, 15.908 ],
			"rotation": { "origin": [ 5.6875, -0.25, 3.375 ], "axis": "y", "angle": -22.5 },
			"faces": {
				"down": { "uv": [ 5, 13.5, 8, 11.5 ], "texture": "#raven" },
				"up": { "uv": [ 5, 11.5, 8, 13.5 ], "texture": "#raven" }
			}
		},
		{
			"__comment": "PlaneY3",
			"from": [ 5.625, -0.5449, 5.1544 ],
			"to": [ 8.125, 1.4551, 5.1554 ],
			"rotation": { "origin": [ 5.6875, 3.5, 4.375 ], "axis": "x", "angle": -22.5 },
			"faces": {
				"north": { "uv": [ 14, 15, 13, 14 ], "texture": "#raven" },
				"south": { "uv": [ 14, 15, 13, 14 ], "texture": "#raven" }
			}
		}
	],
	"display": {
		"thirdperson_righthand": {
			"rotation":  [ 72, -2, 0 ],
			"translation":  [ 0, 2.0869, 0 ],
			"scale":  [ 0.5, 0.5, 0.5 ]
		},
		"thirdperson_lefthand": {
			"rotation":  [ 72, -2, 0 ],
			"translation":  [ 0, 2.0869, 0 ],
			"scale":  [ 0.5, 0.5, 0.5 ]
		},
		"gui": {
			"rotation":  [ 90, 0, 0 ],
			"scale":  [ 0.3, 0.3, 0.3 ]
		},
		"head": {
			"translation":  [ 4.1739, -25.02, -4.869 ],
			"scale":  [ 2, 2, 2 ]
		},
		"ground": {
			"translation":  [ 0, 2.7826, 0 ],
			"scale":  [ 0.5, 0.5, 0.5 ]
		},
		"fixed": {
			"rotation":  [ -90, 0, 0 ],
			"translation":  [ 0.6956, 1.3913, -11.82 ]
		}
	}
}