{
	"__comment": "Cubik Studio - https://cubik.studio",
	"textures": {
		"roadrunner": "item/roadrunner"
	},
	"elements": [ 	 
		{
			"__comment": "Box1",
			"from": [ 8.125, 0.26, 7.625 ],
			"to": [ 9.125, 1.26, 9.125 ],
			"faces": {
				"down": { "uv": [ 6, 6, 7, 7 ], "texture": "#roadrunner" },
				"up": { "uv": [ 6, 6, 7, 7 ], "texture": "#roadrunner" },
				"north": { "uv": [ 6, 5, 7, 6 ], "texture": "#roadrunner" },
				"south": { "uv": [ 14, 8, 15, 9 ], "texture": "#roadrunner" },
				"west": { "uv": [ 15, 8, 16, 9 ], "texture": "#roadrunner" },
				"east": { "uv": [ 16, 8, 15, 9 ], "texture": "#roadrunner" }
			}
		},
		{
			"__comment": "PlaneY4",
			"from": [ 8.027599, -2.01, 8.9466 ],
			"to": [ 10.5276, -2.009, 15.9466 ],
			"rotation": { "origin": [ 9.125, -2, 2.625 ], "axis": "x", "angle": -22.5 },
			"faces": {
				"down": { "uv": [ 4, 9, 2, 2 ], "texture": "#roadrunner" },
				"up": { "uv": [ 4, 2, 2, 9 ], "texture": "#roadrunner" }
			}
		},
		{
			"__comment": "PlaneY4",
			"from": [ 7.25, 0.615, 5.6429 ],
			"to": [ 9.75, 0.616, 10.1429 ],
			"faces": {
				"down": { "uv": [ 8, 12, 6, 16 ], "texture": "#roadrunner", "rotation": 90 },
				"up": { "uv": [ 6, 12, 8, 16 ], "texture": "#roadrunner", "rotation": 90 }
			}
		},
		{
			"__comment": "Box1",
			"from": [ 8.125, 1, 5.25 ],
			"to": [ 9.125, 2.5, 6.25 ],
			"rotation": { "origin": [ 8.125, 1, 5.25 ], "axis": "x", "angle": -22.5 },
			"faces": {
				"down": { "uv": [ 12, 12, 13, 13 ], "texture": "#roadrunner" },
				"up": { "uv": [ 13, 12, 14, 13 ], "texture": "#roadrunner" },
				"north": { "uv": [ 14, 14, 15, 15 ], "texture": "#roadrunner" },
				"south": { "uv": [ 15, 14, 16, 15 ], "texture": "#roadrunner" },
				"west": { "uv": [ 14, 13, 15, 14 ], "texture": "#roadrunner" },
				"east": { "uv": [ 15, 13, 16, 14 ], "texture": "#roadrunner" }
			}
		},
		{
			"__comment": "Box1",
			"from": [ 9.4842, 0.478, 6.419 ],
			"to": [ 9.74992, 0.73, 7.75 ],
			"faces": {
				"down": { "uv": [ 9, 11, 10, 12 ], "texture": "#roadrunner", "rotation": 90 },
				"up": { "uv": [ 9, 11, 10, 12 ], "texture": "#roadrunner", "rotation": 90 },
				"north": { "uv": [ 9, 11, 10, 12 ], "texture": "#roadrunner", "rotation": 90 },
				"south": { "uv": [ 9, 11, 10, 12 ], "texture": "#roadrunner", "rotation": 90 },
				"west": { "uv": [ 9, 11, 10, 12 ], "texture": "#roadrunner", "rotation": 90 },
				"east": { "uv": [ 9, 11, 10, 12 ], "texture": "#roadrunner", "rotation": 90 }
			}
		},
		{
			"__comment": "Box1",
			"from": [ 9.344999, 0.46, 5.5 ],
			"to": [ 9.749999, 0.7399999, 6.5 ],
			"faces": {
				"down": { "uv": [ 9, 11, 10, 12 ], "texture": "#roadrunner", "rotation": 90 },
				"up": { "uv": [ 9, 11, 10, 12 ], "texture": "#roadrunner", "rotation": 90 },
				"north": { "uv": [ 9, 11, 10, 12 ], "texture": "#roadrunner", "rotation": 90 },
				"south": { "uv": [ 9, 11, 10, 12 ], "texture": "#roadrunner", "rotation": 90 },
				"west": { "uv": [ 9, 11, 10, 12 ], "texture": "#roadrunner", "rotation": 90 },
				"east": { "uv": [ 9, 11, 10, 12 ], "texture": "#roadrunner", "rotation": 90 }
			}
		},
		{
			"__comment": "PlaneY4",
			"from": [ 8.749, 2.9172, 4.1865 ],
			"to": [ 8.75, 4.9172, 6.1865 ],
			"faces": {
				"west": { "uv": [ 0, 0, 2, 2 ], "texture": "#roadrunner", "rotation": 270 },
				"east": { "uv": [ 0, 2, 2, 0 ], "texture": "#roadrunner", "rotation": 270 }
			}
		},
		{
			"__comment": "PlaneY4",
			"from": [ 7.4687, 0.625, 5.4821 ],
			"to": [ 9.9687, 0.626, 9.9821 ],
			"faces": {
				"down": { "uv": [ 8, 16, 6, 12 ], "texture": "#roadrunner", "rotation": 90 },
				"up": { "uv": [ 6, 16, 8, 12 ], "texture": "#roadrunner", "rotation": 90 }
			}
		},
		{
			"__comment": "Box1",
			"from": [ 9.0934, -1.75, 4.75 ],
			"to": [ 9.32668, -0.5593002, 4.974 ],
			"rotation": { "origin": [ 9.0934, -1.75, 4.75 ], "axis": "x", "angle": 45 },
			"faces": {
				"down": { "uv": [ 14, 11, 15, 12 ], "texture": "#roadrunner", "rotation": 90 },
				"up": { "uv": [ 14, 11, 15, 12 ], "texture": "#roadrunner", "rotation": 90 },
				"north": { "uv": [ 4, 9, 5, 10 ], "texture": "#roadrunner", "rotation": 90 },
				"south": { "uv": [ 4, 9, 5, 10 ], "texture": "#roadrunner", "rotation": 90 },
				"west": { "uv": [ 4, 9, 5, 10 ], "texture": "#roadrunner", "rotation": 90 },
				"east": { "uv": [ 4, 9, 5, 10 ], "texture": "#roadrunner", "rotation": 90 }
			}
		},
		{
			"__comment": "Box1",
			"from": [ 7.4999, 0.51, 6.419 ],
			"to": [ 7.76562, 0.762, 7.75 ],
			"faces": {
				"down": { "uv": [ 4, 6, 5, 7 ], "texture": "#roadrunner", "rotation": 90 },
				"up": { "uv": [ 4, 5, 5, 6 ], "texture": "#roadrunner", "rotation": 90 },
				"north": { "uv": [ 4, 4, 5, 5 ], "texture": "#roadrunner", "rotation": 90 },
				"south": { "uv": [ 4, 3, 5, 4 ], "texture": "#roadrunner", "rotation": 90 },
				"west": { "uv": [ 4, 2, 5, 3 ], "texture": "#roadrunner", "rotation": 90 },
				"east": { "uv": [ 4, 1, 5, 2 ], "texture": "#roadrunner", "rotation": 90 }
			}
		},
		{
			"__comment": "Box1",
			"from": [ 7.5, 0.5, 5.5 ],
			"to": [ 7.905, 0.78, 6.5 ],
			"faces": {
				"down": { "uv": [ 9, 11, 10, 12 ], "texture": "#roadrunner", "rotation": 90 },
				"up": { "uv": [ 9, 11, 10, 12 ], "texture": "#roadrunner", "rotation": 90 },
				"north": { "uv": [ 9, 11, 10, 12 ], "texture": "#roadrunner", "rotation": 90 },
				"south": { "uv": [ 9, 11, 10, 12 ], "texture": "#roadrunner", "rotation": 90 },
				"west": { "uv": [ 9, 11, 10, 12 ], "texture": "#roadrunner", "rotation": 90 },
				"east": { "uv": [ 9, 11, 10, 12 ], "texture": "#roadrunner", "rotation": 90 }
			}
		},
		{
			"__comment": "Box1",
			"from": [ 8.4884, 2.705, 3.375 ],
			"to": [ 8.774197, 2.979428, 3.617045 ],
			"rotation": { "origin": [ 8.4884, 2.705, 3.375 ], "axis": "x", "angle": -22.5 },
			"faces": {
				"down": { "uv": [ 10, 10, 11, 11 ], "texture": "#roadrunner", "rotation": 270 },
				"up": { "uv": [ 11, 10, 12, 11 ], "texture": "#roadrunner", "rotation": 90 },
				"north": { "uv": [ 12, 10, 13, 11 ], "texture": "#roadrunner" },
				"south": { "uv": [ 13, 10, 14, 11 ], "texture": "#roadrunner" },
				"west": { "uv": [ 14, 10, 15, 11 ], "texture": "#roadrunner" },
				"east": { "uv": [ 15, 10, 14, 11 ], "texture": "#roadrunner" }
			}
		},
		{
			"__comment": "Box1",
			"from": [ 7.825, -1.875, 8.625 ],
			"to": [ 8.05828, -0.6843002, 8.849 ],
			"rotation": { "origin": [ 9, -1.875, 8.625 ], "axis": "x", "angle": -45 },
			"faces": {
				"down": { "uv": [ 5, 9, 6, 10 ], "texture": "#roadrunner", "rotation": 90 },
				"up": { "uv": [ 14, 11, 15, 12 ], "texture": "#roadrunner", "rotation": 90 },
				"north": { "uv": [ 4, 9, 5, 10 ], "texture": "#roadrunner", "rotation": 90 },
				"south": { "uv": [ 4, 9, 5, 10 ], "texture": "#roadrunner", "rotation": 90 },
				"west": { "uv": [ 4, 9, 5, 10 ], "texture": "#roadrunner", "rotation": 90 },
				"east": { "uv": [ 4, 9, 5, 10 ], "texture": "#roadrunner", "rotation": 90 }
			}
		},
		{
			"__comment": "PlaneY15",
			"from": [ 8.76, -1.875, 3.53 ],
			"to": [ 9.76, -1.874, 5.53 ],
			"rotation": { "origin": [ 9.0934, -1.875, 4.75 ], "axis": "x", "angle": 0 },
			"faces": {
				"down": { "uv": [ 6, 1, 5, 0 ], "texture": "#roadrunner" },
				"up": { "uv": [ 6, 0, 5, 1 ], "texture": "#roadrunner" }
			}
		},
		{
			"__comment": "PlaneY15",
			"from": [ 7.4166, -1.875, 7.405 ],
			"to": [ 8.416599, -1.874, 9.405 ],
			"faces": {
				"down": { "uv": [ 5, 1, 6, 0 ], "texture": "#roadrunner" },
				"up": { "uv": [ 5, 0, 6, 1 ], "texture": "#roadrunner" }
			}
		},
		{
			"__comment": "Box1",
			"from": [ 8.4584, 2.75, 3.5 ],
			"to": [ 8.811236, 3.0888, 4.167013 ],
			"faces": {
				"down": { "uv": [ 6, 9, 7, 10 ], "texture": "#roadrunner", "rotation": 270 },
				"up": { "uv": [ 7, 9, 8, 10 ], "texture": "#roadrunner", "rotation": 90 },
				"north": { "uv": [ 8, 9, 9, 10 ], "texture": "#roadrunner" },
				"south": { "uv": [ 9, 9, 10, 10 ], "texture": "#roadrunner" },
				"west": { "uv": [ 10, 9, 11, 10 ], "texture": "#roadrunner" },
				"east": { "uv": [ 11, 9, 10, 10 ], "texture": "#roadrunner" }
			}
		},
		{
			"__comment": "Box1",
			"from": [ 8.135, 2.375, 4.125 ],
			"to": [ 9.155001, 3.375, 5.625 ],
			"faces": {
				"down": { "uv": [ 12, 9, 13, 10 ], "texture": "#roadrunner" },
				"up": { "uv": [ 7, 8, 8, 9 ], "texture": "#roadrunner" },
				"north": { "uv": [ 14, 9, 15, 10 ], "texture": "#roadrunner" },
				"south": { "uv": [ 15, 9, 16, 10 ], "texture": "#roadrunner" },
				"west": { "uv": [ 6, 8, 7, 9 ], "texture": "#roadrunner" },
				"east": { "uv": [ 7, 8, 6, 9 ], "texture": "#roadrunner" }
			}
		},
		{
			"__comment": "PlaneY4",
			"from": [ 6.8341, -2, 8.9654 ],
			"to": [ 9.3341, -1.999, 15.9654 ],
			"rotation": { "origin": [ 9.125, -2, 2.625 ], "axis": "x", "angle": -22.5 },
			"faces": {
				"down": { "uv": [ 2, 9, 4, 2 ], "texture": "#roadrunner" },
				"up": { "uv": [ 2, 2, 4, 9 ], "texture": "#roadrunner" }
			}
		},
		{
			"__comment": "Box1",
			"from": [ 9.0834, -0.6681, 4.7288 ],
			"to": [ 9.31668, 0.5225998, 4.9528 ],
			"rotation": { "origin": [ 9.0934, -1.75, 4.75 ], "axis": "x", "angle": 45 },
			"faces": {
				"down": { "uv": [ 6, 4, 7, 5 ], "texture": "#roadrunner", "rotation": 90 },
				"up": { "uv": [ 6, 3, 7, 4 ], "texture": "#roadrunner", "rotation": 90 },
				"north": { "uv": [ 12, 8, 13, 9 ], "texture": "#roadrunner", "rotation": 90 },
				"south": { "uv": [ 12, 8, 13, 9 ], "texture": "#roadrunner", "rotation": 90 },
				"west": { "uv": [ 12, 8, 13, 9 ], "texture": "#roadrunner", "rotation": 90 },
				"east": { "uv": [ 12, 8, 13, 9 ], "texture": "#roadrunner", "rotation": 90 }
			}
		},
		{
			"__comment": "Box1",
			"from": [ 7.9084, -1.125, 7.97 ],
			"to": [ 8.14168, 0.06569982, 8.194 ],
			"rotation": { "origin": [ 9.0834, -1.125, 7.97 ], "axis": "x", "angle": -45 },
			"faces": {
				"down": { "uv": [ 8, 8, 9, 9 ], "texture": "#roadrunner", "rotation": 90 },
				"up": { "uv": [ 9, 8, 10, 9 ], "texture": "#roadrunner", "rotation": 90 },
				"north": { "uv": [ 12, 8, 13, 9 ], "texture": "#roadrunner", "rotation": 90 },
				"south": { "uv": [ 12, 8, 13, 9 ], "texture": "#roadrunner", "rotation": 90 },
				"west": { "uv": [ 12, 8, 13, 9 ], "texture": "#roadrunner", "rotation": 90 },
				"east": { "uv": [ 12, 8, 13, 9 ], "texture": "#roadrunner", "rotation": 90 }
			}
		},
		{
			"__comment": "Box1",
			"from": [ 7.875, -0.25, 5.5 ],
			"to": [ 9.375, 1.25, 8 ],
			"faces": {
				"down": { "uv": [ 13, 13, 14, 15 ], "texture": "#roadrunner" },
				"up": { "uv": [ 13, 13, 14, 15 ], "texture": "#roadrunner" },
				"north": { "uv": [ 7, 7, 8, 8 ], "texture": "#roadrunner" },
				"south": { "uv": [ 7, 6, 8, 7 ], "texture": "#roadrunner" },
				"west": { "uv": [ 14, 15, 16, 16 ], "texture": "#roadrunner" },
				"east": { "uv": [ 16, 15, 14, 16 ], "texture": "#roadrunner" }
			}
		},
		{
			"__comment": "PlaneY4",
			"from": [ 8.624, 2.9172, 3.9365 ],
			"to": [ 8.625, 4.9172, 5.9365 ],
			"faces": {
				"west": { "uv": [ 0, 0, 2, 2 ], "texture": "#roadrunner", "rotation": 270 },
				"east": { "uv": [ 0, 2, 2, 0 ], "texture": "#roadrunner", "rotation": 270 }
			}
		}
	],
	"display": {
		"thirdperson_righthand": {
			"rotation":  [ 90, 0, 0 ],
			"translation":  [ 0, -0.694, 6.9565 ]
		},
		"thirdperson_lefthand": {
			"rotation":  [ 90, 0, 0 ],
			"translation":  [ 0, -0.694, 6.9565 ]
		},
		"firstperson_righthand": {
			"translation":  [ 0, 11.826, 0 ],
			"scale":  [ 1.5, 1.5, 1.5 ]
		},
		"firstperson_lefthand": {
			"translation":  [ 2.7826, 11.826, 0 ],
			"scale":  [ 1.5, 1.5, 1.5 ]
		},
		"gui": {
			"rotation":  [ 0, 130, 0 ],
			"translation":  [ 1.3913, 6.2608, 1.3913 ]
		},
		"head": {
			"translation":  [ -2.086, -13.88, 2.7829 ],
			"scale":  [ 2.8, 2.8, 2.8 ]
		},
		"ground": {
			"translation":  [ 0, 5.5652, 0 ]
		},
		"fixed": {
			"rotation":  [ -90, 0, 0 ],
			"translation":  [ -2.086, -0.695, -20.86 ],
			"scale":  [ 2.5, 2.5, 2.5 ]
		}
	}
}