{
	"__comment": "Cubik Studio - https://cubik.studio",
	"textures": {
		"robin": "item/robin"
	},
	"elements": [ 	 
		{
			"__comment": "Box1",
			"from": [ 8, 0, 6 ],
			"to": [ 9.5, 1.5, 8 ],
			"faces": {
				"down": { "uv": [ 5, 12, 6, 14 ], "texture": "#robin" },
				"up": { "uv": [ 5, 14, 6, 16 ], "texture": "#robin" },
				"north": { "uv": [ 9, 11, 10, 12 ], "texture": "#robin" },
				"south": { "uv": [ 10, 9, 11, 10 ], "texture": "#robin" },
				"west": { "uv": [ 6, 15, 8, 16 ], "texture": "#robin" },
				"east": { "uv": [ 6, 14, 8, 15 ], "texture": "#robin" }
			}
		},
		{
			"__comment": "PlaneY4",
			"from": [ 8.625, 1.01, 7.875 ],
			"to": [ 10.625, 1.011, 9.875 ],
			"faces": {
				"down": { "uv": [ 5, 14, 3, 12 ], "texture": "#robin" },
				"up": { "uv": [ 5, 12, 3, 14 ], "texture": "#robin" }
			}
		},
		{
			"__comment": "PlaneY4",
			"from": [ 9.375, 1.374, 6.75 ],
			"to": [ 12.875, 1.375, 8.75 ],
			"rotation": { "origin": [ 9.375, 1.22, 6.5 ], "axis": "z", "angle": -22.5 },
			"faces": {
				"down": { "uv": [ 0, 14, 3, 12 ], "texture": "#robin", "rotation": 180 },
				"up": { "uv": [ 0, 12, 3, 14 ], "texture": "#robin", "rotation": 180 }
			}
		},
		{
			"__comment": "Box1",
			"from": [ 8.125, 0.5, 5.125 ],
			"to": [ 9.325, 1.7, 6.325 ],
			"faces": {
				"down": { "uv": [ 10, 8, 11, 9 ], "texture": "#robin" },
				"up": { "uv": [ 11, 12, 12, 13 ], "texture": "#robin" },
				"north": { "uv": [ 5, 8, 6, 9 ], "texture": "#robin" },
				"south": { "uv": [ 6, 11.5, 7, 12.5 ], "texture": "#robin" },
				"west": { "uv": [ 7, 11.5, 8, 12.5 ], "texture": "#robin" },
				"east": { "uv": [ 6, 10.5, 7, 11.5 ], "texture": "#robin" }
			}
		},
		{
			"__comment": "Box1",
			"from": [ 10.294, 1.238, 6.5001 ],
			"to": [ 11.625, 1.49, 6.76582 ],
			"rotation": { "origin": [ 9.375, 1.22, 6.5 ], "axis": "z", "angle": -22.5 },
			"faces": {
				"down": { "uv": [ 10, 15, 11, 16 ], "texture": "#robin", "rotation": 180 },
				"up": { "uv": [ 10, 15, 11, 16 ], "texture": "#robin", "rotation": 180 },
				"north": { "uv": [ 10, 15, 11, 16 ], "texture": "#robin", "rotation": 180 },
				"south": { "uv": [ 10, 15, 11, 16 ], "texture": "#robin", "rotation": 180 },
				"west": { "uv": [ 10, 15, 11, 16 ], "texture": "#robin", "rotation": 180 },
				"east": { "uv": [ 10, 15, 11, 16 ], "texture": "#robin", "rotation": 180 }
			}
		},
		{
			"__comment": "Box1",
			"from": [ 9.375, 1.22, 6.5 ],
			"to": [ 10.375, 1.5, 6.905 ],
			"rotation": { "origin": [ 9.375, 1.22, 6.5 ], "axis": "z", "angle": -22.5 },
			"faces": {
				"down": { "uv": [ 10, 15, 11, 16 ], "texture": "#robin", "rotation": 180 },
				"up": { "uv": [ 10, 15, 11, 16 ], "texture": "#robin", "rotation": 180 },
				"north": { "uv": [ 10, 15, 11, 16 ], "texture": "#robin", "rotation": 180 },
				"south": { "uv": [ 10, 15, 11, 16 ], "texture": "#robin", "rotation": 180 },
				"west": { "uv": [ 10, 15, 11, 16 ], "texture": "#robin", "rotation": 180 },
				"east": { "uv": [ 10, 15, 11, 16 ], "texture": "#robin", "rotation": 180 }
			}
		},
		{
			"__comment": "PlaneY4",
			"from": [ 6.75, 1, 7.875 ],
			"to": [ 8.75, 1.001, 9.875 ],
			"faces": {
				"down": { "uv": [ 3, 14, 5, 12 ], "texture": "#robin" },
				"up": { "uv": [ 3, 12, 5, 14 ], "texture": "#robin" }
			}
		},
		{
			"__comment": "PlaneY4",
			"from": [ 4.75, 0.875, 6.75 ],
			"to": [ 8.25, 0.876, 8.75 ],
			"rotation": { "origin": [ 7.125, 0.75, 6.5 ], "axis": "z", "angle": 22.5 },
			"faces": {
				"down": { "uv": [ 3, 14, 0, 12 ], "texture": "#robin", "rotation": 180 },
				"up": { "uv": [ 3, 12, 0, 14 ], "texture": "#robin", "rotation": 180 }
			}
		},
		{
			"__comment": "Box1",
			"from": [ 9.0834, -0.5, 7.845 ],
			"to": [ 9.375, 0.3268749, 8.125 ],
			"rotation": { "origin": [ 8.0834, -0.5, 7.845 ], "axis": "x", "angle": -45 },
			"faces": {
				"down": { "uv": [ 10, 11, 11, 12 ], "texture": "#robin", "rotation": 270 },
				"up": { "uv": [ 10, 11, 11, 12 ], "texture": "#robin", "rotation": 270 },
				"north": { "uv": [ 10, 11, 11, 12 ], "texture": "#robin", "rotation": 270 },
				"south": { "uv": [ 10, 11, 11, 12 ], "texture": "#robin", "rotation": 270 },
				"west": { "uv": [ 10, 11, 11, 12 ], "texture": "#robin", "rotation": 270 },
				"east": { "uv": [ 10, 11, 11, 12 ], "texture": "#robin", "rotation": 270 }
			}
		},
		{
			"__comment": "Box1",
			"from": [ 6, 0.76, 6.5 ],
			"to": [ 7.331, 1.012, 6.76572 ],
			"rotation": { "origin": [ 7.125, 0.75, 6.5 ], "axis": "z", "angle": 22.5 },
			"faces": {
				"down": { "uv": [ 10, 15, 11, 16 ], "texture": "#robin", "rotation": 180 },
				"up": { "uv": [ 10, 15, 11, 16 ], "texture": "#robin", "rotation": 180 },
				"north": { "uv": [ 10, 15, 11, 16 ], "texture": "#robin", "rotation": 180 },
				"south": { "uv": [ 10, 15, 11, 16 ], "texture": "#robin", "rotation": 180 },
				"west": { "uv": [ 10, 15, 11, 16 ], "texture": "#robin", "rotation": 180 },
				"east": { "uv": [ 10, 15, 11, 16 ], "texture": "#robin", "rotation": 180 }
			}
		},
		{
			"__comment": "Box1",
			"from": [ 7.25, 0.75, 6.5 ],
			"to": [ 8.25, 1.03, 6.905 ],
			"rotation": { "origin": [ 7.125, 0.75, 6.5 ], "axis": "z", "angle": 22.5 },
			"faces": {
				"down": { "uv": [ 10, 15, 11, 16 ], "texture": "#robin", "rotation": 180 },
				"up": { "uv": [ 10, 15, 11, 16 ], "texture": "#robin", "rotation": 180 },
				"north": { "uv": [ 10, 15, 11, 16 ], "texture": "#robin", "rotation": 180 },
				"south": { "uv": [ 10, 15, 11, 16 ], "texture": "#robin", "rotation": 180 },
				"west": { "uv": [ 10, 15, 11, 16 ], "texture": "#robin", "rotation": 180 },
				"east": { "uv": [ 10, 15, 11, 16 ], "texture": "#robin", "rotation": 180 }
			}
		},
		{
			"__comment": "Box1",
			"from": [ 8.5834, 0.875, 4.625 ],
			"to": [ 8.875, 1.155, 5.17625 ],
			"faces": {
				"down": { "uv": [ 9, 10, 10, 11 ], "texture": "#robin", "rotation": 270 },
				"up": { "uv": [ 9, 9, 10, 10 ], "texture": "#robin", "rotation": 90 },
				"north": { "uv": [ 9, 8, 10, 9 ], "texture": "#robin" },
				"south": { "uv": [ 10, 13, 11, 14 ], "texture": "#robin" },
				"west": { "uv": [ 11, 13, 12, 14 ], "texture": "#robin" },
				"east": { "uv": [ 12, 13, 13, 14 ], "texture": "#robin" }
			}
		},
		{
			"__comment": "Box1",
			"from": [ 8.0834, -0.5, 7.845 ],
			"to": [ 8.375, 0.3268749, 8.125 ],
			"rotation": { "origin": [ 8.0834, -0.5, 7.845 ], "axis": "x", "angle": -45 },
			"faces": {
				"down": { "uv": [ 13, 13, 14, 14 ], "texture": "#robin" },
				"up": { "uv": [ 10, 11, 11, 12 ], "texture": "#robin", "rotation": 270 },
				"north": { "uv": [ 15, 13, 16, 14 ], "texture": "#robin", "rotation": 90 },
				"south": { "uv": [ 10, 12, 11, 13 ], "texture": "#robin", "rotation": 270 },
				"west": { "uv": [ 10, 11, 11, 12 ], "texture": "#robin", "rotation": 270 },
				"east": { "uv": [ 10, 10, 11, 11 ], "texture": "#robin", "rotation": 90 }
			}
		},
		{
			"__comment": "PlaneY15",
			"from": [ 8.75, -1.095, 8.094 ],
			"to": [ 9.75, 0.405, 8.095 ],
			"rotation": { "origin": [ 8.0834, -0.375, 8.094999 ], "axis": "x", "angle": -22.5 },
			"faces": {
				"north": { "uv": [ 5, 12, 6, 10.5 ], "texture": "#robin" },
				"south": { "uv": [ 6, 12, 5, 10.5 ], "texture": "#robin" }
			}
		},
		{
			"__comment": "PlaneY15",
			"from": [ 7.75, -1.095, 8.094 ],
			"to": [ 8.75, 0.405, 8.095 ],
			"rotation": { "origin": [ 8.0834, -0.375, 8.094999 ], "axis": "x", "angle": -22.5 },
			"faces": {
				"north": { "uv": [ 6, 12, 5, 10.5 ], "texture": "#robin" },
				"south": { "uv": [ 5, 12, 6, 10.5 ], "texture": "#robin" }
			}
		}
	],
	"display": {
		"thirdperson_righthand": {
			"rotation":  [ 90, 0, 0 ],
			"translation":  [ 0, -0.694, 6.9565 ]
		},
		"thirdperson_lefthand": {
			"rotation":  [ 90, 0, 0 ],
			"translation":  [ 0, -0.694, 6.9565 ]
		},
		"firstperson_righthand": {
			"translation":  [ 0, 11.826, 0 ],
			"scale":  [ 1.5, 1.5, 1.5 ]
		},
		"firstperson_lefthand": {
			"translation":  [ 2.7826, 11.826, 0 ],
			"scale":  [ 1.5, 1.5, 1.5 ]
		},
		"gui": {
			"rotation":  [ 0, 130, 0 ],
			"translation":  [ 1.3913, 6.2608, 1.3913 ]
		},
		"head": {
			"translation":  [ -2.085, 6.9704, 2.0873 ],
			"scale":  [ 2.7, 2.7, 2.7 ]
		},
		"ground": {
			"translation":  [ 0, 5.5652, 0 ]
		},
		"fixed": {
			"rotation":  [ -90, 0, 0 ],
			"translation":  [ -2.086, -0.695, -20.86 ],
			"scale":  [ 2.5, 2.5, 2.5 ]
		}
	}
}