{
	"__comment": "Cubik Studio - https://cubik.studio",
	"textures": {
		"scorpionsmall": "item/scorpionsmall"
	},
	"elements": [ 	 
		{
			"__comment": "Box1",
			"from": [ 3.375, -0.25, 3.5 ],
			"to": [ 11.375, 4.25, 19 ],
			"faces": {
				"down": { "uv": [ 0, 12.25, 2, 16 ], "texture": "#scorpionsmall" },
				"up": { "uv": [ 0, 8.5, 2, 12.25 ], "texture": "#scorpionsmall" },
				"north": { "uv": [ 9.5, 15, 11.5, 16 ], "texture": "#scorpionsmall" },
				"south": { "uv": [ 11.5, 15, 13.5, 16 ], "texture": "#scorpionsmall" },
				"west": { "uv": [ 2, 15, 5.75, 16 ], "texture": "#scorpionsmall" },
				"east": { "uv": [ 5.75, 15, 2, 16 ], "texture": "#scorpionsmall" }
			}
		},
		{
			"__comment": "Box1",
			"from": [ 7, 10.5563, 16.7102 ],
			"to": [ 7.5, 13.0563, 17.2102 ],
			"faces": {
				"down": { "uv": [ 4, 9, 4.25, 9.25 ], "texture": "#scorpionsmall" },
				"up": { "uv": [ 3.5, 0, 3.75, 0.25 ], "texture": "#scorpionsmall" },
				"north": { "uv": [ 2.75, 2.75, 3, 3.25 ], "texture": "#scorpionsmall" },
				"south": { "uv": [ 2.75, 3.5, 3, 4 ], "texture": "#scorpionsmall" },
				"west": { "uv": [ 2.75, 4.25, 3, 4.75 ], "texture": "#scorpionsmall", "rotation": 270 },
				"east": { "uv": [ 2.75, 5, 3, 5.5 ], "texture": "#scorpionsmall", "rotation": 90 }
			}
		},
		{
			"__comment": "Box1",
			"from": [ 3.875, -0.375, -1 ],
			"to": [ 10.875, 3.625, 3.5 ],
			"faces": {
				"down": { "uv": [ 2, 14, 3.75, 15 ], "texture": "#scorpionsmall" },
				"up": { "uv": [ 3.75, 14, 5.5, 15 ], "texture": "#scorpionsmall" },
				"north": { "uv": [ 13.5, 15, 15.25, 16 ], "texture": "#scorpionsmall" },
				"south": { "uv": [ 5.5, 14, 7.25, 15 ], "texture": "#scorpionsmall" },
				"west": { "uv": [ 2, 12.25, 3, 13.25 ], "texture": "#scorpionsmall" },
				"east": { "uv": [ 2, 11.25, 3, 12.25 ], "texture": "#scorpionsmall" }
			}
		},
		{
			"__comment": "Box1",
			"from": [ 3.875, 0, 18.25 ],
			"to": [ 10.875, 3, 21.25 ],
			"faces": {
				"down": { "uv": [ 2, 13.25, 3.75, 14 ], "texture": "#scorpionsmall" },
				"up": { "uv": [ 3.75, 13.25, 5.5, 14 ], "texture": "#scorpionsmall" },
				"north": { "uv": [ 5.5, 13.25, 7.25, 14 ], "texture": "#scorpionsmall" },
				"south": { "uv": [ 7.25, 13.25, 9, 14 ], "texture": "#scorpionsmall" },
				"west": { "uv": [ 2, 3.25, 2.75, 4 ], "texture": "#scorpionsmall" },
				"east": { "uv": [ 2, 2.5, 2.75, 3.25 ], "texture": "#scorpionsmall" }
			}
		},
		{
			"__comment": "Box1",
			"from": [ 4.875, 0.375, 20 ],
			"to": [ 9.875, 2.875, 23.5 ],
			"faces": {
				"down": { "uv": [ 3, 12.5, 4.25, 13.25 ], "texture": "#scorpionsmall" },
				"up": { "uv": [ 4.25, 12.5, 5.5, 13.25 ], "texture": "#scorpionsmall" },
				"north": { "uv": [ 9.75, 12, 11, 12.5 ], "texture": "#scorpionsmall" },
				"south": { "uv": [ 8.5, 12, 9.75, 12.5 ], "texture": "#scorpionsmall" },
				"west": { "uv": [ 3, 5.75, 3.75, 6.25 ], "texture": "#scorpionsmall" },
				"east": { "uv": [ 3, 6.25, 3.75, 6.75 ], "texture": "#scorpionsmall" }
			}
		},
		{
			"__comment": "Box1",
			"from": [ 5.5, 1, 23.875 ],
			"to": [ 9, 3.5, 27.375 ],
			"rotation": { "origin": [ 5.5, 1, 23.875 ], "axis": "x", "angle": -22.5 },
			"faces": {
				"down": { "uv": [ 2, 4.75, 2.75, 5.5 ], "texture": "#scorpionsmall" },
				"up": { "uv": [ 2, 1.75, 2.75, 2.5 ], "texture": "#scorpionsmall" },
				"north": { "uv": [ 3, 6.75, 3.75, 7.25 ], "texture": "#scorpionsmall" },
				"south": { "uv": [ 3, 7.25, 3.75, 7.75 ], "texture": "#scorpionsmall" },
				"west": { "uv": [ 7.25, 11.5, 8, 12 ], "texture": "#scorpionsmall" },
				"east": { "uv": [ 6.5, 11.5, 7.25, 12 ], "texture": "#scorpionsmall" }
			}
		},
		{
			"__comment": "Box1",
			"from": [ 5.625, 3.375, 25.25 ],
			"to": [ 9.125, 6.875, 27.75 ],
			"rotation": { "origin": [ 5.625, 3.375, 27.75 ], "axis": "x", "angle": 22.5 },
			"faces": {
				"down": { "uv": [ 5.75, 11.5, 6.5, 12 ], "texture": "#scorpionsmall" },
				"up": { "uv": [ 3, 1.25, 3.75, 1.75 ], "texture": "#scorpionsmall" },
				"north": { "uv": [ 2, 1, 2.75, 1.75 ], "texture": "#scorpionsmall" },
				"south": { "uv": [ 2, 0.25, 2.75, 1 ], "texture": "#scorpionsmall" },
				"west": { "uv": [ 1.5, 1, 2, 1.75 ], "texture": "#scorpionsmall", "rotation": 270 },
				"east": { "uv": [ 1.5, 1.75, 2, 2.5 ], "texture": "#scorpionsmall", "rotation": 90 }
			}
		},
		{
			"__comment": "Box1",
			"from": [ 5.625, 7.375, 27 ],
			"to": [ 9.125, 10.875, 29.5 ],
			"faces": {
				"down": { "uv": [ 3, 1.75, 3.75, 2.25 ], "texture": "#scorpionsmall" },
				"up": { "uv": [ 3, 3.25, 3.75, 3.75 ], "texture": "#scorpionsmall" },
				"north": { "uv": [ 3, 9.75, 3.75, 10.5 ], "texture": "#scorpionsmall" },
				"south": { "uv": [ 15, 13.25, 15.75, 14 ], "texture": "#scorpionsmall" },
				"west": { "uv": [ 1.5, 4.5, 2, 5.25 ], "texture": "#scorpionsmall", "rotation": 270 },
				"east": { "uv": [ 1.5, 6.5, 2, 7.25 ], "texture": "#scorpionsmall", "rotation": 90 }
			}
		},
		{
			"__comment": "Box1",
			"from": [ 5.875, 11.548, 27.1663 ],
			"to": [ 8.875, 16.048, 29.1663 ],
			"rotation": { "origin": [ 5.875, 11.75, 29.25 ], "axis": "x", "angle": -22.5 },
			"faces": {
				"down": { "uv": [ 3, 0.75, 3.75, 1.25 ], "texture": "#scorpionsmall" },
				"up": { "uv": [ 3, 0.25, 3.75, 0.75 ], "texture": "#scorpionsmall" },
				"north": { "uv": [ 15.25, 14, 16, 15 ], "texture": "#scorpionsmall" },
				"south": { "uv": [ 15.25, 15, 16, 16 ], "texture": "#scorpionsmall" },
				"west": { "uv": [ 1.5, 3.5, 2, 4.5 ], "texture": "#scorpionsmall", "rotation": 270 },
				"east": { "uv": [ 1.5, 2.5, 2, 3.5 ], "texture": "#scorpionsmall", "rotation": 90 }
			}
		},
		{
			"__comment": "Box1",
			"from": [ 5.75, 14.3858, 21.5981 ],
			"to": [ 8.75, 16.3858, 27.0981 ],
			"rotation": { "origin": [ 5.75, 16.875, 26.875 ], "axis": "x", "angle": 22.5 },
			"faces": {
				"down": { "uv": [ 2, 10, 2.75, 11.25 ], "texture": "#scorpionsmall" },
				"up": { "uv": [ 2, 7.5, 2.75, 8.75 ], "texture": "#scorpionsmall" },
				"north": { "uv": [ 3, 2.75, 3.75, 3.25 ], "texture": "#scorpionsmall" },
				"south": { "uv": [ 3, 2.25, 3.75, 2.75 ], "texture": "#scorpionsmall" },
				"west": { "uv": [ 12.25, 12, 13.5, 12.5 ], "texture": "#scorpionsmall", "rotation": 180 },
				"east": { "uv": [ 3, 10.5, 4.25, 11 ], "texture": "#scorpionsmall", "rotation": 180 }
			}
		},
		{
			"__comment": "Box1",
			"from": [ 5.875, 16.5108, 16.0981 ],
			"to": [ 8.875, 18.5108, 21.5981 ],
			"faces": {
				"down": { "uv": [ 2, 6.25, 2.75, 7.5 ], "texture": "#scorpionsmall" },
				"up": { "uv": [ 2, 8.75, 2.75, 10 ], "texture": "#scorpionsmall" },
				"north": { "uv": [ 4.25, 11.5, 5, 12 ], "texture": "#scorpionsmall" },
				"south": { "uv": [ 5, 11.5, 5.75, 12 ], "texture": "#scorpionsmall" },
				"west": { "uv": [ 3, 11, 4.25, 11.5 ], "texture": "#scorpionsmall", "rotation": 180 },
				"east": { "uv": [ 13.5, 12, 14.75, 12.5 ], "texture": "#scorpionsmall", "rotation": 180 }
			}
		},
		{
			"__comment": "Box1",
			"from": [ 6, 11.3543, 15.907 ],
			"to": [ 8.5, 13.3543, 17.407 ],
			"rotation": { "origin": [ 5.875, 16.5, 21.25 ], "axis": "x", "angle": 45 },
			"faces": {
				"down": { "uv": [ 12.5, 14, 13, 14.25 ], "texture": "#scorpionsmall" },
				"up": { "uv": [ 10.5, 14, 11, 14.25 ], "texture": "#scorpionsmall" },
				"north": { "uv": [ 5.75, 10.5, 6.25, 11 ], "texture": "#scorpionsmall" },
				"south": { "uv": [ 5.25, 10.5, 5.75, 11 ], "texture": "#scorpionsmall" },
				"west": { "uv": [ 2.75, 1.25, 3, 1.75 ], "texture": "#scorpionsmall", "rotation": 180 },
				"east": { "uv": [ 2.75, 2, 3, 2.5 ], "texture": "#scorpionsmall", "rotation": 180 }
			}
		},
		{
			"__comment": "Box1",
			"from": [ 5.625, 15.7407, 14.3044 ],
			"to": [ 9.125, 18.2407, 17.3044 ],
			"rotation": { "origin": [ 5.875, 16.5, 21.25 ], "axis": "x", "angle": -22.5 },
			"faces": {
				"down": { "uv": [ 2, 4, 2.75, 4.75 ], "texture": "#scorpionsmall" },
				"up": { "uv": [ 2, 5.5, 2.75, 6.25 ], "texture": "#scorpionsmall" },
				"north": { "uv": [ 3, 5.25, 3.75, 5.75 ], "texture": "#scorpionsmall" },
				"south": { "uv": [ 3, 4.75, 3.75, 5.25 ], "texture": "#scorpionsmall" },
				"west": { "uv": [ 3, 4.25, 3.75, 4.75 ], "texture": "#scorpionsmall", "rotation": 270 },
				"east": { "uv": [ 3, 3.75, 3.75, 4.25 ], "texture": "#scorpionsmall", "rotation": 90 }
			}
		},
		{
			"__comment": "Box1",
			"from": [ 6, 14.4576, 14.7542 ],
			"to": [ 8.5, 15.9576, 16.7542 ],
			"rotation": { "origin": [ 5.875, 16.5, 21.25 ], "axis": "x", "angle": -22.5 },
			"faces": {
				"down": { "uv": [ 15.5, 11.5, 16, 12 ], "texture": "#scorpionsmall" },
				"up": { "uv": [ 1.5, 0.5, 2, 1 ], "texture": "#scorpionsmall" },
				"north": { "uv": [ 8.5, 14, 9, 14.25 ], "texture": "#scorpionsmall" },
				"south": { "uv": [ 14.5, 14, 15, 14.25 ], "texture": "#scorpionsmall" },
				"west": { "uv": [ 8.5, 12.5, 9, 12.75 ], "texture": "#scorpionsmall", "rotation": 270 },
				"east": { "uv": [ 6.75, 12.5, 7.25, 12.75 ], "texture": "#scorpionsmall", "rotation": 90 }
			}
		},
		{
			"__comment": "Box16",
			"from": [ 16.875, -3.875, 17.875 ],
			"to": [ 17.875, 1.625, 18.875 ],
			"faces": {
				"down": { "uv": [ 4, 9.5, 4.25, 9.75 ], "texture": "#scorpionsmall", "rotation": 270 },
				"up": { "uv": [ 4, 9.75, 4.25, 10 ], "texture": "#scorpionsmall", "rotation": 90 },
				"north": { "uv": [ 4.75, 0, 5, 1.25 ], "texture": "#scorpionsmall", "rotation": 270 },
				"south": { "uv": [ 5, 9.75, 5.25, 11 ], "texture": "#scorpionsmall", "rotation": 90 },
				"west": { "uv": [ 2.75, 10, 3, 11.25 ], "texture": "#scorpionsmall", "rotation": 90 },
				"east": { "uv": [ 2.75, 8.75, 3, 10 ], "texture": "#scorpionsmall", "rotation": 270 }
			}
		},
		{
			"__comment": "Box16",
			"from": [ 11.375, 1, 17.375 ],
			"to": [ 16.875, 2.5, 18.875 ],
			"faces": {
				"down": { "uv": [ 7.25, 14, 8.5, 14.25 ], "texture": "#scorpionsmall" },
				"up": { "uv": [ 9.25, 14, 10.5, 14.25 ], "texture": "#scorpionsmall" },
				"north": { "uv": [ 11.25, 14, 12.5, 14.25 ], "texture": "#scorpionsmall" },
				"south": { "uv": [ 13.25, 14, 14.5, 14.25 ], "texture": "#scorpionsmall" },
				"west": { "uv": [ 3.75, 9.75, 4, 10 ], "texture": "#scorpionsmall" },
				"east": { "uv": [ 15.75, 12.5, 16, 12.75 ], "texture": "#scorpionsmall" }
			}
		},
		{
			"__comment": "Box16",
			"from": [ 11.375, 1, 5.5 ],
			"to": [ 16.875, 2.5, 7 ],
			"faces": {
				"down": { "uv": [ 5.5, 12.5, 6.75, 12.75 ], "texture": "#scorpionsmall" },
				"up": { "uv": [ 7.25, 12.5, 8.5, 12.75 ], "texture": "#scorpionsmall" },
				"north": { "uv": [ 9, 12.5, 10.25, 12.75 ], "texture": "#scorpionsmall" },
				"south": { "uv": [ 10.75, 12.5, 12, 12.75 ], "texture": "#scorpionsmall" },
				"west": { "uv": [ 15.5, 12.5, 15.75, 12.75 ], "texture": "#scorpionsmall" },
				"east": { "uv": [ 15.75, 13.25, 16, 13.5 ], "texture": "#scorpionsmall" }
			}
		},
		{
			"__comment": "Box16",
			"from": [ 16.875, -3.875, 6 ],
			"to": [ 17.875, 1.625, 7 ],
			"faces": {
				"down": { "uv": [ 14, 12.5, 14.25, 12.75 ], "texture": "#scorpionsmall", "rotation": 270 },
				"up": { "uv": [ 13.75, 12.5, 14, 12.75 ], "texture": "#scorpionsmall", "rotation": 90 },
				"north": { "uv": [ 2.75, 7.5, 3, 8.75 ], "texture": "#scorpionsmall", "rotation": 270 },
				"south": { "uv": [ 2.75, 6.25, 3, 7.5 ], "texture": "#scorpionsmall", "rotation": 90 },
				"west": { "uv": [ 4.25, 10.25, 4.5, 11.5 ], "texture": "#scorpionsmall", "rotation": 90 },
				"east": { "uv": [ 4.25, 9, 4.5, 10.25 ], "texture": "#scorpionsmall", "rotation": 270 }
			}
		},
		{
			"__comment": "Box16",
			"from": [ 11.375, 1, 9.5 ],
			"to": [ 16.875, 2.5, 11 ],
			"faces": {
				"down": { "uv": [ 12.5, 12.5, 13.75, 12.75 ], "texture": "#scorpionsmall" },
				"up": { "uv": [ 14.25, 12.5, 15.5, 12.75 ], "texture": "#scorpionsmall" },
				"north": { "uv": [ 8, 11.75, 9.25, 12 ], "texture": "#scorpionsmall" },
				"south": { "uv": [ 8, 11.5, 9.25, 11.75 ], "texture": "#scorpionsmall" },
				"west": { "uv": [ 9, 14, 9.25, 14.25 ], "texture": "#scorpionsmall" },
				"east": { "uv": [ 3.25, 0, 3.5, 0.25 ], "texture": "#scorpionsmall" }
			}
		},
		{
			"__comment": "Box16",
			"from": [ 16.875, -3.875, 10 ],
			"to": [ 17.875, 1.625, 11 ],
			"faces": {
				"down": { "uv": [ 4, 8, 4.25, 8.25 ], "texture": "#scorpionsmall", "rotation": 270 },
				"up": { "uv": [ 4, 8.25, 4.25, 8.5 ], "texture": "#scorpionsmall", "rotation": 90 },
				"north": { "uv": [ 4.25, 7.75, 4.5, 9 ], "texture": "#scorpionsmall", "rotation": 270 },
				"south": { "uv": [ 4.25, 6.5, 4.5, 7.75 ], "texture": "#scorpionsmall", "rotation": 90 },
				"west": { "uv": [ 4.25, 5.25, 4.5, 6.5 ], "texture": "#scorpionsmall", "rotation": 90 },
				"east": { "uv": [ 4.25, 4, 4.5, 5.25 ], "texture": "#scorpionsmall", "rotation": 270 }
			}
		},
		{
			"__comment": "Box16",
			"from": [ 11.375, 1, 13.375 ],
			"to": [ 16.875, 2.5, 14.875 ],
			"faces": {
				"down": { "uv": [ 9.25, 11.75, 10.5, 12 ], "texture": "#scorpionsmall" },
				"up": { "uv": [ 9.25, 11.5, 10.5, 11.75 ], "texture": "#scorpionsmall" },
				"north": { "uv": [ 10.5, 11.75, 11.75, 12 ], "texture": "#scorpionsmall" },
				"south": { "uv": [ 10.5, 11.5, 11.75, 11.75 ], "texture": "#scorpionsmall" },
				"west": { "uv": [ 2.75, 4, 3, 4.25 ], "texture": "#scorpionsmall" },
				"east": { "uv": [ 2.75, 3.25, 3, 3.5 ], "texture": "#scorpionsmall" }
			}
		},
		{
			"__comment": "Box16",
			"from": [ 16.875, -3.875, 13.875 ],
			"to": [ 17.875, 1.625, 14.875 ],
			"faces": {
				"down": { "uv": [ 2.75, 0.25, 3, 0.5 ], "texture": "#scorpionsmall", "rotation": 270 },
				"up": { "uv": [ 10.25, 12.5, 10.5, 12.75 ], "texture": "#scorpionsmall", "rotation": 90 },
				"north": { "uv": [ 4.25, 2.75, 4.5, 4 ], "texture": "#scorpionsmall", "rotation": 270 },
				"south": { "uv": [ 4.25, 1.5, 4.5, 2.75 ], "texture": "#scorpionsmall", "rotation": 90 },
				"west": { "uv": [ 4.25, 0.25, 4.5, 1.5 ], "texture": "#scorpionsmall", "rotation": 90 },
				"east": { "uv": [ 4.5, 10.25, 4.75, 11.5 ], "texture": "#scorpionsmall", "rotation": 270 }
			}
		},
		{
			"__comment": "Box16",
			"from": [ 10.25, 1.125, 0.75 ],
			"to": [ 17.75, 3.125, 2.75 ],
			"rotation": { "origin": [ 17.75, 1.125, 2.75 ], "axis": "y", "angle": 22.5 },
			"faces": {
				"down": { "uv": [ 9, 12.75, 10.75, 13.25 ], "texture": "#scorpionsmall", "rotation": 180 },
				"up": { "uv": [ 7.25, 12.75, 9, 13.25 ], "texture": "#scorpionsmall", "rotation": 180 },
				"north": { "uv": [ 5.5, 12.75, 7.25, 13.25 ], "texture": "#scorpionsmall" },
				"south": { "uv": [ 0, 0, 1.75, 0.5 ], "texture": "#scorpionsmall" },
				"west": { "uv": [ 3.75, 6.75, 4.25, 7.25 ], "texture": "#scorpionsmall" },
				"east": { "uv": [ 3.75, 3.75, 4.25, 4.25 ], "texture": "#scorpionsmall" }
			}
		},
		{
			"__comment": "Box16",
			"from": [ -2.125, 1, 9.5 ],
			"to": [ 3.375, 2.5, 11 ],
			"faces": {
				"down": { "uv": [ 11.75, 11.75, 13, 12 ], "texture": "#scorpionsmall" },
				"up": { "uv": [ 11.75, 11.5, 13, 11.75 ], "texture": "#scorpionsmall" },
				"north": { "uv": [ 13, 11.75, 14.25, 12 ], "texture": "#scorpionsmall" },
				"south": { "uv": [ 13, 11.5, 14.25, 11.75 ], "texture": "#scorpionsmall" },
				"west": { "uv": [ 4, 7.75, 4.25, 8 ], "texture": "#scorpionsmall" },
				"east": { "uv": [ 3, 0, 3.25, 0.25 ], "texture": "#scorpionsmall" }
			}
		},
		{
			"__comment": "Box16",
			"from": [ -2.125, 1, 13.375 ],
			"to": [ 3.375, 2.5, 14.875 ],
			"faces": {
				"down": { "uv": [ 14.25, 11.75, 15.5, 12 ], "texture": "#scorpionsmall" },
				"up": { "uv": [ 14.25, 11.5, 15.5, 11.75 ], "texture": "#scorpionsmall" },
				"north": { "uv": [ 4.75, 11.25, 6, 11.5 ], "texture": "#scorpionsmall" },
				"south": { "uv": [ 6, 11.25, 7.25, 11.5 ], "texture": "#scorpionsmall" },
				"west": { "uv": [ 15, 14, 15.25, 14.25 ], "texture": "#scorpionsmall" },
				"east": { "uv": [ 12.25, 12.5, 12.5, 12.75 ], "texture": "#scorpionsmall" }
			}
		},
		{
			"__comment": "Box16",
			"from": [ -2.125, 1, 17.375 ],
			"to": [ 3.375, 2.5, 18.875 ],
			"faces": {
				"down": { "uv": [ 7.25, 11.25, 8.5, 11.5 ], "texture": "#scorpionsmall" },
				"up": { "uv": [ 8.5, 11.25, 9.75, 11.5 ], "texture": "#scorpionsmall" },
				"north": { "uv": [ 9.75, 11.25, 11, 11.5 ], "texture": "#scorpionsmall" },
				"south": { "uv": [ 11, 11.25, 12.25, 11.5 ], "texture": "#scorpionsmall" },
				"west": { "uv": [ 2.75, 2.5, 3, 2.75 ], "texture": "#scorpionsmall" },
				"east": { "uv": [ 12, 12.5, 12.25, 12.75 ], "texture": "#scorpionsmall" }
			}
		},
		{
			"__comment": "Box16",
			"from": [ -2.875, -3.875, 6 ],
			"to": [ -1.875, 1.625, 7 ],
			"faces": {
				"down": { "uv": [ 2.75, 1.75, 3, 2 ], "texture": "#scorpionsmall", "rotation": 270 },
				"up": { "uv": [ 2.75, 1, 3, 1.25 ], "texture": "#scorpionsmall", "rotation": 90 },
				"north": { "uv": [ 4.5, 9, 4.75, 10.25 ], "texture": "#scorpionsmall", "rotation": 270 },
				"south": { "uv": [ 4.5, 7.75, 4.75, 9 ], "texture": "#scorpionsmall", "rotation": 90 },
				"west": { "uv": [ 4.5, 6.5, 4.75, 7.75 ], "texture": "#scorpionsmall", "rotation": 90 },
				"east": { "uv": [ 4.5, 5.25, 4.75, 6.5 ], "texture": "#scorpionsmall", "rotation": 270 }
			}
		},
		{
			"__comment": "Box16",
			"from": [ -2.875, -3.875, 10 ],
			"to": [ -1.875, 1.625, 11 ],
			"faces": {
				"down": { "uv": [ 4, 8.75, 4.25, 9 ], "texture": "#scorpionsmall", "rotation": 270 },
				"up": { "uv": [ 4, 8.5, 4.25, 8.75 ], "texture": "#scorpionsmall", "rotation": 90 },
				"north": { "uv": [ 4.5, 4, 4.75, 5.25 ], "texture": "#scorpionsmall", "rotation": 270 },
				"south": { "uv": [ 4.5, 2.75, 4.75, 4 ], "texture": "#scorpionsmall", "rotation": 90 },
				"west": { "uv": [ 4.5, 1.5, 4.75, 2.75 ], "texture": "#scorpionsmall", "rotation": 90 },
				"east": { "uv": [ 4.5, 0.25, 4.75, 1.5 ], "texture": "#scorpionsmall", "rotation": 270 }
			}
		},
		{
			"__comment": "Box16",
			"from": [ -2.875, -3.875, 13.875 ],
			"to": [ -1.875, 1.625, 14.875 ],
			"faces": {
				"down": { "uv": [ 11, 14, 11.25, 14.25 ], "texture": "#scorpionsmall", "rotation": 270 },
				"up": { "uv": [ 13, 14, 13.25, 14.25 ], "texture": "#scorpionsmall", "rotation": 90 },
				"north": { "uv": [ 4.75, 10, 5, 11.25 ], "texture": "#scorpionsmall", "rotation": 270 },
				"south": { "uv": [ 4.75, 8.75, 5, 10 ], "texture": "#scorpionsmall", "rotation": 90 },
				"west": { "uv": [ 4.75, 7.5, 5, 8.75 ], "texture": "#scorpionsmall", "rotation": 90 },
				"east": { "uv": [ 4.75, 6.25, 5, 7.5 ], "texture": "#scorpionsmall", "rotation": 270 }
			}
		},
		{
			"__comment": "Box16",
			"from": [ -2.875, -3.875, 17.875 ],
			"to": [ -1.875, 1.625, 18.875 ],
			"faces": {
				"down": { "uv": [ 2.75, 5.5, 3, 5.75 ], "texture": "#scorpionsmall", "rotation": 270 },
				"up": { "uv": [ 2.75, 4.75, 3, 5 ], "texture": "#scorpionsmall", "rotation": 90 },
				"north": { "uv": [ 4.75, 5, 5, 6.25 ], "texture": "#scorpionsmall", "rotation": 270 },
				"south": { "uv": [ 4.75, 3.75, 5, 5 ], "texture": "#scorpionsmall", "rotation": 90 },
				"west": { "uv": [ 4.75, 2.5, 5, 3.75 ], "texture": "#scorpionsmall", "rotation": 90 },
				"east": { "uv": [ 4.75, 1.25, 5, 2.5 ], "texture": "#scorpionsmall", "rotation": 270 }
			}
		},
		{
			"__comment": "Box16",
			"from": [ 12.5, 1.5, -11.75 ],
			"to": [ 14, 4, -7.75 ],
			"rotation": { "origin": [ 18, 0.875, -7.625 ], "axis": "y", "angle": 22.5 },
			"faces": {
				"down": { "uv": [ 5, 8.75, 5.25, 9.75 ], "texture": "#scorpionsmall", "rotation": 90 },
				"up": { "uv": [ 5, 7.75, 5.25, 8.75 ], "texture": "#scorpionsmall", "rotation": 270 },
				"north": { "uv": [ 2.75, 5.75, 3, 6.25 ], "texture": "#scorpionsmall" },
				"south": { "uv": [ 1.75, 0, 2, 0.5 ], "texture": "#scorpionsmall" },
				"west": { "uv": [ 3, 8.75, 4, 9.25 ], "texture": "#scorpionsmall" },
				"east": { "uv": [ 3, 9.25, 4, 9.75 ], "texture": "#scorpionsmall" }
			}
		},
		{
			"__comment": "Box16",
			"from": [ 16.875, 1.125, 0.875 ],
			"to": [ 19.375, 3.625, 2.875 ],
			"rotation": { "origin": [ 19.375, 1.125, 0.875 ], "axis": "y", "angle": -22.5 },
			"faces": {
				"down": { "uv": [ 3.75, 5.25, 4.25, 5.75 ], "texture": "#scorpionsmall", "rotation": 270 },
				"up": { "uv": [ 3.75, 3.25, 4.25, 3.75 ], "texture": "#scorpionsmall", "rotation": 90 },
				"north": { "uv": [ 3.75, 2.75, 4.25, 3.25 ], "texture": "#scorpionsmall" },
				"south": { "uv": [ 3.75, 2.25, 4.25, 2.75 ], "texture": "#scorpionsmall" },
				"west": { "uv": [ 3.75, 1.75, 4.25, 2.25 ], "texture": "#scorpionsmall" },
				"east": { "uv": [ 3.75, 1.25, 4.25, 1.75 ], "texture": "#scorpionsmall" }
			}
		},
		{
			"__comment": "Box16",
			"from": [ -2.375, 1.125, 0.875 ],
			"to": [ 5.125, 3.125, 2.875 ],
			"rotation": { "origin": [ -2.375, 1.125, 0.875 ], "axis": "y", "angle": -22.5 },
			"faces": {
				"down": { "uv": [ 12.5, 12.75, 14.25, 13.25 ], "texture": "#scorpionsmall" },
				"up": { "uv": [ 10.75, 12.75, 12.5, 13.25 ], "texture": "#scorpionsmall" },
				"north": { "uv": [ 3, 12, 4.75, 12.5 ], "texture": "#scorpionsmall" },
				"south": { "uv": [ 14.25, 12.75, 16, 13.25 ], "texture": "#scorpionsmall" },
				"west": { "uv": [ 3.75, 10, 4.25, 10.5 ], "texture": "#scorpionsmall" },
				"east": { "uv": [ 3.75, 6.25, 4.25, 6.75 ], "texture": "#scorpionsmall" }
			}
		},
		{
			"__comment": "Box16",
			"from": [ 11.378, 0.875, -7.9196 ],
			"to": [ 17.878, 4.375, 0.08039999 ],
			"rotation": { "origin": [ 18, 0.875, -7.625 ], "axis": "y", "angle": 22.5 },
			"faces": {
				"down": { "uv": [ 1.5, 6.5, 0, 8.5 ], "texture": "#scorpionsmall", "rotation": 90 },
				"up": { "uv": [ 0, 8.5, 1.5, 6.5 ], "texture": "#scorpionsmall", "rotation": 90 },
				"north": { "uv": [ 10.5, 13.25, 12, 14 ], "texture": "#scorpionsmall" },
				"south": { "uv": [ 12, 13.25, 13.5, 14 ], "texture": "#scorpionsmall" },
				"west": { "uv": [ 13.25, 14.25, 15.25, 15 ], "texture": "#scorpionsmall" },
				"east": { "uv": [ 11.25, 14.25, 13.25, 15 ], "texture": "#scorpionsmall" }
			}
		},
		{
			"__comment": "Box16",
			"from": [ -4.375, 1.125, -0.5 ],
			"to": [ -1.875, 3.625, 1.5 ],
			"rotation": { "origin": [ -1.875, 1.125, -0.5 ], "axis": "y", "angle": 22.5 },
			"faces": {
				"down": { "uv": [ 3.75, 4.75, 4.25, 5.25 ], "texture": "#scorpionsmall", "rotation": 270 },
				"up": { "uv": [ 3.75, 4.25, 4.25, 4.75 ], "texture": "#scorpionsmall", "rotation": 90 },
				"north": { "uv": [ 3.75, 5.75, 4.25, 6.25 ], "texture": "#scorpionsmall" },
				"south": { "uv": [ 3.75, 7.25, 4.25, 7.75 ], "texture": "#scorpionsmall" },
				"west": { "uv": [ 3.75, 0.75, 4.25, 1.25 ], "texture": "#scorpionsmall" },
				"east": { "uv": [ 3.75, 0.25, 4.25, 0.75 ], "texture": "#scorpionsmall" }
			}
		},
		{
			"__comment": "Box16",
			"from": [ -2.997, 0.875, -5.7946 ],
			"to": [ 3.503, 4.375, 2.2054 ],
			"rotation": { "origin": [ 3.625, 0.875, -5.5 ], "axis": "y", "angle": -22.5 },
			"faces": {
				"down": { "uv": [ 1.5, 6.5, 0, 8.5 ], "texture": "#scorpionsmall", "rotation": 90 },
				"up": { "uv": [ 0, 6.5, 1.5, 8.5 ], "texture": "#scorpionsmall", "rotation": 90 },
				"north": { "uv": [ 10.5, 13.25, 12, 14 ], "texture": "#scorpionsmall" },
				"south": { "uv": [ 9, 13.25, 10.5, 14 ], "texture": "#scorpionsmall" },
				"west": { "uv": [ 9.25, 14.25, 11.25, 15 ], "texture": "#scorpionsmall" },
				"east": { "uv": [ 7.25, 14.25, 9.25, 15 ], "texture": "#scorpionsmall" }
			}
		},
		{
			"__comment": "Box16",
			"from": [ -2.125, 1, 5.5 ],
			"to": [ 3.375, 2.5, 7 ],
			"faces": {
				"down": { "uv": [ 12.25, 11.25, 13.5, 11.5 ], "texture": "#scorpionsmall" },
				"up": { "uv": [ 13.5, 11.25, 14.75, 11.5 ], "texture": "#scorpionsmall" },
				"north": { "uv": [ 14.75, 11.25, 16, 11.5 ], "texture": "#scorpionsmall" },
				"south": { "uv": [ 5, 11, 6.25, 11.25 ], "texture": "#scorpionsmall" },
				"west": { "uv": [ 10.5, 12.5, 10.75, 12.75 ], "texture": "#scorpionsmall" },
				"east": { "uv": [ 4, 9.25, 4.25, 9.5 ], "texture": "#scorpionsmall" }
			}
		},
		{
			"__comment": "Box16",
			"from": [ 15.75, 1.5, -13.375 ],
			"to": [ 17.75, 4, -7.875 ],
			"rotation": { "origin": [ 18, 0.875, -7.625 ], "axis": "y", "angle": 22.5 },
			"faces": {
				"down": { "uv": [ 1.5, 7.25, 2, 8.5 ], "texture": "#scorpionsmall", "rotation": 90 },
				"up": { "uv": [ 1.5, 5.25, 2, 6.5 ], "texture": "#scorpionsmall", "rotation": 270 },
				"north": { "uv": [ 6.25, 10.5, 6.75, 11 ], "texture": "#scorpionsmall" },
				"south": { "uv": [ 6.75, 10.5, 7.25, 11 ], "texture": "#scorpionsmall" },
				"west": { "uv": [ 14.75, 12, 16, 12.5 ], "texture": "#scorpionsmall" },
				"east": { "uv": [ 3, 11.5, 4.25, 12 ], "texture": "#scorpionsmall" }
			}
		},
		{
			"__comment": "Box16",
			"from": [ -2.125, 1.5, -8.625 ],
			"to": [ 3.375, 4, -6.625 ],
			"rotation": { "origin": [ -2.125, 1.5, -8.625 ], "axis": "y", "angle": 45 },
			"faces": {
				"down": { "uv": [ 4.75, 12, 6, 12.5 ], "texture": "#scorpionsmall" },
				"up": { "uv": [ 6, 12, 7.25, 12.5 ], "texture": "#scorpionsmall" },
				"north": { "uv": [ 11, 12, 12.25, 12.5 ], "texture": "#scorpionsmall" },
				"south": { "uv": [ 7.25, 12, 8.5, 12.5 ], "texture": "#scorpionsmall" },
				"west": { "uv": [ 7.25, 10.5, 7.75, 11 ], "texture": "#scorpionsmall" },
				"east": { "uv": [ 7.75, 10.5, 8.25, 11 ], "texture": "#scorpionsmall" }
			}
		},
		{
			"__comment": "Box16",
			"from": [ 0.875, 1.5, -6.125 ],
			"to": [ 4.875, 4, -4.625 ],
			"rotation": { "origin": [ 0.875, 1.5, -6.125 ], "axis": "y", "angle": 45 },
			"faces": {
				"down": { "uv": [ 2, 0, 3, 0.25 ], "texture": "#scorpionsmall" },
				"up": { "uv": [ 6.25, 11, 7.25, 11.25 ], "texture": "#scorpionsmall" },
				"north": { "uv": [ 3, 8.25, 4, 8.75 ], "texture": "#scorpionsmall" },
				"south": { "uv": [ 3, 7.75, 4, 8.25 ], "texture": "#scorpionsmall" },
				"west": { "uv": [ 2.75, 0.5, 3, 1 ], "texture": "#scorpionsmall" },
				"east": { "uv": [ 15.75, 13.5, 16, 14 ], "texture": "#scorpionsmall" }
			}
		}
	],
	"display": {
		"thirdperson_righthand": {
			"rotation":  [ 72, -2, 0 ],
			"translation":  [ 0, 2.0869, 0 ],
			"scale":  [ 0.5, 0.5, 0.5 ]
		},
		"thirdperson_lefthand": {
			"rotation":  [ 72, -2, 0 ],
			"translation":  [ 0, 2.0869, 0 ],
			"scale":  [ 0.5, 0.5, 0.5 ]
		},
		"gui": {
			"rotation":  [ 16, 158, 0 ],
			"scale":  [ 0.5, 0.5, 0.5 ]
		},
		"head": {
			"translation":  [ 0.6956, -38.94, -7.654 ],
			"scale":  [ 0.5, 0.5, 0.5 ]
		},
		"ground": {
			"translation":  [ 0, 4.1739, 0 ],
			"scale":  [ 0.5, 0.5, 0.5 ]
		},
		"fixed": {
			"rotation":  [ -90, 0, 0 ],
			"translation":  [ 0, 0.6956, -11.82 ]
		}
	}
}