{
	"__comment": "Cubik Studio - https://cubik.studio",
	"textures": {
		"seagull": "item/seagull"
	},
	"elements": [ 	 
		{
			"__comment": "Box1",
			"from": [ -1.6625, 0.3131, 2.4694 ],
			"to": [ 0.1250004, 1.62935, 4.9069 ],
			"faces": {
				"down": { "uv": [ 1, 8, 2, 10 ], "texture": "#seagull" },
				"up": { "uv": [ 1, 8, 2, 10 ], "texture": "#seagull" },
				"north": { "uv": [ 3, 3, 4, 4 ], "texture": "#seagull" },
				"south": { "uv": [ 3, 2, 4, 3 ], "texture": "#seagull" },
				"west": { "uv": [ 2, 7, 0, 8 ], "texture": "#seagull" },
				"east": { "uv": [ 0, 8, 2, 7 ], "texture": "#seagull" }
			}
		},
		{
			"__comment": "Box3",
			"from": [ -0.1594, 0.3562, 3.3509 ],
			"to": [ 0.1656, 0.6811998, 4.2804 ],
			"rotation": { "origin": [ -1.5, -1.9719, 3.446899 ], "axis": "x", "angle": 22.5 },
			"faces": {
				"down": { "uv": [ 3, 11, 4, 12 ], "texture": "#seagull", "rotation": 270 },
				"up": { "uv": [ 3, 11, 4, 12 ], "texture": "#seagull", "rotation": 270 },
				"north": { "uv": [ 3, 11, 4, 12 ], "texture": "#seagull", "rotation": 270 },
				"south": { "uv": [ 3, 11, 4, 12 ], "texture": "#seagull", "rotation": 270 },
				"west": { "uv": [ 3, 11, 4, 12 ], "texture": "#seagull", "rotation": 270 },
				"east": { "uv": [ 3, 11, 4, 12 ], "texture": "#seagull", "rotation": 270 }
			}
		},
		{
			"__comment": "Box3",
			"from": [ 1.5874, 1.2756, 2.6157 ],
			"to": [ 3.0274, 1.5256, 2.8717 ],
			"rotation": { "origin": [ -0.06260014, 1.2556, 2.6157 ], "axis": "z", "angle": -45 },
			"faces": {
				"down": { "uv": [ 3, 9, 4, 10 ], "texture": "#seagull", "rotation": 180 },
				"up": { "uv": [ 3, 9, 4, 10 ], "texture": "#seagull", "rotation": 180 },
				"north": { "uv": [ 3, 9, 4, 10 ], "texture": "#seagull", "rotation": 180 },
				"south": { "uv": [ 3, 9, 4, 10 ], "texture": "#seagull", "rotation": 180 },
				"west": { "uv": [ 3, 9, 4, 10 ], "texture": "#seagull", "rotation": 180 },
				"east": { "uv": [ 3, 9, 4, 10 ], "texture": "#seagull", "rotation": 180 }
			}
		},
		{
			"__comment": "PlaneY5",
			"from": [ -0.6287, -1.0351, 7.1122 ],
			"to": [ 0.7363003, 0.3299004, 7.112525 ],
			"rotation": { "origin": [ -1.5, -2.2219, 6.196899 ], "axis": "x", "angle": -45 },
			"faces": {
				"north": { "uv": [ 11, 12, 10, 13 ], "texture": "#seagull" },
				"south": { "uv": [ 10, 12, 11, 13 ], "texture": "#seagull" }
			}
		},
		{
			"__comment": "PlaneY5",
			"from": [ -0.0251, 1.4496, 2.8063 ],
			"to": [ 4.1749, 1.4506, 4.8063 ],
			"rotation": { "origin": [ -0.06260014, 1.2556, 2.6157 ], "axis": "z", "angle": -45 },
			"faces": {
				"down": { "uv": [ 4, 16, 8, 14 ], "texture": "#seagull" },
				"up": { "uv": [ 4, 14, 8, 16 ], "texture": "#seagull" }
			}
		},
		{
			"__comment": "Box1",
			"from": [ -1.5, 0.3862, 4.9069 ],
			"to": [ -0.03750002, 1.40995, 5.8819 ],
			"faces": {
				"down": { "uv": [ 0, 2, 1, 3 ], "texture": "#seagull" },
				"up": { "uv": [ 0, 2, 1, 3 ], "texture": "#seagull" },
				"north": { "uv": [ 1, 2, 2, 3 ], "texture": "#seagull" },
				"south": { "uv": [ 2, 2, 3, 3 ], "texture": "#seagull" },
				"west": { "uv": [ 1, 1, 0, 2 ], "texture": "#seagull" },
				"east": { "uv": [ 0, 2, 1, 1 ], "texture": "#seagull" }
			}
		},
		{
			"__comment": "Box1",
			"from": [ -1.5, 0.4031, 3.1969 ],
			"to": [ -0.03750002, 1.3781, 4.0094 ],
			"rotation": { "origin": [ -1.5, -0.8469, 2.946899 ], "axis": "x", "angle": -22.5 },
			"faces": {
				"down": { "uv": [ 2, 2, 3, 1 ], "texture": "#seagull" },
				"up": { "uv": [ 2, 1, 3, 2 ], "texture": "#seagull" },
				"north": { "uv": [ 1, 0, 2, 1 ], "texture": "#seagull" },
				"south": { "uv": [ 2, 0, 3, 1 ], "texture": "#seagull" },
				"west": { "uv": [ 3, 13, 4, 14 ], "texture": "#seagull" },
				"east": { "uv": [ 3, 14, 4, 13 ], "texture": "#seagull" }
			}
		},
		{
			"__comment": "Box1",
			"from": [ -1.3404, 0.7123, 1.7981 ],
			"to": [ -0.3108, 1.5703, 2.69185 ],
			"faces": {
				"down": { "uv": [ 6, 14, 7, 13 ], "texture": "#seagull" },
				"up": { "uv": [ 6, 13, 7, 14 ], "texture": "#seagull" },
				"north": { "uv": [ 7, 13, 8, 14 ], "texture": "#seagull" },
				"south": { "uv": [ 8, 13, 9, 14 ], "texture": "#seagull" },
				"west": { "uv": [ 9, 13, 10, 14 ], "texture": "#seagull", "rotation": 270 },
				"east": { "uv": [ 9, 14, 10, 13 ], "texture": "#seagull", "rotation": 270 }
			}
		},
		{
			"__comment": "Box1",
			"from": [ -1.3116, 0.8655, 0.8707 ],
			"to": [ -0.3755999, 1.5155, 1.8457 ],
			"faces": {
				"down": { "uv": [ 12, 13, 13, 14 ], "texture": "#seagull" },
				"up": { "uv": [ 12, 13, 13, 14 ], "texture": "#seagull" },
				"north": { "uv": [ 13, 13, 14, 14 ], "texture": "#seagull" },
				"south": { "uv": [ 14, 13, 15, 14 ], "texture": "#seagull" },
				"west": { "uv": [ 15, 13, 16, 14 ], "texture": "#seagull", "rotation": 270 },
				"east": { "uv": [ 15, 14, 16, 13 ], "texture": "#seagull", "rotation": 270 }
			}
		},
		{
			"__comment": "Box1",
			"from": [ -1.3206, 0.7781, 0.0966 ],
			"to": [ -0.3455998, 1.5906, 0.8863499 ],
			"faces": {
				"down": { "uv": [ 5, 13, 6, 12 ], "texture": "#seagull" },
				"up": { "uv": [ 5, 12, 6, 13 ], "texture": "#seagull" },
				"north": { "uv": [ 6, 12, 7, 13 ], "texture": "#seagull" },
				"south": { "uv": [ 7, 12, 8, 13 ], "texture": "#seagull" },
				"west": { "uv": [ 8, 12, 9, 13 ], "texture": "#seagull", "rotation": 270 },
				"east": { "uv": [ 8, 13, 9, 12 ], "texture": "#seagull", "rotation": 270 }
			}
		},
		{
			"__comment": "PlaneY5",
			"from": [ -2.2313, -1.0101, 7.1122 ],
			"to": [ -0.8662994, 0.3549004, 7.112525 ],
			"rotation": { "origin": [ -1.5, -2.2219, 6.196899 ], "axis": "x", "angle": -45 },
			"faces": {
				"north": { "uv": [ 10, 12, 11, 13 ], "texture": "#seagull" },
				"south": { "uv": [ 11, 12, 10, 13 ], "texture": "#seagull" }
			}
		},
		{
			"__comment": "Box3",
			"from": [ -1.7031, 0.3562, 3.3509 ],
			"to": [ -1.3781, 0.6811998, 4.2804 ],
			"rotation": { "origin": [ -1.5, -1.9719, 3.446899 ], "axis": "x", "angle": 22.5 },
			"faces": {
				"down": { "uv": [ 3, 11, 4, 12 ], "texture": "#seagull", "rotation": 270 },
				"up": { "uv": [ 3, 11, 4, 12 ], "texture": "#seagull", "rotation": 270 },
				"north": { "uv": [ 3, 11, 4, 12 ], "texture": "#seagull", "rotation": 270 },
				"south": { "uv": [ 3, 11, 4, 12 ], "texture": "#seagull", "rotation": 270 },
				"west": { "uv": [ 3, 11, 4, 12 ], "texture": "#seagull", "rotation": 270 },
				"east": { "uv": [ 3, 11, 4, 12 ], "texture": "#seagull", "rotation": 270 }
			}
		},
		{
			"__comment": "Box3",
			"from": [ -0.0626, 1.2556, 2.6157 ],
			"to": [ 1.6654, 1.5756, 3.1157 ],
			"rotation": { "origin": [ -0.06260014, 1.2556, 2.6157 ], "axis": "z", "angle": -45 },
			"faces": {
				"down": { "uv": [ 3, 9, 4, 10 ], "texture": "#seagull", "rotation": 90 },
				"up": { "uv": [ 3, 9, 4, 10 ], "texture": "#seagull", "rotation": 90 },
				"north": { "uv": [ 3, 9, 4, 10 ], "texture": "#seagull", "rotation": 90 },
				"south": { "uv": [ 3, 9, 4, 10 ], "texture": "#seagull", "rotation": 90 },
				"west": { "uv": [ 3, 9, 4, 10 ], "texture": "#seagull", "rotation": 90 },
				"east": { "uv": [ 3, 9, 4, 10 ], "texture": "#seagull", "rotation": 90 }
			}
		},
		{
			"__comment": "PlaneY5",
			"from": [ -2.2344, 1.3906, 5.7875 ],
			"to": [ 0.7656, 1.3916, 7.7875 ],
			"faces": {
				"down": { "uv": [ 0, 12, 3, 10 ], "texture": "#seagull" },
				"up": { "uv": [ 0, 10, 3, 12 ], "texture": "#seagull" }
			}
		},
		{
			"__comment": "PlaneY5",
			"from": [ -5.2094, 0.1527, 2.8375 ],
			"to": [ -1.009398, 0.1537, 4.8375 ],
			"rotation": { "origin": [ -2.6999, 0.02769995, 2.6469 ], "axis": "z", "angle": 45 },
			"faces": {
				"down": { "uv": [ 8, 16, 4, 14 ], "texture": "#seagull" },
				"up": { "uv": [ 8, 14, 4, 16 ], "texture": "#seagull" }
			}
		},
		{
			"__comment": "Box3",
			"from": [ -2.6999, 0.0277, 2.6469 ],
			"to": [ -0.9719, 0.3477001, 3.1469 ],
			"rotation": { "origin": [ -2.6999, 0.02769995, 2.6469 ], "axis": "z", "angle": 45 },
			"faces": {
				"down": { "uv": [ 3, 9, 4, 10 ], "texture": "#seagull", "rotation": 90 },
				"up": { "uv": [ 3, 9, 4, 10 ], "texture": "#seagull", "rotation": 90 },
				"north": { "uv": [ 3, 9, 4, 10 ], "texture": "#seagull", "rotation": 90 },
				"south": { "uv": [ 3, 9, 4, 10 ], "texture": "#seagull", "rotation": 90 },
				"west": { "uv": [ 3, 9, 4, 10 ], "texture": "#seagull", "rotation": 90 },
				"east": { "uv": [ 3, 9, 4, 10 ], "texture": "#seagull", "rotation": 90 }
			}
		},
		{
			"__comment": "Box3",
			"from": [ -4.062, 0.0777, 2.6469 ],
			"to": [ -2.622, 0.3277, 2.9029 ],
			"rotation": { "origin": [ -2.6999, 0.02769995, 2.6469 ], "axis": "z", "angle": 45 },
			"faces": {
				"down": { "uv": [ 3, 9, 4, 10 ], "texture": "#seagull", "rotation": 90 },
				"up": { "uv": [ 3, 9, 4, 10 ], "texture": "#seagull", "rotation": 90 },
				"north": { "uv": [ 3, 9, 4, 10 ], "texture": "#seagull", "rotation": 90 },
				"south": { "uv": [ 3, 9, 4, 10 ], "texture": "#seagull", "rotation": 90 },
				"west": { "uv": [ 3, 9, 4, 10 ], "texture": "#seagull", "rotation": 90 },
				"east": { "uv": [ 3, 9, 4, 10 ], "texture": "#seagull", "rotation": 90 }
			}
		},
		{
			"__comment": "Box1",
			"from": [ -1.1937, 0.8241, -0.0331 ],
			"to": [ -0.4137, 1.53195, 0.2744072 ],
			"faces": {
				"down": { "uv": [ 4, 10, 5, 9 ], "texture": "#seagull" },
				"up": { "uv": [ 4, 9, 5, 10 ], "texture": "#seagull" },
				"north": { "uv": [ 4, 8, 5, 9 ], "texture": "#seagull" },
				"south": { "uv": [ 4, 7, 5, 8 ], "texture": "#seagull" },
				"west": { "uv": [ 4, 6, 5, 7 ], "texture": "#seagull", "rotation": 270 },
				"east": { "uv": [ 4, 7, 5, 6 ], "texture": "#seagull", "rotation": 270 }
			}
		},
		{
			"__comment": "Box1",
			"from": [ -1.126, 0.8929, -0.1108 ],
			"to": [ -0.5019998, 1.45918, 0.07556799 ],
			"faces": {
				"down": { "uv": [ 4, 4, 5, 3 ], "texture": "#seagull" },
				"up": { "uv": [ 4, 3, 5, 4 ], "texture": "#seagull" },
				"north": { "uv": [ 4, 2, 5, 3 ], "texture": "#seagull" },
				"south": { "uv": [ 4, 1, 5, 2 ], "texture": "#seagull" },
				"west": { "uv": [ 4, 0, 5, 1 ], "texture": "#seagull", "rotation": 270 },
				"east": { "uv": [ 4, 1, 5, 0 ], "texture": "#seagull", "rotation": 270 }
			}
		},
		{
			"__comment": "Box1",
			"from": [ -0.9244, 1.0285, -0.9499 ],
			"to": [ -0.7199277, 1.214059, -0.8232672 ],
			"faces": {
				"down": { "uv": [ 6, 10, 7, 11 ], "texture": "#seagull" },
				"up": { "uv": [ 7, 10, 8, 11 ], "texture": "#seagull" },
				"north": { "uv": [ 8, 10, 9, 11 ], "texture": "#seagull" },
				"south": { "uv": [ 9, 10, 10, 11 ], "texture": "#seagull" },
				"west": { "uv": [ 10, 10, 11, 11 ], "texture": "#seagull", "rotation": 270 },
				"east": { "uv": [ 10, 11, 11, 10 ], "texture": "#seagull", "rotation": 270 }
			}
		},
		{
			"__comment": "Box1",
			"from": [ -1.0618, 0.9631, -0.256 ],
			"to": [ -0.5626, 1.330049, -0.1069056 ],
			"faces": {
				"down": { "uv": [ 12, 10, 13, 11 ], "texture": "#seagull" },
				"up": { "uv": [ 13, 10, 14, 11 ], "texture": "#seagull" },
				"north": { "uv": [ 14, 10, 15, 11 ], "texture": "#seagull" },
				"south": { "uv": [ 15, 10, 16, 11 ], "texture": "#seagull" },
				"west": { "uv": [ 5, 9, 6, 10 ], "texture": "#seagull", "rotation": 270 },
				"east": { "uv": [ 5, 10, 6, 9 ], "texture": "#seagull", "rotation": 270 }
			}
		},
		{
			"__comment": "Box1",
			"from": [ -1.0104, 0.9906, -0.3682 ],
			"to": [ -0.6110397, 1.316777, -0.2489245 ],
			"faces": {
				"down": { "uv": [ 5, 7, 6, 8 ], "texture": "#seagull" },
				"up": { "uv": [ 5, 6, 6, 7 ], "texture": "#seagull" },
				"north": { "uv": [ 5, 5, 6, 6 ], "texture": "#seagull" },
				"south": { "uv": [ 5, 4, 6, 5 ], "texture": "#seagull" },
				"west": { "uv": [ 5, 3, 6, 4 ], "texture": "#seagull", "rotation": 270 },
				"east": { "uv": [ 5, 4, 6, 3 ], "texture": "#seagull", "rotation": 270 }
			}
		},
		{
			"__comment": "Box1",
			"from": [ -0.9753, 0.9976, -0.6703 ],
			"to": [ -0.6558117, 1.287535, -0.355197 ],
			"faces": {
				"down": { "uv": [ 5, 1, 6, 2 ], "texture": "#seagull" },
				"up": { "uv": [ 5, 0, 6, 1 ], "texture": "#seagull" },
				"north": { "uv": [ 6, 9, 7, 10 ], "texture": "#seagull" },
				"south": { "uv": [ 7, 9, 8, 10 ], "texture": "#seagull" },
				"west": { "uv": [ 8, 9, 9, 10 ], "texture": "#seagull", "rotation": 270 },
				"east": { "uv": [ 8, 10, 9, 9 ], "texture": "#seagull", "rotation": 270 }
			}
		},
		{
			"__comment": "Box1",
			"from": [ -0.9393, 1.0085, -0.8245 ],
			"to": [ -0.6837094, 1.289157, -0.6662087 ],
			"faces": {
				"down": { "uv": [ 10, 9, 11, 10 ], "texture": "#seagull" },
				"up": { "uv": [ 11, 9, 12, 10 ], "texture": "#seagull" },
				"north": { "uv": [ 12, 9, 13, 10 ], "texture": "#seagull" },
				"south": { "uv": [ 13, 9, 14, 10 ], "texture": "#seagull" },
				"west": { "uv": [ 14, 9, 15, 10 ], "texture": "#seagull", "rotation": 270 },
				"east": { "uv": [ 14, 10, 15, 9 ], "texture": "#seagull", "rotation": 270 }
			}
		}
	],
	"display": {
		"thirdperson_righthand": {
			"rotation":  [ 72, -2, 0 ],
			"translation":  [ 8.3478, -1.548, 9.7391 ]
		},
		"thirdperson_lefthand": {
			"rotation":  [ 72, -2, 0 ],
			"translation":  [ -8.346, -1.548, 9.7391 ]
		},
		"firstperson_righthand": {
			"translation":  [ 15.304, 6.2608, 0 ]
		},
		"firstperson_lefthand": {
			"translation":  [ -7.651, 9.739, 4.1739 ]
		},
		"gui": {
			"rotation":  [ 11, 101, 0 ],
			"translation":  [ 2.0869, 5.5652, -2.782 ]
		},
		"head": {
			"translation":  [ 34.781, 16.013, 15.304 ],
			"scale":  [ 4, 4, 4 ]
		},
		"ground": {
			"translation":  [ 0, 5.5651, 0 ]
		},
		"fixed": {
			"rotation":  [ -90, 0, 0 ],
			"translation":  [ 16, 7.6504, -18.77 ],
			"scale":  [ 2, 2, 2 ]
		}
	}
}