{
	"__comment": "Cubik Studio - https://cubik.studio",
	"textures": {
		"seagull": "item/seagull"
	},
	"elements": [ 	 
		{
			"__comment": "Box1",
			"from": [ -1.6625, 0.3131, 2.4694 ],
			"to": [ 0.1250005, 1.62935, 4.9069 ],
			"faces": {
				"down": { "uv": [ 1, 8, 2, 10 ], "texture": "#seagull" },
				"up": { "uv": [ 1, 8, 2, 10 ], "texture": "#seagull" },
				"north": { "uv": [ 3, 3, 4, 4 ], "texture": "#seagull" },
				"south": { "uv": [ 3, 2, 4, 3 ], "texture": "#seagull" },
				"west": { "uv": [ 2, 7, 0, 8 ], "texture": "#seagull" },
				"east": { "uv": [ 0, 8, 2, 7 ], "texture": "#seagull" }
			}
		},
		{
			"__comment": "Box3",
			"from": [ -0.1594, -0.5554, 4.025 ],
			"to": [ 0.1656, 0.3740999, 4.35 ],
			"faces": {
				"down": { "uv": [ 3, 11, 4, 12 ], "texture": "#seagull", "rotation": 270 },
				"up": { "uv": [ 4, 12, 3, 11 ], "texture": "#seagull", "rotation": 270 },
				"north": { "uv": [ 4, 12, 3, 11 ], "texture": "#seagull", "rotation": 270 },
				"south": { "uv": [ 3, 11, 4, 12 ], "texture": "#seagull", "rotation": 270 },
				"west": { "uv": [ 3, 11, 4, 12 ], "texture": "#seagull" },
				"east": { "uv": [ 3, 11, 4, 12 ], "texture": "#seagull", "rotation": 180 }
			}
		},
		{
			"__comment": "Box3",
			"from": [ 0.3064, 1.1506, 4.3907 ],
			"to": [ 0.5624, 1.4006, 5.8307 ],
			"rotation": { "origin": [ 0.5624, 1.1306, 2.7407 ], "axis": "y", "angle": 0 },
			"faces": {
				"down": { "uv": [ 3, 9, 4, 10 ], "texture": "#seagull", "rotation": 90 },
				"up": { "uv": [ 3, 9, 4, 10 ], "texture": "#seagull", "rotation": 270 },
				"north": { "uv": [ 3, 9, 4, 10 ], "texture": "#seagull", "rotation": 180 },
				"south": { "uv": [ 3, 9, 4, 10 ], "texture": "#seagull", "rotation": 180 },
				"west": { "uv": [ 3, 9, 4, 10 ], "texture": "#seagull", "rotation": 180 },
				"east": { "uv": [ 3, 9, 4, 10 ], "texture": "#seagull", "rotation": 180 }
			}
		},
		{
			"__comment": "PlaneY5",
			"from": [ -0.6287, -0.5303, 3.0124 ],
			"to": [ 0.7363003, -0.5299748, 4.3774 ],
			"faces": {
				"down": { "uv": [ 10, 12, 11, 13 ], "texture": "#seagull" },
				"up": { "uv": [ 10, 13, 11, 12 ], "texture": "#seagull" }
			}
		},
		{
			"__comment": "PlaneY5",
			"from": [ -1.6282, 1.3246, 2.7782 ],
			"to": [ 0.3718003, 1.3256, 6.9782 ],
			"rotation": { "origin": [ 0.5624, 1.1306, 2.7407 ], "axis": "y", "angle": 0 },
			"faces": {
				"down": { "uv": [ 4, 16, 8, 14 ], "texture": "#seagull", "rotation": 270 },
				"up": { "uv": [ 4, 14, 8, 16 ], "texture": "#seagull", "rotation": 90 }
			}
		},
		{
			"__comment": "Box1",
			"from": [ -1.5, 0.3862, 4.9069 ],
			"to": [ -0.03750002, 1.40995, 5.8819 ],
			"faces": {
				"down": { "uv": [ 0, 2, 1, 3 ], "texture": "#seagull" },
				"up": { "uv": [ 0, 2, 1, 3 ], "texture": "#seagull" },
				"north": { "uv": [ 1, 2, 2, 3 ], "texture": "#seagull" },
				"south": { "uv": [ 2, 2, 3, 3 ], "texture": "#seagull" },
				"west": { "uv": [ 1, 1, 0, 2 ], "texture": "#seagull" },
				"east": { "uv": [ 0, 2, 1, 1 ], "texture": "#seagull" }
			}
		},
		{
			"__comment": "Box1",
			"from": [ -1.5, 0.9031, 2.0719 ],
			"to": [ -0.03750002, 1.8781, 2.8844 ],
			"faces": {
				"down": { "uv": [ 2, 2, 3, 1 ], "texture": "#seagull" },
				"up": { "uv": [ 2, 1, 3, 2 ], "texture": "#seagull" },
				"north": { "uv": [ 1, 0, 2, 1 ], "texture": "#seagull" },
				"south": { "uv": [ 2, 0, 3, 1 ], "texture": "#seagull" },
				"west": { "uv": [ 3, 13, 4, 14 ], "texture": "#seagull" },
				"east": { "uv": [ 3, 14, 4, 13 ], "texture": "#seagull" }
			}
		},
		{
			"__comment": "Box1",
			"from": [ -1.3404, 1.6103, 2.1216 ],
			"to": [ -0.3108, 2.50405, 2.9796 ],
			"faces": {
				"down": { "uv": [ 8, 13, 9, 14 ], "texture": "#seagull" },
				"up": { "uv": [ 8, 14, 7, 13 ], "texture": "#seagull" },
				"north": { "uv": [ 7, 13, 6, 14 ], "texture": "#seagull" },
				"south": { "uv": [ 6, 13, 7, 14 ], "texture": "#seagull" },
				"west": { "uv": [ 9, 13, 10, 14 ], "texture": "#seagull" },
				"east": { "uv": [ 9, 14, 10, 13 ], "texture": "#seagull", "rotation": 180 }
			}
		},
		{
			"__comment": "Box1",
			"from": [ -1.3116, 1.6293, 2.9093 ],
			"to": [ -0.3755999, 2.6043, 3.5593 ],
			"rotation": { "origin": [ -1.5, 0.5281, 1.0719 ], "axis": "x", "angle": -22.5 },
			"faces": {
				"down": { "uv": [ 14, 13, 15, 14 ], "texture": "#seagull" },
				"up": { "uv": [ 14, 14, 13, 13 ], "texture": "#seagull" },
				"north": { "uv": [ 13, 14, 12, 13 ], "texture": "#seagull" },
				"south": { "uv": [ 12, 13, 13, 14 ], "texture": "#seagull" },
				"west": { "uv": [ 15, 13, 16, 14 ], "texture": "#seagull" },
				"east": { "uv": [ 15, 14, 16, 13 ], "texture": "#seagull", "rotation": 180 }
			}
		},
		{
			"__comment": "Box1",
			"from": [ -1.3206, 2.5781, 1.7216 ],
			"to": [ -0.3455997, 3.3906, 2.51135 ],
			"faces": {
				"down": { "uv": [ 5, 13, 6, 12 ], "texture": "#seagull" },
				"up": { "uv": [ 5, 12, 6, 13 ], "texture": "#seagull" },
				"north": { "uv": [ 6, 12, 7, 13 ], "texture": "#seagull" },
				"south": { "uv": [ 7, 12, 8, 13 ], "texture": "#seagull" },
				"west": { "uv": [ 8, 12, 9, 13 ], "texture": "#seagull", "rotation": 270 },
				"east": { "uv": [ 8, 13, 9, 12 ], "texture": "#seagull", "rotation": 270 }
			}
		},
		{
			"__comment": "PlaneY5",
			"from": [ -2.2313, -0.5303, 3.0374 ],
			"to": [ -0.8662992, -0.5299748, 4.4024 ],
			"faces": {
				"down": { "uv": [ 11, 12, 10, 13 ], "texture": "#seagull" },
				"up": { "uv": [ 11, 13, 10, 12 ], "texture": "#seagull" }
			}
		},
		{
			"__comment": "Box3",
			"from": [ -1.7031, -0.5554, 4.025 ],
			"to": [ -1.3781, 0.3740999, 4.35 ],
			"faces": {
				"down": { "uv": [ 3, 11, 4, 12 ], "texture": "#seagull", "rotation": 270 },
				"up": { "uv": [ 4, 12, 3, 11 ], "texture": "#seagull", "rotation": 270 },
				"north": { "uv": [ 4, 12, 3, 11 ], "texture": "#seagull", "rotation": 270 },
				"south": { "uv": [ 3, 11, 4, 12 ], "texture": "#seagull", "rotation": 270 },
				"west": { "uv": [ 3, 11, 4, 12 ], "texture": "#seagull" },
				"east": { "uv": [ 3, 11, 4, 12 ], "texture": "#seagull", "rotation": 180 }
			}
		},
		{
			"__comment": "Box3",
			"from": [ 0.0624, 1.1306, 2.7407 ],
			"to": [ 0.5624, 1.4506, 4.4687 ],
			"rotation": { "origin": [ 0.5624, 1.1306, 2.7407 ], "axis": "y", "angle": 0 },
			"faces": {
				"down": { "uv": [ 3, 9, 4, 10 ], "texture": "#seagull" },
				"up": { "uv": [ 3, 9, 4, 10 ], "texture": "#seagull", "rotation": 180 },
				"north": { "uv": [ 3, 9, 4, 10 ], "texture": "#seagull", "rotation": 90 },
				"south": { "uv": [ 3, 9, 4, 10 ], "texture": "#seagull", "rotation": 90 },
				"west": { "uv": [ 3, 9, 4, 10 ], "texture": "#seagull", "rotation": 90 },
				"east": { "uv": [ 3, 9, 4, 10 ], "texture": "#seagull", "rotation": 90 }
			}
		},
		{
			"__comment": "PlaneY5",
			"from": [ -2.2344, 1.3906, 5.6625 ],
			"to": [ 0.7656, 1.3916, 7.6625 ],
			"faces": {
				"down": { "uv": [ 0, 12, 3, 10 ], "texture": "#seagull" },
				"up": { "uv": [ 0, 10, 3, 12 ], "texture": "#seagull" }
			}
		},
		{
			"__comment": "PlaneY5",
			"from": [ -1.8843, 1.2777, 2.7064 ],
			"to": [ 0.1157, 1.2787, 6.906402 ],
			"faces": {
				"down": { "uv": [ 8, 16, 4, 14 ], "texture": "#seagull", "rotation": 90 },
				"up": { "uv": [ 8, 14, 4, 16 ], "texture": "#seagull", "rotation": 270 }
			}
		},
		{
			"__comment": "Box3",
			"from": [ -2.0749, 1.1527, 2.6689 ],
			"to": [ -1.5749, 1.4727, 4.3969 ],
			"faces": {
				"down": { "uv": [ 3, 9, 4, 10 ], "texture": "#seagull", "rotation": 180 },
				"up": { "uv": [ 3, 9, 4, 10 ], "texture": "#seagull" },
				"north": { "uv": [ 3, 9, 4, 10 ], "texture": "#seagull", "rotation": 90 },
				"south": { "uv": [ 3, 9, 4, 10 ], "texture": "#seagull", "rotation": 90 },
				"west": { "uv": [ 3, 9, 4, 10 ], "texture": "#seagull", "rotation": 90 },
				"east": { "uv": [ 3, 9, 4, 10 ], "texture": "#seagull", "rotation": 90 }
			}
		},
		{
			"__comment": "Box3",
			"from": [ -2.0749, 1.2027, 4.319 ],
			"to": [ -1.8189, 1.4527, 5.759 ],
			"faces": {
				"down": { "uv": [ 3, 9, 4, 10 ], "texture": "#seagull", "rotation": 180 },
				"up": { "uv": [ 3, 9, 4, 10 ], "texture": "#seagull" },
				"north": { "uv": [ 3, 9, 4, 10 ], "texture": "#seagull", "rotation": 90 },
				"south": { "uv": [ 3, 9, 4, 10 ], "texture": "#seagull", "rotation": 90 },
				"west": { "uv": [ 3, 9, 4, 10 ], "texture": "#seagull", "rotation": 90 },
				"east": { "uv": [ 3, 9, 4, 10 ], "texture": "#seagull", "rotation": 90 }
			}
		},
		{
			"__comment": "Box1",
			"from": [ -1.1937, 2.6241, 1.5919 ],
			"to": [ -0.4137, 3.33195, 1.899407 ],
			"faces": {
				"down": { "uv": [ 4, 10, 5, 9 ], "texture": "#seagull" },
				"up": { "uv": [ 4, 9, 5, 10 ], "texture": "#seagull" },
				"north": { "uv": [ 4, 8, 5, 9 ], "texture": "#seagull" },
				"south": { "uv": [ 4, 7, 5, 8 ], "texture": "#seagull" },
				"west": { "uv": [ 4, 6, 5, 7 ], "texture": "#seagull", "rotation": 270 },
				"east": { "uv": [ 4, 7, 5, 6 ], "texture": "#seagull", "rotation": 270 }
			}
		},
		{
			"__comment": "Box1",
			"from": [ -1.126, 2.6929, 1.5142 ],
			"to": [ -0.5019997, 3.25918, 1.700568 ],
			"faces": {
				"down": { "uv": [ 4, 4, 5, 3 ], "texture": "#seagull" },
				"up": { "uv": [ 4, 3, 5, 4 ], "texture": "#seagull" },
				"north": { "uv": [ 4, 2, 5, 3 ], "texture": "#seagull" },
				"south": { "uv": [ 4, 1, 5, 2 ], "texture": "#seagull" },
				"west": { "uv": [ 4, 0, 5, 1 ], "texture": "#seagull", "rotation": 270 },
				"east": { "uv": [ 4, 1, 5, 0 ], "texture": "#seagull", "rotation": 270 }
			}
		},
		{
			"__comment": "Box1",
			"from": [ -0.9244, 2.8286, 0.6751 ],
			"to": [ -0.7199277, 3.014159, 0.8017327 ],
			"faces": {
				"down": { "uv": [ 6, 10, 7, 11 ], "texture": "#seagull" },
				"up": { "uv": [ 7, 10, 8, 11 ], "texture": "#seagull" },
				"north": { "uv": [ 8, 10, 9, 11 ], "texture": "#seagull" },
				"south": { "uv": [ 9, 10, 10, 11 ], "texture": "#seagull" },
				"west": { "uv": [ 10, 10, 11, 11 ], "texture": "#seagull", "rotation": 270 },
				"east": { "uv": [ 10, 11, 11, 10 ], "texture": "#seagull", "rotation": 270 }
			}
		},
		{
			"__comment": "Box1",
			"from": [ -1.0618, 2.7631, 1.369 ],
			"to": [ -0.5626, 3.130049, 1.518094 ],
			"faces": {
				"down": { "uv": [ 12, 10, 13, 11 ], "texture": "#seagull" },
				"up": { "uv": [ 13, 10, 14, 11 ], "texture": "#seagull" },
				"north": { "uv": [ 14, 10, 15, 11 ], "texture": "#seagull" },
				"south": { "uv": [ 15, 10, 16, 11 ], "texture": "#seagull" },
				"west": { "uv": [ 5, 9, 6, 10 ], "texture": "#seagull", "rotation": 270 },
				"east": { "uv": [ 5, 10, 6, 9 ], "texture": "#seagull", "rotation": 270 }
			}
		},
		{
			"__comment": "Box1",
			"from": [ -1.0104, 2.7906, 1.2568 ],
			"to": [ -0.6110396, 3.116777, 1.376076 ],
			"faces": {
				"down": { "uv": [ 5, 7, 6, 8 ], "texture": "#seagull" },
				"up": { "uv": [ 5, 6, 6, 7 ], "texture": "#seagull" },
				"north": { "uv": [ 5, 5, 6, 6 ], "texture": "#seagull" },
				"south": { "uv": [ 5, 4, 6, 5 ], "texture": "#seagull" },
				"west": { "uv": [ 5, 3, 6, 4 ], "texture": "#seagull", "rotation": 270 },
				"east": { "uv": [ 5, 4, 6, 3 ], "texture": "#seagull", "rotation": 270 }
			}
		},
		{
			"__comment": "Box1",
			"from": [ -0.9753, 2.7976, 0.9547 ],
			"to": [ -0.6558117, 3.087535, 1.269803 ],
			"faces": {
				"down": { "uv": [ 5, 1, 6, 2 ], "texture": "#seagull" },
				"up": { "uv": [ 5, 0, 6, 1 ], "texture": "#seagull" },
				"north": { "uv": [ 6, 9, 7, 10 ], "texture": "#seagull" },
				"south": { "uv": [ 7, 9, 8, 10 ], "texture": "#seagull" },
				"west": { "uv": [ 8, 9, 9, 10 ], "texture": "#seagull", "rotation": 270 },
				"east": { "uv": [ 8, 10, 9, 9 ], "texture": "#seagull", "rotation": 270 }
			}
		},
		{
			"__comment": "Box1",
			"from": [ -0.9393, 2.8085, 0.8005 ],
			"to": [ -0.6837094, 3.089157, 0.9587913 ],
			"faces": {
				"down": { "uv": [ 10, 9, 11, 10 ], "texture": "#seagull" },
				"up": { "uv": [ 11, 9, 12, 10 ], "texture": "#seagull" },
				"north": { "uv": [ 12, 9, 13, 10 ], "texture": "#seagull" },
				"south": { "uv": [ 13, 9, 14, 10 ], "texture": "#seagull" },
				"west": { "uv": [ 14, 9, 15, 10 ], "texture": "#seagull", "rotation": 270 },
				"east": { "uv": [ 14, 10, 15, 9 ], "texture": "#seagull", "rotation": 270 }
			}
		}
	],
	"display": {
		"thirdperson_righthand": {
			"rotation":  [ 72, -2, 0 ],
			"translation":  [ 8.3478, -1.548, 9.7391 ]
		},
		"thirdperson_lefthand": {
			"rotation":  [ 72, -2, 0 ],
			"translation":  [ -8.346, -1.548, 9.7391 ]
		},
		"firstperson_righthand": {
			"translation":  [ 15.304, 6.2608, 0 ]
		},
		"firstperson_lefthand": {
			"translation":  [ -7.651, 9.739, 4.1739 ]
		},
		"gui": {
			"rotation":  [ 11, 101, 0 ],
			"translation":  [ 2.0869, 5.5652, -2.782 ]
		},
		"head": {
			"translation":  [ 34.779, 0.0127, 17.396 ],
			"scale":  [ 4, 4, 4 ]
		},
		"ground": {
			"translation":  [ 0, 5.5651, 0 ]
		},
		"fixed": {
			"rotation":  [ -90, 0, 0 ],
			"translation":  [ 16, 7.6504, -18.77 ],
			"scale":  [ 2, 2, 2 ]
		}
	}
}