{
	"__comment": "Cubik Studio - https://cubik.studio",
	"textures": {
		"secretarybird": "item/secretarybird"
	},
	"elements": [ 	 
		{
			"__comment": "Box1",
			"from": [ 8.05, 0.487, 8.309999 ],
			"to": [ 9.25, 1.687, 10.47 ],
			"rotation": { "origin": [ 7.75, 0.25, 5.25 ], "axis": "x", "angle": 22.5 },
			"faces": {
				"down": { "uv": [ 7, 13, 7.5, 12 ], "texture": "#secretarybird" },
				"up": { "uv": [ 7, 12, 7.5, 13 ], "texture": "#secretarybird" },
				"north": { "uv": [ 7.5, 8.5, 8, 9 ], "texture": "#secretarybird" },
				"south": { "uv": [ 7.5, 8, 8, 8.5 ], "texture": "#secretarybird" },
				"west": { "uv": [ 5, 8, 6, 8.5 ], "texture": "#secretarybird" },
				"east": { "uv": [ 6, 8, 5, 8.5 ], "texture": "#secretarybird" }
			}
		},
		{
			"__comment": "PlaneY4",
			"from": [ 7.9026, -1.01, 9.6966 ],
			"to": [ 10.4026, -1.009, 16.6966 ],
			"rotation": { "origin": [ 7.0841, -1, 9.7154 ], "axis": "x", "angle": 22.5 },
			"faces": {
				"down": { "uv": [ 5, 12.5, 4, 9 ], "texture": "#secretarybird" },
				"up": { "uv": [ 5, 9, 4, 12.5 ], "texture": "#secretarybird" }
			}
		},
		{
			"__comment": "PlaneY4",
			"from": [ 9.4531, 0.9899999, 6.2141 ],
			"to": [ 17.7691, 0.9910001, 9.2141 ],
			"rotation": { "origin": [ 9.439001, 0.835, 6.700078 ], "axis": "z", "angle": 45 },
			"faces": {
				"down": { "uv": [ 0, 12.5, 2.5, 8 ], "texture": "#secretarybird", "rotation": 270 },
				"up": { "uv": [ 0, 8, 2.5, 12.5 ], "texture": "#secretarybird", "rotation": 90 }
			}
		},
		{
			"__comment": "Box1",
			"from": [ 8.125, 0.0491, 4.5132 ],
			"to": [ 9.125, 1.5491, 5.5132 ],
			"rotation": { "origin": [ 8.135, 1.75, 4 ], "axis": "x", "angle": -45 },
			"faces": {
				"down": { "uv": [ 8, 15.5, 8.5, 16 ], "texture": "#secretarybird" },
				"up": { "uv": [ 8.5, 15.5, 9, 16 ], "texture": "#secretarybird" },
				"north": { "uv": [ 6.5, 8, 7, 8.5 ], "texture": "#secretarybird" },
				"south": { "uv": [ 6.5, 8, 7, 8.5 ], "texture": "#secretarybird" },
				"west": { "uv": [ 10, 15.5, 10.5, 16 ], "texture": "#secretarybird" },
				"east": { "uv": [ 10.5, 15.5, 10, 16 ], "texture": "#secretarybird" }
			}
		},
		{
			"__comment": "Box1",
			"from": [ 1.7181, 2.875, 6.25 ],
			"to": [ 5.874971, 3.127, 6.568864 ],
			"rotation": { "origin": [ 5.875, 2.875, 6.25 ], "axis": "z", "angle": -45 },
			"faces": {
				"down": { "uv": [ 0, 15.5, 2, 16 ], "texture": "#secretarybird" },
				"up": { "uv": [ 0, 15.5, 2, 16 ], "texture": "#secretarybird", "rotation": 180 },
				"north": { "uv": [ 0, 15.5, 2, 16 ], "texture": "#secretarybird", "rotation": 90 },
				"south": { "uv": [ 0, 15.5, 2, 16 ], "texture": "#secretarybird", "rotation": 90 },
				"west": { "uv": [ 0, 15.5, 2, 16 ], "texture": "#secretarybird", "rotation": 90 },
				"east": { "uv": [ 0, 15.5, 2, 16 ], "texture": "#secretarybird", "rotation": 90 }
			}
		},
		{
			"__comment": "Box1",
			"from": [ 5.8875, 2.857, 6.208 ],
			"to": [ 8.698308, 3.137, 6.693998 ],
			"rotation": { "origin": [ 5.875, 2.875, 6.25 ], "axis": "z", "angle": -45 },
			"faces": {
				"down": { "uv": [ 0, 15.5, 2, 16 ], "texture": "#secretarybird" },
				"up": { "uv": [ 0, 15.5, 2, 16 ], "texture": "#secretarybird", "rotation": 180 },
				"north": { "uv": [ 0, 15.5, 2, 16 ], "texture": "#secretarybird", "rotation": 90 },
				"south": { "uv": [ 0, 15.5, 2, 16 ], "texture": "#secretarybird", "rotation": 90 },
				"west": { "uv": [ 0, 15.5, 2, 16 ], "texture": "#secretarybird", "rotation": 90 },
				"east": { "uv": [ 0, 15.5, 2, 16 ], "texture": "#secretarybird", "rotation": 90 }
			}
		},
		{
			"__comment": "PlaneY4",
			"from": [ 8.874, 1.9473, 4.8398 ],
			"to": [ 8.875, 3.9473, 6.8398 ],
			"rotation": { "origin": [ 8.135, 1.375, 4.625 ], "axis": "x", "angle": -45 },
			"faces": {
				"west": { "uv": [ 5, 14, 6, 15 ], "texture": "#secretarybird", "rotation": 270 },
				"east": { "uv": [ 5, 15, 6, 14 ], "texture": "#secretarybird", "rotation": 270 }
			}
		},
		{
			"__comment": "PlaneY4",
			"from": [ 0.3654, 3.022, 6.2314 ],
			"to": [ 8.6814, 3.023, 9.2314 ],
			"rotation": { "origin": [ 5.875, 2.875, 6.25 ], "axis": "z", "angle": -45 },
			"faces": {
				"down": { "uv": [ 2.5, 12.5, 0, 8 ], "texture": "#secretarybird", "rotation": 90 },
				"up": { "uv": [ 2.5, 8, 0, 12.5 ], "texture": "#secretarybird", "rotation": 270 }
			}
		},
		{
			"__comment": "Box1",
			"from": [ 9.0934, -4.25, 8.125 ],
			"to": [ 9.32668, -2.192471, 8.349 ],
			"faces": {
				"down": { "uv": [ 8, 8.5, 8.5, 9 ], "texture": "#secretarybird", "rotation": 90 },
				"up": { "uv": [ 8, 8, 8.5, 8.5 ], "texture": "#secretarybird", "rotation": 90 },
				"north": { "uv": [ 6, 13, 6.5, 14 ], "texture": "#secretarybird", "rotation": 90 },
				"south": { "uv": [ 6, 13, 6.5, 14 ], "texture": "#secretarybird", "rotation": 90 },
				"west": { "uv": [ 6, 13, 6.5, 14 ], "texture": "#secretarybird", "rotation": 90 },
				"east": { "uv": [ 6, 13, 6.5, 14 ], "texture": "#secretarybird", "rotation": 90 }
			}
		},
		{
			"__comment": "Box1",
			"from": [ 8.4884, 1.2548, 3.7637 ],
			"to": [ 8.774194, 1.496845, 4.038128 ],
			"rotation": { "origin": [ 8.135, 1.375, 4.625 ], "axis": "x", "angle": -22.5 },
			"faces": {
				"down": { "uv": [ 8, 12, 7.5, 11.5 ], "texture": "#secretarybird" },
				"up": { "uv": [ 7.5, 11, 8, 11.5 ], "texture": "#secretarybird" },
				"north": { "uv": [ 7.5, 8.5, 7, 8 ], "texture": "#secretarybird", "rotation": 90 },
				"south": { "uv": [ 7, 8, 7.5, 8.5 ], "texture": "#secretarybird", "rotation": 90 },
				"west": { "uv": [ 7.5, 10.5, 8, 11 ], "texture": "#secretarybird", "rotation": 270 },
				"east": { "uv": [ 8, 10.5, 7.5, 11 ], "texture": "#secretarybird", "rotation": 90 }
			}
		},
		{
			"__comment": "Box1",
			"from": [ 7.8984, -2.459, 4.705 ],
			"to": [ 8.13168, -2.235, 6.705376 ],
			"rotation": { "origin": [ 9.1834, -2.235, 6.595 ], "axis": "x", "angle": 22.5 },
			"faces": {
				"down": { "uv": [ 6, 13, 6.5, 14 ], "texture": "#secretarybird", "rotation": 90 },
				"up": { "uv": [ 6.5, 14, 6, 13 ], "texture": "#secretarybird", "rotation": 90 },
				"north": { "uv": [ 8, 10, 7.5, 9.5 ], "texture": "#secretarybird", "rotation": 90 },
				"south": { "uv": [ 7.5, 9, 8, 9.5 ], "texture": "#secretarybird", "rotation": 90 },
				"west": { "uv": [ 6, 13, 6.5, 14 ], "texture": "#secretarybird", "rotation": 180 },
				"east": { "uv": [ 6, 13, 6.5, 14 ], "texture": "#secretarybird" }
			}
		},
		{
			"__comment": "PlaneY15",
			"from": [ 8.76, -4.25, 6.905 ],
			"to": [ 9.76, -4.249, 8.904999 ],
			"faces": {
				"down": { "uv": [ 7, 13, 6.5, 12 ], "texture": "#secretarybird" },
				"up": { "uv": [ 7, 12, 6.5, 13 ], "texture": "#secretarybird" }
			}
		},
		{
			"__comment": "PlaneY15",
			"from": [ 7.49, -1.14, 4.205 ],
			"to": [ 8.49, 0.86, 4.206 ],
			"rotation": { "origin": [ 9.1834, -0.3599999, 6.095 ], "axis": "x", "angle": -45 },
			"faces": {
				"north": { "uv": [ 7, 12, 6.5, 13 ], "texture": "#secretarybird" },
				"south": { "uv": [ 6.5, 12, 7, 13 ], "texture": "#secretarybird" }
			}
		},
		{
			"__comment": "Box1",
			"from": [ 8.4584, 0.875, 3.9112 ],
			"to": [ 8.811236, 1.403275, 4.25 ],
			"rotation": { "origin": [ 8.135, 1.375, 4.625 ], "axis": "x", "angle": 22.5 },
			"faces": {
				"down": { "uv": [ 12.5, 16, 12, 15.5 ], "texture": "#secretarybird" },
				"up": { "uv": [ 12.5, 15.5, 13, 16 ], "texture": "#secretarybird" },
				"north": { "uv": [ 12, 16, 11.5, 15.5 ], "texture": "#secretarybird", "rotation": 90 },
				"south": { "uv": [ 11, 15.5, 11.5, 16 ], "texture": "#secretarybird", "rotation": 90 },
				"west": { "uv": [ 13, 15.5, 13.5, 16 ], "texture": "#secretarybird", "rotation": 270 },
				"east": { "uv": [ 13.5, 15.5, 13, 16 ], "texture": "#secretarybird", "rotation": 90 }
			}
		},
		{
			"__comment": "Box1",
			"from": [ 8.135, 1.375, 3.625 ],
			"to": [ 9.155001, 2.875, 4.625 ],
			"rotation": { "origin": [ 8.135, 1.375, 4.625 ], "axis": "x", "angle": 22.5 },
			"faces": {
				"down": { "uv": [ 15.5, 16, 15, 15.5 ], "texture": "#secretarybird" },
				"up": { "uv": [ 8, 9.5, 8.5, 10 ], "texture": "#secretarybird" },
				"north": { "uv": [ 15, 16, 14.5, 15.5 ], "texture": "#secretarybird" },
				"south": { "uv": [ 14, 15.5, 14.5, 16 ], "texture": "#secretarybird" },
				"west": { "uv": [ 8, 15, 8.5, 15.5 ], "texture": "#secretarybird", "rotation": 270 },
				"east": { "uv": [ 8.5, 15, 8, 15.5 ], "texture": "#secretarybird", "rotation": 90 }
			}
		},
		{
			"__comment": "PlaneY4",
			"from": [ 7.0841, -1, 9.7154 ],
			"to": [ 9.5841, -0.999, 16.7154 ],
			"rotation": { "origin": [ 7.0841, -1, 9.7154 ], "axis": "x", "angle": 22.5 },
			"faces": {
				"down": { "uv": [ 4, 12.5, 5, 9 ], "texture": "#secretarybird" },
				"up": { "uv": [ 4, 9, 5, 12.5 ], "texture": "#secretarybird" }
			}
		},
		{
			"__comment": "Box1",
			"from": [ 9.0834, -2.306, 8.095 ],
			"to": [ 9.340008, -0.2484705, 8.3414 ],
			"rotation": { "origin": [ 9.0834, -2.306, 8.094999 ], "axis": "x", "angle": -22.5 },
			"faces": {
				"down": { "uv": [ 8, 13, 8.5, 13.5 ], "texture": "#secretarybird", "rotation": 90 },
				"up": { "uv": [ 8, 12.5, 8.5, 13 ], "texture": "#secretarybird", "rotation": 90 },
				"north": { "uv": [ 7.5, 12, 8, 13 ], "texture": "#secretarybird", "rotation": 90 },
				"south": { "uv": [ 7.5, 12, 8, 13 ], "texture": "#secretarybird", "rotation": 90 },
				"west": { "uv": [ 7.5, 12, 8, 13 ], "texture": "#secretarybird", "rotation": 90 },
				"east": { "uv": [ 7.5, 12, 8, 13 ], "texture": "#secretarybird", "rotation": 90 }
			}
		},
		{
			"__comment": "Box1",
			"from": [ 7.8909, -2.235, 6.47 ],
			"to": [ 8.147507, -0.2346241, 6.7164 ],
			"rotation": { "origin": [ 9.1834, -2.235, 6.469999 ], "axis": "x", "angle": 22.5 },
			"faces": {
				"down": { "uv": [ 8, 10, 8.5, 10.5 ], "texture": "#secretarybird", "rotation": 90 },
				"up": { "uv": [ 12.5, 15, 13, 15.5 ], "texture": "#secretarybird", "rotation": 90 },
				"north": { "uv": [ 7.5, 12, 8, 13 ], "texture": "#secretarybird", "rotation": 90 },
				"south": { "uv": [ 7.5, 12, 8, 13 ], "texture": "#secretarybird", "rotation": 90 },
				"west": { "uv": [ 7.5, 12, 8, 13 ], "texture": "#secretarybird", "rotation": 90 },
				"east": { "uv": [ 7.5, 12, 8, 13 ], "texture": "#secretarybird", "rotation": 90 }
			}
		},
		{
			"__comment": "Box1",
			"from": [ 7.75, 0.125, 5.25 ],
			"to": [ 9.55, 1.925, 8.85 ],
			"rotation": { "origin": [ 7.75, 0.125, 5.25 ], "axis": "x", "angle": 22.5 },
			"faces": {
				"down": { "uv": [ 5, 12.5, 5.5, 14 ], "texture": "#secretarybird" },
				"up": { "uv": [ 5.5, 12.5, 6, 14 ], "texture": "#secretarybird" },
				"north": { "uv": [ 10, 15, 10.5, 15.5 ], "texture": "#secretarybird" },
				"south": { "uv": [ 10.5, 15, 11, 15.5 ], "texture": "#secretarybird" },
				"west": { "uv": [ 6, 15.5, 7.5, 16 ], "texture": "#secretarybird" },
				"east": { "uv": [ 7.5, 15.5, 6, 16 ], "texture": "#secretarybird" }
			}
		},
		{
			"__comment": "PlaneY4",
			"from": [ 8.499, 1.8995, 4.4743 ],
			"to": [ 8.5, 3.8995, 6.4743 ],
			"rotation": { "origin": [ 8.135, 1.375, 4.625 ], "axis": "x", "angle": -45 },
			"faces": {
				"west": { "uv": [ 5, 14, 6, 15 ], "texture": "#secretarybird", "rotation": 270 },
				"east": { "uv": [ 5, 15, 6, 14 ], "texture": "#secretarybird", "rotation": 270 }
			}
		},
		{
			"__comment": "Box1",
			"from": [ 12.2623, 0.853, 6.2142 ],
			"to": [ 16.41917, 1.105, 6.53306 ],
			"rotation": { "origin": [ 9.439001, 0.835, 6.700078 ], "axis": "z", "angle": 45 },
			"faces": {
				"down": { "uv": [ 0, 15.5, 2, 16 ], "texture": "#secretarybird", "rotation": 180 },
				"up": { "uv": [ 0, 15.5, 2, 16 ], "texture": "#secretarybird" },
				"north": { "uv": [ 0, 15.5, 2, 16 ], "texture": "#secretarybird", "rotation": 90 },
				"south": { "uv": [ 0, 15.5, 2, 16 ], "texture": "#secretarybird", "rotation": 90 },
				"west": { "uv": [ 0, 15.5, 2, 16 ], "texture": "#secretarybird", "rotation": 90 },
				"east": { "uv": [ 0, 15.5, 2, 16 ], "texture": "#secretarybird", "rotation": 90 }
			}
		},
		{
			"__comment": "Box1",
			"from": [ 9.439, 0.835, 6.2141 ],
			"to": [ 12.24981, 1.115, 6.7001 ],
			"rotation": { "origin": [ 9.439001, 0.835, 6.700078 ], "axis": "z", "angle": 45 },
			"faces": {
				"down": { "uv": [ 0, 15.5, 2, 16 ], "texture": "#secretarybird", "rotation": 180 },
				"up": { "uv": [ 0, 15.5, 2, 16 ], "texture": "#secretarybird" },
				"north": { "uv": [ 0, 15.5, 2, 16 ], "texture": "#secretarybird", "rotation": 90 },
				"south": { "uv": [ 0, 15.5, 2, 16 ], "texture": "#secretarybird", "rotation": 90 },
				"west": { "uv": [ 0, 15.5, 2, 16 ], "texture": "#secretarybird", "rotation": 90 },
				"east": { "uv": [ 0, 15.5, 2, 16 ], "texture": "#secretarybird", "rotation": 90 }
			}
		}
	],
	"display": {
		"thirdperson_righthand": {
			"rotation":  [ 90, 0, 0 ],
			"translation":  [ 0, -0.694, 6.9565 ]
		},
		"thirdperson_lefthand": {
			"rotation":  [ 90, 0, 0 ],
			"translation":  [ 0, -0.694, 6.9565 ]
		},
		"firstperson_righthand": {
			"translation":  [ 0, 11.826, 0 ],
			"scale":  [ 1.5, 1.5, 1.5 ]
		},
		"firstperson_lefthand": {
			"translation":  [ 2.7826, 11.826, 0 ],
			"scale":  [ 1.5, 1.5, 1.5 ]
		},
		"gui": {
			"rotation":  [ 0, 130, 0 ],
			"translation":  [ 1.3913, 6.2608, 1.3913 ]
		},
		"head": {
			"translation":  [ -2.086, -9.01, 0.6966 ],
			"scale":  [ 2.8, 2.8, 2.8 ]
		},
		"ground": {
			"translation":  [ 0, 5.5652, 0 ]
		},
		"fixed": {
			"rotation":  [ -90, 0, 0 ],
			"translation":  [ -2.086, -0.694, -30.59 ],
			"scale":  [ 2.5, 2.5, 2.5 ]
		}
	}
}