{
	"__comment": "Cubik Studio - https://cubik.studio",
	"textures": {
		"secretarybird": "item/secretarybird"
	},
	"elements": [ 	 
		{
			"__comment": "Box1",
			"from": [ 8.05, 0.487, 8.309999 ],
			"to": [ 9.25, 1.687, 10.47 ],
			"rotation": { "origin": [ 7.75, 0.25, 5.25 ], "axis": "x", "angle": 22.5 },
			"faces": {
				"down": { "uv": [ 7, 13, 7.5, 12 ], "texture": "#secretarybird" },
				"up": { "uv": [ 7, 12, 7.5, 13 ], "texture": "#secretarybird" },
				"north": { "uv": [ 7.5, 8.5, 8, 9 ], "texture": "#secretarybird" },
				"south": { "uv": [ 7.5, 8, 8, 8.5 ], "texture": "#secretarybird" },
				"west": { "uv": [ 5, 8, 6, 8.5 ], "texture": "#secretarybird" },
				"east": { "uv": [ 6, 8, 5, 8.5 ], "texture": "#secretarybird" }
			}
		},
		{
			"__comment": "PlaneY4",
			"from": [ 7.9026, -1.01, 9.6966 ],
			"to": [ 10.4026, -1.009, 16.6966 ],
			"faces": {
				"down": { "uv": [ 5, 12.5, 4, 9 ], "texture": "#secretarybird" },
				"up": { "uv": [ 5, 9, 4, 12.5 ], "texture": "#secretarybird" }
			}
		},
		{
			"__comment": "PlaneY4",
			"from": [ 7.05, 1.365, 5.8392 ],
			"to": [ 10.05, 1.366, 14.1552 ],
			"rotation": { "origin": [ 9.564001, 1.21, 5.825078 ], "axis": "x", "angle": 22.5 },
			"faces": {
				"down": { "uv": [ 0, 12.5, 2.5, 8 ], "texture": "#secretarybird", "rotation": 180 },
				"up": { "uv": [ 0, 8, 2.5, 12.5 ], "texture": "#secretarybird", "rotation": 180 }
			}
		},
		{
			"__comment": "Box1",
			"from": [ 8.125, 1, 5.5 ],
			"to": [ 9.125, 2.5, 6.5 ],
			"rotation": { "origin": [ 8.125, 1, 5.5 ], "axis": "x", "angle": -22.5 },
			"faces": {
				"down": { "uv": [ 8, 15.5, 8.5, 16 ], "texture": "#secretarybird" },
				"up": { "uv": [ 8.5, 15.5, 9, 16 ], "texture": "#secretarybird" },
				"north": { "uv": [ 6.5, 8, 7, 8.5 ], "texture": "#secretarybird" },
				"south": { "uv": [ 6.5, 8, 7, 8.5 ], "texture": "#secretarybird" },
				"west": { "uv": [ 10, 15.5, 10.5, 16 ], "texture": "#secretarybird" },
				"east": { "uv": [ 10.5, 15.5, 10, 16 ], "texture": "#secretarybird" }
			}
		},
		{
			"__comment": "Box1",
			"from": [ 7.231, 0.103, 8.523399 ],
			"to": [ 7.549864, 0.355, 12.68027 ],
			"rotation": { "origin": [ 7.231039, 0.1029999, 8.52339 ], "axis": "x", "angle": 22.5 },
			"faces": {
				"down": { "uv": [ 0, 15.5, 2, 16 ], "texture": "#secretarybird", "rotation": 90 },
				"up": { "uv": [ 0, 15.5, 2, 16 ], "texture": "#secretarybird", "rotation": 90 },
				"north": { "uv": [ 0, 15.5, 2, 16 ], "texture": "#secretarybird", "rotation": 90 },
				"south": { "uv": [ 0, 15.5, 2, 16 ], "texture": "#secretarybird", "rotation": 90 },
				"west": { "uv": [ 0, 15.5, 2, 16 ], "texture": "#secretarybird", "rotation": 90 },
				"east": { "uv": [ 0, 15.5, 2, 16 ], "texture": "#secretarybird", "rotation": 90 }
			}
		},
		{
			"__comment": "Box1",
			"from": [ 7.189, 0.085, 5.7001 ],
			"to": [ 7.674999, 0.3649999, 8.510908 ],
			"rotation": { "origin": [ 7.231039, 0.1029999, 8.52339 ], "axis": "x", "angle": 22.5 },
			"faces": {
				"down": { "uv": [ 0, 15.5, 2, 16 ], "texture": "#secretarybird", "rotation": 90 },
				"up": { "uv": [ 0, 15.5, 2, 16 ], "texture": "#secretarybird", "rotation": 90 },
				"north": { "uv": [ 0, 15.5, 2, 16 ], "texture": "#secretarybird", "rotation": 90 },
				"south": { "uv": [ 0, 15.5, 2, 16 ], "texture": "#secretarybird", "rotation": 90 },
				"west": { "uv": [ 0, 15.5, 2, 16 ], "texture": "#secretarybird", "rotation": 90 },
				"east": { "uv": [ 0, 15.5, 2, 16 ], "texture": "#secretarybird", "rotation": 90 }
			}
		},
		{
			"__comment": "PlaneY4",
			"from": [ 8.874, 2.9172, 4.8115 ],
			"to": [ 8.875, 4.9172, 6.8115 ],
			"rotation": { "origin": [ 8.749, 2.9172, 4.5615 ], "axis": "x", "angle": 22.5 },
			"faces": {
				"west": { "uv": [ 5, 14, 6, 15 ], "texture": "#secretarybird", "rotation": 270 },
				"east": { "uv": [ 5, 15, 6, 14 ], "texture": "#secretarybird", "rotation": 270 }
			}
		},
		{
			"__comment": "PlaneY4",
			"from": [ 7.2124, 0.25, 5.717 ],
			"to": [ 10.2124, 0.251, 14.033 ],
			"rotation": { "origin": [ 7.231039, 0.1029999, 8.52339 ], "axis": "x", "angle": 22.5 },
			"faces": {
				"down": { "uv": [ 2.5, 12.5, 0, 8 ], "texture": "#secretarybird", "rotation": 180 },
				"up": { "uv": [ 2.5, 8, 0, 12.5 ], "texture": "#secretarybird", "rotation": 180 }
			}
		},
		{
			"__comment": "Box1",
			"from": [ 9.0934, -4.25, 8.125 ],
			"to": [ 9.32668, -2.192471, 8.349 ],
			"faces": {
				"down": { "uv": [ 8, 8.5, 8.5, 9 ], "texture": "#secretarybird", "rotation": 90 },
				"up": { "uv": [ 8, 8, 8.5, 8.5 ], "texture": "#secretarybird", "rotation": 90 },
				"north": { "uv": [ 6, 13, 6.5, 14 ], "texture": "#secretarybird", "rotation": 90 },
				"south": { "uv": [ 6, 13, 6.5, 14 ], "texture": "#secretarybird", "rotation": 90 },
				"west": { "uv": [ 6, 13, 6.5, 14 ], "texture": "#secretarybird", "rotation": 90 },
				"east": { "uv": [ 6, 13, 6.5, 14 ], "texture": "#secretarybird", "rotation": 90 }
			}
		},
		{
			"__comment": "Box1",
			"from": [ 8.4884, 2.705, 3.875 ],
			"to": [ 8.774196, 2.979428, 4.117045 ],
			"rotation": { "origin": [ 8.4884, 2.705, 3.875 ], "axis": "x", "angle": -45 },
			"faces": {
				"down": { "uv": [ 7, 8, 7.5, 8.5 ], "texture": "#secretarybird", "rotation": 90 },
				"up": { "uv": [ 7, 8, 7.5, 8.5 ], "texture": "#secretarybird", "rotation": 90 },
				"north": { "uv": [ 7.5, 11.5, 8, 12 ], "texture": "#secretarybird" },
				"south": { "uv": [ 7.5, 11, 8, 11.5 ], "texture": "#secretarybird" },
				"west": { "uv": [ 7.5, 10.5, 8, 11 ], "texture": "#secretarybird" },
				"east": { "uv": [ 8, 10.5, 7.5, 11 ], "texture": "#secretarybird" }
			}
		},
		{
			"__comment": "Box1",
			"from": [ 7.8984, -4.25, 8.095 ],
			"to": [ 8.13168, -2.249624, 8.319 ],
			"faces": {
				"down": { "uv": [ 7.5, 9.5, 8, 10 ], "texture": "#secretarybird", "rotation": 90 },
				"up": { "uv": [ 7.5, 9, 8, 9.5 ], "texture": "#secretarybird", "rotation": 90 },
				"north": { "uv": [ 6, 13, 6.5, 14 ], "texture": "#secretarybird", "rotation": 90 },
				"south": { "uv": [ 6, 13, 6.5, 14 ], "texture": "#secretarybird", "rotation": 90 },
				"west": { "uv": [ 6, 13, 6.5, 14 ], "texture": "#secretarybird", "rotation": 90 },
				"east": { "uv": [ 6, 13, 6.5, 14 ], "texture": "#secretarybird", "rotation": 90 }
			}
		},
		{
			"__comment": "PlaneY15",
			"from": [ 8.76, -4.25, 6.905 ],
			"to": [ 9.76, -4.249, 8.905 ],
			"faces": {
				"down": { "uv": [ 7, 13, 6.5, 12 ], "texture": "#secretarybird" },
				"up": { "uv": [ 7, 12, 6.5, 13 ], "texture": "#secretarybird" }
			}
		},
		{
			"__comment": "PlaneY15",
			"from": [ 7.49, -4.25, 6.875 ],
			"to": [ 8.49, -4.249, 8.875 ],
			"faces": {
				"down": { "uv": [ 6.5, 13, 7, 12 ], "texture": "#secretarybird" },
				"up": { "uv": [ 6.5, 12, 7, 13 ], "texture": "#secretarybird" }
			}
		},
		{
			"__comment": "Box1",
			"from": [ 8.4584, 2.75, 3.875 ],
			"to": [ 8.811236, 3.0888, 4.403275 ],
			"faces": {
				"down": { "uv": [ 11, 15.5, 11.5, 16 ], "texture": "#secretarybird", "rotation": 90 },
				"up": { "uv": [ 11.5, 15.5, 12, 16 ], "texture": "#secretarybird", "rotation": 90 },
				"north": { "uv": [ 12, 15.5, 12.5, 16 ], "texture": "#secretarybird" },
				"south": { "uv": [ 12.5, 15.5, 13, 16 ], "texture": "#secretarybird" },
				"west": { "uv": [ 13, 15.5, 13.5, 16 ], "texture": "#secretarybird" },
				"east": { "uv": [ 13.5, 15.5, 13, 16 ], "texture": "#secretarybird" }
			}
		},
		{
			"__comment": "Box1",
			"from": [ 8.135, 2.375, 4.375 ],
			"to": [ 9.155001, 3.375, 5.875 ],
			"faces": {
				"down": { "uv": [ 14, 15.5, 14.5, 16 ], "texture": "#secretarybird" },
				"up": { "uv": [ 14.5, 15.5, 15, 16 ], "texture": "#secretarybird" },
				"north": { "uv": [ 15, 15.5, 15.5, 16 ], "texture": "#secretarybird" },
				"south": { "uv": [ 8, 9.5, 8.5, 10 ], "texture": "#secretarybird" },
				"west": { "uv": [ 8, 15, 8.5, 15.5 ], "texture": "#secretarybird" },
				"east": { "uv": [ 8.5, 15, 8, 15.5 ], "texture": "#secretarybird" }
			}
		},
		{
			"__comment": "PlaneY4",
			"from": [ 7.0841, -1, 9.7154 ],
			"to": [ 9.5841, -0.999, 16.7154 ],
			"faces": {
				"down": { "uv": [ 4, 12.5, 5, 9 ], "texture": "#secretarybird" },
				"up": { "uv": [ 4, 9, 5, 12.5 ], "texture": "#secretarybird" }
			}
		},
		{
			"__comment": "Box1",
			"from": [ 9.0834, -2.306, 8.095 ],
			"to": [ 9.340008, -0.2484705, 8.3414 ],
			"rotation": { "origin": [ 9.0834, -2.306, 8.094999 ], "axis": "x", "angle": -22.5 },
			"faces": {
				"down": { "uv": [ 8, 13, 8.5, 13.5 ], "texture": "#secretarybird", "rotation": 90 },
				"up": { "uv": [ 8, 12.5, 8.5, 13 ], "texture": "#secretarybird", "rotation": 90 },
				"north": { "uv": [ 7.5, 12, 8, 13 ], "texture": "#secretarybird", "rotation": 90 },
				"south": { "uv": [ 7.5, 12, 8, 13 ], "texture": "#secretarybird", "rotation": 90 },
				"west": { "uv": [ 7.5, 12, 8, 13 ], "texture": "#secretarybird", "rotation": 90 },
				"east": { "uv": [ 7.5, 12, 8, 13 ], "texture": "#secretarybird", "rotation": 90 }
			}
		},
		{
			"__comment": "Box1",
			"from": [ 7.8909, -2.36, 8.095 ],
			"to": [ 8.147508, -0.3596241, 8.3414 ],
			"rotation": { "origin": [ 9.1834, -2.36, 8.094999 ], "axis": "x", "angle": -22.5 },
			"faces": {
				"down": { "uv": [ 8, 10, 8.5, 10.5 ], "texture": "#secretarybird", "rotation": 90 },
				"up": { "uv": [ 12.5, 15, 13, 15.5 ], "texture": "#secretarybird", "rotation": 90 },
				"north": { "uv": [ 7.5, 12, 8, 13 ], "texture": "#secretarybird", "rotation": 90 },
				"south": { "uv": [ 7.5, 12, 8, 13 ], "texture": "#secretarybird", "rotation": 90 },
				"west": { "uv": [ 7.5, 12, 8, 13 ], "texture": "#secretarybird", "rotation": 90 },
				"east": { "uv": [ 7.5, 12, 8, 13 ], "texture": "#secretarybird", "rotation": 90 }
			}
		},
		{
			"__comment": "Box1",
			"from": [ 7.75, 0.125, 5.25 ],
			"to": [ 9.55, 1.925, 8.85 ],
			"rotation": { "origin": [ 7.75, 0.125, 5.25 ], "axis": "x", "angle": 22.5 },
			"faces": {
				"down": { "uv": [ 5, 12.5, 5.5, 14 ], "texture": "#secretarybird" },
				"up": { "uv": [ 5.5, 12.5, 6, 14 ], "texture": "#secretarybird" },
				"north": { "uv": [ 10, 15, 10.5, 15.5 ], "texture": "#secretarybird" },
				"south": { "uv": [ 10.5, 15, 11, 15.5 ], "texture": "#secretarybird" },
				"west": { "uv": [ 6, 15.5, 7.5, 16 ], "texture": "#secretarybird" },
				"east": { "uv": [ 7.5, 15.5, 6, 16 ], "texture": "#secretarybird" }
			}
		},
		{
			"__comment": "PlaneY4",
			"from": [ 8.499, 2.9172, 4.4365 ],
			"to": [ 8.5, 4.9172, 6.4365 ],
			"rotation": { "origin": [ 8.499, 2.9172, 4.4365 ], "axis": "x", "angle": 22.5 },
			"faces": {
				"west": { "uv": [ 5, 14, 6, 15 ], "texture": "#secretarybird", "rotation": 270 },
				"east": { "uv": [ 5, 15, 6, 14 ], "texture": "#secretarybird", "rotation": 270 }
			}
		},
		{
			"__comment": "Box1",
			"from": [ 9.731, 1.228, 8.648399 ],
			"to": [ 10.04986, 1.48, 12.80527 ],
			"rotation": { "origin": [ 9.564001, 1.21, 5.825078 ], "axis": "x", "angle": 22.5 },
			"faces": {
				"down": { "uv": [ 0, 15.5, 2, 16 ], "texture": "#secretarybird", "rotation": 90 },
				"up": { "uv": [ 0, 15.5, 2, 16 ], "texture": "#secretarybird", "rotation": 90 },
				"north": { "uv": [ 0, 15.5, 2, 16 ], "texture": "#secretarybird", "rotation": 90 },
				"south": { "uv": [ 0, 15.5, 2, 16 ], "texture": "#secretarybird", "rotation": 90 },
				"west": { "uv": [ 0, 15.5, 2, 16 ], "texture": "#secretarybird", "rotation": 90 },
				"east": { "uv": [ 0, 15.5, 2, 16 ], "texture": "#secretarybird", "rotation": 90 }
			}
		},
		{
			"__comment": "Box1",
			"from": [ 9.564, 1.21, 5.8251 ],
			"to": [ 10.05, 1.49, 8.635908 ],
			"rotation": { "origin": [ 9.564001, 1.21, 5.825078 ], "axis": "x", "angle": 22.5 },
			"faces": {
				"down": { "uv": [ 0, 15.5, 2, 16 ], "texture": "#secretarybird", "rotation": 90 },
				"up": { "uv": [ 0, 15.5, 2, 16 ], "texture": "#secretarybird", "rotation": 90 },
				"north": { "uv": [ 0, 15.5, 2, 16 ], "texture": "#secretarybird", "rotation": 90 },
				"south": { "uv": [ 0, 15.5, 2, 16 ], "texture": "#secretarybird", "rotation": 90 },
				"west": { "uv": [ 0, 15.5, 2, 16 ], "texture": "#secretarybird", "rotation": 90 },
				"east": { "uv": [ 0, 15.5, 2, 16 ], "texture": "#secretarybird", "rotation": 90 }
			}
		}
	],
	"display": {
		"thirdperson_righthand": {
			"rotation":  [ 90, 0, 0 ],
			"translation":  [ 0, -0.694, 6.9565 ]
		},
		"thirdperson_lefthand": {
			"rotation":  [ 90, 0, 0 ],
			"translation":  [ 0, -0.694, 6.9565 ]
		},
		"firstperson_righthand": {
			"translation":  [ 0, 11.826, 0 ],
			"scale":  [ 1.5, 1.5, 1.5 ]
		},
		"firstperson_lefthand": {
			"translation":  [ 2.7826, 11.826, 0 ],
			"scale":  [ 1.5, 1.5, 1.5 ]
		},
		"gui": {
			"rotation":  [ 0, 130, 0 ],
			"translation":  [ 1.3913, 6.2608, 1.3913 ]
		},
		"head": {
			"translation":  [ -2.086, -9.01, 0.6966 ],
			"scale":  [ 2.8, 2.8, 2.8 ]
		},
		"ground": {
			"translation":  [ 0, 5.5652, 0 ]
		},
		"fixed": {
			"rotation":  [ -90, 0, 0 ],
			"translation":  [ -2.086, -0.694, -30.59 ],
			"scale":  [ 2.5, 2.5, 2.5 ]
		}
	}
}