{
	"__comment": "Cubik Studio - https://cubik.studio",
	"textures": {
		"senegal": "item/senegal"
	},
	"elements": [ 	 
		{
			"__comment": "Box1",
			"from": [ 8, 0.5, 5.75 ],
			"to": [ 9.35, 1.85, 8.39 ],
			"rotation": { "origin": [ 8, 0.5, 5.75 ], "axis": "x", "angle": 22.5 },
			"faces": {
				"down": { "uv": [ 6, 14, 7, 16 ], "texture": "#senegal" },
				"up": { "uv": [ 6, 12, 7, 14 ], "texture": "#senegal" },
				"north": { "uv": [ 6, 11, 7, 12 ], "texture": "#senegal" },
				"south": { "uv": [ 6, 10, 7, 11 ], "texture": "#senegal" },
				"west": { "uv": [ 7, 15, 9, 16 ], "texture": "#senegal" },
				"east": { "uv": [ 9, 15, 7, 16 ], "texture": "#senegal" }
			}
		},
		{
			"__comment": "PlaneY4",
			"from": [ 8.125, 0.26, 8.625 ],
			"to": [ 10.125, 0.261, 11.025 ],
			"faces": {
				"down": { "uv": [ 6, 14, 4, 12 ], "texture": "#senegal" },
				"up": { "uv": [ 6, 12, 4, 14 ], "texture": "#senegal" }
			}
		},
		{
			"__comment": "PlaneY4",
			"from": [ 7.5, 0.999, 6.125 ],
			"to": [ 9.5, 1, 10.325 ],
			"rotation": { "origin": [ 9.4842, 0.863, 7.1028 ], "axis": "x", "angle": 22.5 },
			"faces": {
				"down": { "uv": [ 0, 12, 2, 8 ], "texture": "#senegal" },
				"up": { "uv": [ 0, 8, 2, 12 ], "texture": "#senegal" }
			}
		},
		{
			"__comment": "Box1",
			"from": [ 8.075, 2.125, 5.19 ],
			"to": [ 9.250999, 2.509, 6.15 ],
			"faces": {
				"down": { "uv": [ 6, 9, 7, 10 ], "texture": "#senegal" },
				"up": { "uv": [ 6, 8, 7, 9 ], "texture": "#senegal" },
				"north": { "uv": [ 11, 15, 12, 16 ], "texture": "#senegal" },
				"south": { "uv": [ 12, 15, 13, 16 ], "texture": "#senegal" },
				"west": { "uv": [ 13, 15, 14, 16 ], "texture": "#senegal", "rotation": 270 },
				"east": { "uv": [ 13, 16, 14, 15 ], "texture": "#senegal", "rotation": 270 }
			}
		},
		{
			"__comment": "Box1",
			"from": [ 9.4842, 0.863, 7.1028 ],
			"to": [ 9.74992, 1.115, 8.7 ],
			"rotation": { "origin": [ 9.4842, 0.863, 7.1028 ], "axis": "x", "angle": 22.5 },
			"faces": {
				"down": { "uv": [ 7, 8, 8, 9 ], "texture": "#senegal", "rotation": 270 },
				"up": { "uv": [ 7, 8, 8, 9 ], "texture": "#senegal", "rotation": 270 },
				"north": { "uv": [ 7, 8, 8, 9 ], "texture": "#senegal", "rotation": 270 },
				"south": { "uv": [ 7, 8, 8, 9 ], "texture": "#senegal", "rotation": 270 },
				"west": { "uv": [ 7, 8, 8, 9 ], "texture": "#senegal", "rotation": 270 },
				"east": { "uv": [ 7, 8, 8, 9 ], "texture": "#senegal", "rotation": 270 }
			}
		},
		{
			"__comment": "Box1",
			"from": [ 9.344999, 0.845, 6.125 ],
			"to": [ 9.749999, 1.125, 7.125 ],
			"rotation": { "origin": [ 9.4842, 0.863, 7.1028 ], "axis": "x", "angle": 22.5 },
			"faces": {
				"down": { "uv": [ 7, 8, 8, 9 ], "texture": "#senegal", "rotation": 270 },
				"up": { "uv": [ 7, 8, 8, 9 ], "texture": "#senegal", "rotation": 270 },
				"north": { "uv": [ 7, 8, 8, 9 ], "texture": "#senegal", "rotation": 270 },
				"south": { "uv": [ 7, 8, 8, 9 ], "texture": "#senegal", "rotation": 270 },
				"west": { "uv": [ 7, 8, 8, 9 ], "texture": "#senegal", "rotation": 270 },
				"east": { "uv": [ 7, 8, 8, 9 ], "texture": "#senegal", "rotation": 270 }
			}
		},
		{
			"__comment": "PlaneY4",
			"from": [ 7.25, 0.25, 8.625 ],
			"to": [ 9.25, 0.251, 11.025 ],
			"faces": {
				"down": { "uv": [ 4, 14, 6, 12 ], "texture": "#senegal" },
				"up": { "uv": [ 4, 12, 6, 14 ], "texture": "#senegal" }
			}
		},
		{
			"__comment": "PlaneY4",
			"from": [ 7.875, 1.375, 6 ],
			"to": [ 9.875, 1.376, 10.2 ],
			"rotation": { "origin": [ 7.625, 1.25, 6.125 ], "axis": "x", "angle": 22.5 },
			"faces": {
				"down": { "uv": [ 2, 12, 0, 8 ], "texture": "#senegal" },
				"up": { "uv": [ 2, 8, 0, 12 ], "texture": "#senegal" }
			}
		},
		{
			"__comment": "Box1",
			"from": [ 9.0834, -0.875, 7.22 ],
			"to": [ 9.375, -0.04812509, 7.5 ],
			"faces": {
				"down": { "uv": [ 10, 8, 11, 9 ], "texture": "#senegal", "rotation": 90 },
				"up": { "uv": [ 10, 8, 11, 9 ], "texture": "#senegal", "rotation": 90 },
				"north": { "uv": [ 10, 8, 11, 9 ], "texture": "#senegal", "rotation": 90 },
				"south": { "uv": [ 10, 8, 11, 9 ], "texture": "#senegal", "rotation": 90 },
				"west": { "uv": [ 10, 8, 11, 9 ], "texture": "#senegal", "rotation": 90 },
				"east": { "uv": [ 10, 8, 11, 9 ], "texture": "#senegal", "rotation": 90 }
			}
		},
		{
			"__comment": "Box1",
			"from": [ 7.625, 1.26, 7.1278 ],
			"to": [ 7.89072, 1.512, 8.725 ],
			"rotation": { "origin": [ 7.625, 1.25, 6.125 ], "axis": "x", "angle": 22.5 },
			"faces": {
				"down": { "uv": [ 7, 8, 8, 9 ], "texture": "#senegal", "rotation": 270 },
				"up": { "uv": [ 7, 8, 8, 9 ], "texture": "#senegal", "rotation": 270 },
				"north": { "uv": [ 7, 8, 8, 9 ], "texture": "#senegal", "rotation": 270 },
				"south": { "uv": [ 7, 8, 8, 9 ], "texture": "#senegal", "rotation": 270 },
				"west": { "uv": [ 7, 8, 8, 9 ], "texture": "#senegal", "rotation": 270 },
				"east": { "uv": [ 7, 8, 8, 9 ], "texture": "#senegal", "rotation": 270 }
			}
		},
		{
			"__comment": "Box1",
			"from": [ 7.625, 1.25, 6.125 ],
			"to": [ 8.03, 1.53, 7.125 ],
			"rotation": { "origin": [ 7.625, 1.25, 6.125 ], "axis": "x", "angle": 22.5 },
			"faces": {
				"down": { "uv": [ 7, 8, 8, 9 ], "texture": "#senegal", "rotation": 270 },
				"up": { "uv": [ 7, 8, 8, 9 ], "texture": "#senegal", "rotation": 270 },
				"north": { "uv": [ 7, 8, 8, 9 ], "texture": "#senegal", "rotation": 270 },
				"south": { "uv": [ 7, 8, 8, 9 ], "texture": "#senegal", "rotation": 270 },
				"west": { "uv": [ 7, 8, 8, 9 ], "texture": "#senegal", "rotation": 270 },
				"east": { "uv": [ 7, 8, 8, 9 ], "texture": "#senegal", "rotation": 270 }
			}
		},
		{
			"__comment": "Box1",
			"from": [ 8.068399, 1.375, 5.4 ],
			"to": [ 9.23, 1.875, 5.9 ],
			"faces": {
				"down": { "uv": [ 12, 13, 13, 14 ], "texture": "#senegal", "rotation": 270 },
				"up": { "uv": [ 13, 13, 14, 14 ], "texture": "#senegal", "rotation": 90 },
				"north": { "uv": [ 14, 13, 15, 14 ], "texture": "#senegal" },
				"south": { "uv": [ 15, 13, 16, 14 ], "texture": "#senegal" },
				"west": { "uv": [ 10, 12, 11, 13 ], "texture": "#senegal" },
				"east": { "uv": [ 10, 11, 11, 12 ], "texture": "#senegal" }
			}
		},
		{
			"__comment": "Box1",
			"from": [ 8.0834, -0.875, 7.22 ],
			"to": [ 8.375, -0.04812509, 7.5 ],
			"faces": {
				"down": { "uv": [ 10, 8, 11, 9 ], "texture": "#senegal", "rotation": 90 },
				"up": { "uv": [ 10, 8, 11, 9 ], "texture": "#senegal", "rotation": 90 },
				"north": { "uv": [ 10, 8, 11, 9 ], "texture": "#senegal", "rotation": 90 },
				"south": { "uv": [ 10, 8, 11, 9 ], "texture": "#senegal", "rotation": 90 },
				"west": { "uv": [ 10, 8, 11, 9 ], "texture": "#senegal", "rotation": 90 },
				"east": { "uv": [ 10, 8, 11, 9 ], "texture": "#senegal", "rotation": 90 }
			}
		},
		{
			"__comment": "PlaneY15",
			"from": [ 8.75, -0.875, 6.5 ],
			"to": [ 9.75, -0.874, 8 ],
			"faces": {
				"down": { "uv": [ 12, 10, 11, 11 ], "texture": "#senegal" },
				"up": { "uv": [ 12, 11, 11, 10 ], "texture": "#senegal" }
			}
		},
		{
			"__comment": "PlaneY15",
			"from": [ 7.75, -0.875, 6.5 ],
			"to": [ 8.75, -0.874, 8 ],
			"faces": {
				"down": { "uv": [ 11, 10, 12, 11 ], "texture": "#senegal" },
				"up": { "uv": [ 11, 11, 12, 10 ], "texture": "#senegal" }
			}
		},
		{
			"__comment": "Box1",
			"from": [ 8.148399, 1.625, 5.15 ],
			"to": [ 9.148399, 2.125, 6.15 ],
			"faces": {
				"down": { "uv": [ 11, 9, 12, 10 ], "texture": "#senegal", "rotation": 270 },
				"up": { "uv": [ 11, 8, 12, 9 ], "texture": "#senegal", "rotation": 90 },
				"north": { "uv": [ 12, 11, 13, 12 ], "texture": "#senegal" },
				"south": { "uv": [ 13, 11, 14, 12 ], "texture": "#senegal" },
				"west": { "uv": [ 14, 11, 15, 12 ], "texture": "#senegal" },
				"east": { "uv": [ 15, 11, 16, 12 ], "texture": "#senegal" }
			}
		},
		{
			"__comment": "Box1",
			"from": [ 8.155, 0.5, 5.625 ],
			"to": [ 9.155, 1.5, 6.625 ],
			"faces": {
				"down": { "uv": [ 12, 10, 13, 11 ], "texture": "#senegal" },
				"up": { "uv": [ 12, 9, 13, 10 ], "texture": "#senegal" },
				"north": { "uv": [ 12, 8, 13, 9 ], "texture": "#senegal" },
				"south": { "uv": [ 13, 10, 14, 11 ], "texture": "#senegal" },
				"west": { "uv": [ 14, 10, 15, 11 ], "texture": "#senegal" },
				"east": { "uv": [ 15, 10, 14, 11 ], "texture": "#senegal" }
			}
		},
		{
			"__comment": "Box1",
			"from": [ 8.065, 1.25, 5.875 ],
			"to": [ 9.264999, 2.45, 6.475 ],
			"faces": {
				"down": { "uv": [ 13, 9, 14, 10 ], "texture": "#senegal" },
				"up": { "uv": [ 13, 8, 14, 9 ], "texture": "#senegal" },
				"north": { "uv": [ 14, 9, 15, 10 ], "texture": "#senegal" },
				"south": { "uv": [ 15, 9, 16, 10 ], "texture": "#senegal" },
				"west": { "uv": [ 14, 8, 15, 9 ], "texture": "#senegal" },
				"east": { "uv": [ 15, 8, 14, 9 ], "texture": "#senegal" }
			}
		}
	],
	"display": {
		"thirdperson_righthand": {
			"rotation":  [ 90, 0, 0 ],
			"translation":  [ 0, -0.694, 6.9565 ]
		},
		"thirdperson_lefthand": {
			"rotation":  [ 90, 0, 0 ],
			"translation":  [ 0, -0.694, 6.9565 ]
		},
		"firstperson_righthand": {
			"translation":  [ 0, 11.826, 0 ],
			"scale":  [ 1.5, 1.5, 1.5 ]
		},
		"firstperson_lefthand": {
			"translation":  [ 2.7826, 11.826, 0 ],
			"scale":  [ 1.5, 1.5, 1.5 ]
		},
		"gui": {
			"rotation":  [ 0, 130, 0 ],
			"translation":  [ 1.3913, 6.2608, 1.3913 ]
		},
		"head": {
			"translation":  [ -2.086, -11.11, 0.696 ],
			"scale":  [ 3.5, 3.5, 3.5 ]
		},
		"ground": {
			"translation":  [ 0, 5.5652, 0 ]
		},
		"fixed": {
			"rotation":  [ -90, 0, 0 ],
			"translation":  [ -2.086, -0.695, -22.94 ],
			"scale":  [ 2.5, 2.5, 2.5 ]
		}
	}
}