{
	"__comment": "Cubik Studio - https://cubik.studio",
	"textures": {
		"particle": "item/rawhide",
		"rawhide": "item/rawhide"
	},
	"elements": [ 	 
		{
			"__comment": "PlaneX1",
			"from": [ -2, 0, -2 ],
			"to": [ -1.999, 6.5, 4 ],
			"faces": {
				"west": { "uv": [ 0, 10, 6, 16 ], "texture": "#rawhide" },
				"east": { "uv": [ 6, 10, 0, 16 ], "texture": "#rawhide" }
			}
		}
	],
	"display": {
		"thirdperson_righthand": {
			"rotation":  [ 25, 8, 0 ],
			"translation":  [ 16.017, 2.0869, 9.7364 ],
			"scale":  [ 1.5, 1.5, 1.5 ]
		},
		"thirdperson_lefthand": {
			"rotation":  [ 34, 11, 0 ],
			"translation":  [ -13.2, -0.694, 14.606 ],
			"scale":  [ 1.5, 1.5, 1.5 ]
		},
		"firstperson_righthand": {
			"rotation":  [ 2, 24, -8 ],
			"translation":  [ 22.26, 6.2608, 0 ],
			"scale":  [ 1.5, 1.5, 1.5 ]
		},
		"firstperson_lefthand": {
			"rotation":  [ -6, 4, -3 ],
			"translation":  [ -9.739, 11.13, 6.2608 ],
			"scale":  [ 1.5, 1.5, 1.5 ]
		},
		"gui": {
			"rotation":  [ 0, 91, 0 ],
			"translation":  [ 10.434, 7.6521, 0 ],
			"scale":  [ 1.5, 1.5, 1.5 ]
		},
		"ground": {
			"rotation":  [ 0, 0, 90 ],
			"translation":  [ -7.652, 11.826, 13.217 ],
			"scale":  [ 1.5, 1.5, 1.5 ]
		},
		"fixed": {
			"rotation":  [ 0, -90, 0 ],
			"translation":  [ -13.91, 9.0434, 18.086 ],
			"scale":  [ 2, 2, 2 ]
		}
	}
}