{
	"__comment": "Cubik Studio - https://cubik.studio",
	"textures": {
		"snowowl": "item/snowowl"
	},
	"elements": [ 	 
		{
			"__comment": "Box1",
			"from": [ 8.3125, 6.3125, 12.3125 ],
			"to": [ 8.8125, 6.8125, 15.3125 ],
			"rotation": { "origin": [ 5.5625, 5.25, 5.5 ], "axis": "x", "angle": 45 },
			"faces": {
				"down": { "uv": [ 10, 9, 10.5, 10.5 ], "texture": "#snowowl", "rotation": 180 },
				"up": { "uv": [ 10, 9, 10.5, 10.5 ], "texture": "#snowowl" },
				"north": { "uv": [ 10, 9, 10.5, 10.5 ], "texture": "#snowowl", "rotation": 270 },
				"south": { "uv": [ 10, 9, 10.5, 10.5 ], "texture": "#snowowl", "rotation": 270 },
				"west": { "uv": [ 10, 9, 10.5, 10.5 ], "texture": "#snowowl", "rotation": 270 },
				"east": { "uv": [ 10, 9, 10.5, 10.5 ], "texture": "#snowowl", "rotation": 270 }
			}
		},
		{
			"__comment": "Box1",
			"from": [ 5.3125, 4.9792, 7.6042 ],
			"to": [ 8.3125, 7.4792, 12.6042 ],
			"rotation": { "origin": [ 5.6875, 5.5, 5 ], "axis": "x", "angle": 45 },
			"faces": {
				"down": { "uv": [ 2.5, 8.5, 4, 11 ], "texture": "#snowowl", "rotation": 90 },
				"up": { "uv": [ 4, 8.5, 2.5, 11 ], "texture": "#snowowl", "rotation": 90 },
				"north": { "uv": [ 14.5, 12.5, 16, 13.5 ], "texture": "#snowowl" },
				"south": { "uv": [ 14.5, 12.5, 16, 13.5 ], "texture": "#snowowl" },
				"west": { "uv": [ 2.5, 8.5, 4, 11 ], "texture": "#snowowl", "rotation": 180 },
				"east": { "uv": [ 2.5, 8.5, 4, 11 ], "texture": "#snowowl", "rotation": 180 }
			}
		},
		{
			"__comment": "PlaneY3",
			"from": [ 4.375, 6.5, 7.4375 ],
			"to": [ 9.375, 6.501, 17.4375 ],
			"rotation": { "origin": [ 25.4375, 5.125, 5.375 ], "axis": "x", "angle": 45 },
			"faces": {
				"down": { "uv": [ 2, 11, 7.5, 16 ], "texture": "#snowowl", "rotation": 90 },
				"up": { "uv": [ 7.5, 11, 2, 16 ], "texture": "#snowowl", "rotation": 90 }
			}
		},
		{
			"__comment": "Box5",
			"from": [ 5.3336, 3.5995, 5.8426 ],
			"to": [ 8.3336, 6.0995, 8.3426 ],
			"faces": {
				"down": { "uv": [ 13, 12.5, 14.5, 13.5 ], "texture": "#snowowl" },
				"up": { "uv": [ 14.5, 12.5, 16, 13.5 ], "texture": "#snowowl" },
				"north": { "uv": [ 10, 11.5, 11.5, 12.5 ], "texture": "#snowowl" },
				"south": { "uv": [ 14.5, 12.5, 16, 13.5 ], "texture": "#snowowl" },
				"west": { "uv": [ 9, 9, 10, 10 ], "texture": "#snowowl" },
				"east": { "uv": [ 10, 9, 9, 10 ], "texture": "#snowowl" }
			}
		},
		{
			"__comment": "PlaneY3",
			"from": [ 5.5, -0.1974, 6.8729 ],
			"to": [ 8, 1.8026, 6.8739 ],
			"rotation": { "origin": [ 5.6875, 5.125, 7.125 ], "axis": "x", "angle": -22.5 },
			"faces": {
				"north": { "uv": [ 9, 10, 10, 11 ], "texture": "#snowowl" },
				"south": { "uv": [ 9, 10, 10, 11 ], "texture": "#snowowl" }
			}
		},
		{
			"__comment": "PlaneY3",
			"from": [ 4.0624, 6.5625, 7.3125 ],
			"to": [ 9.0624, 6.5635, 17.3125 ],
			"rotation": { "origin": [ 5.5625, 5.25, 5.5 ], "axis": "x", "angle": 45 },
			"faces": {
				"down": { "uv": [ 2, 16, 7.5, 11 ], "texture": "#snowowl", "rotation": 90 },
				"up": { "uv": [ 2, 11, 7.5, 16 ], "texture": "#snowowl", "rotation": 270 }
			}
		},
		{
			"__comment": "Box12",
			"from": [ 7.25, -1.0625, 9.3125 ],
			"to": [ 7.8, 0.2874999, 9.8625 ],
			"faces": {
				"down": { "uv": [ 12, 10, 12.5, 10.5 ], "texture": "#snowowl" },
				"up": { "uv": [ 11, 8, 11.5, 8.5 ], "texture": "#snowowl" },
				"north": { "uv": [ 14, 12, 14.5, 12.5 ], "texture": "#snowowl" },
				"south": { "uv": [ 14.5, 12, 15, 12.5 ], "texture": "#snowowl" },
				"west": { "uv": [ 15, 12, 15.5, 12.5 ], "texture": "#snowowl" },
				"east": { "uv": [ 14.5, 11.5, 15, 12 ], "texture": "#snowowl" }
			}
		},
		{
			"__comment": "Box12",
			"from": [ 6.625, 4.0625, 5.5625 ],
			"to": [ 6.875, 4.5625, 5.8125 ],
			"rotation": { "origin": [ 7.5, 4.0625, 5.5625 ], "axis": "x", "angle": 22.5 },
			"faces": {
				"down": { "uv": [ 15, 11.5, 15.5, 12 ], "texture": "#snowowl" },
				"up": { "uv": [ 15.5, 11.5, 16, 12 ], "texture": "#snowowl" },
				"north": { "uv": [ 11.5, 8.5, 12, 9 ], "texture": "#snowowl" },
				"south": { "uv": [ 14, 11, 14.5, 11.5 ], "texture": "#snowowl" },
				"west": { "uv": [ 15.5, 11, 16, 11.5 ], "texture": "#snowowl" },
				"east": { "uv": [ 11.5, 9, 12, 9.5 ], "texture": "#snowowl" }
			}
		},
		{
			"__comment": "PlaneY14",
			"from": [ 6.625, -1.0335, 8.1193 ],
			"to": [ 8.375, -1.033, 10.6193 ],
			"faces": {
				"down": { "uv": [ 14.5, 7.5, 15.5, 6 ], "texture": "#snowowl" },
				"up": { "uv": [ 14.5, 6, 15.5, 7.5 ], "texture": "#snowowl" }
			}
		},
		{
			"__comment": "PlaneY14",
			"from": [ 4.8125, -1.0335, 8.1193 ],
			"to": [ 6.5625, -1.033, 10.6193 ],
			"faces": {
				"down": { "uv": [ 14.5, 7.5, 15.5, 6 ], "texture": "#snowowl" },
				"up": { "uv": [ 14.5, 6, 15.5, 7.5 ], "texture": "#snowowl" }
			}
		},
		{
			"__comment": "PlaneY3",
			"from": [ 6.181, 3.8725, 10.8768 ],
			"to": [ 9.681, 3.8735, 15.8768 ],
			"rotation": { "origin": [ 2.3125, 3.25, 3.375 ], "axis": "x", "angle": 22.5 },
			"faces": {
				"down": { "uv": [ 13, 16, 11.5, 13.5 ], "texture": "#snowowl" },
				"up": { "uv": [ 13, 13.5, 11.5, 16 ], "texture": "#snowowl" }
			}
		},
		{
			"__comment": "PlaneY3",
			"from": [ 5.5, 0.898, 6.3674 ],
			"to": [ 8, 2.898, 6.3684 ],
			"rotation": { "origin": [ 5.8125, 4.25, 5.875 ], "axis": "x", "angle": -22.5 },
			"faces": {
				"north": { "uv": [ 9, 10, 10, 11 ], "texture": "#snowowl" },
				"south": { "uv": [ 9, 10, 10, 11 ], "texture": "#snowowl" }
			}
		},
		{
			"__comment": "Box1",
			"from": [ 7.9375, 6.3125, 7.3125 ],
			"to": [ 8.9375, 6.8125, 12.3125 ],
			"rotation": { "origin": [ 5.5625, 5.25, 5.5 ], "axis": "x", "angle": 45 },
			"faces": {
				"down": { "uv": [ 4, 8.5, 4.5, 11 ], "texture": "#snowowl", "rotation": 180 },
				"up": { "uv": [ 4, 8.5, 4.5, 11 ], "texture": "#snowowl" },
				"north": { "uv": [ 4, 8.5, 4.5, 11 ], "texture": "#snowowl", "rotation": 270 },
				"south": { "uv": [ 4, 8.5, 4.5, 11 ], "texture": "#snowowl", "rotation": 270 },
				"west": { "uv": [ 4, 8.5, 4.5, 11 ], "texture": "#snowowl", "rotation": 270 },
				"east": { "uv": [ 4, 8.5, 4.5, 11 ], "texture": "#snowowl", "rotation": 270 }
			}
		},
		{
			"__comment": "Box1",
			"from": [ 4.625, 6.1875, 7.25 ],
			"to": [ 5.625, 6.6875, 12.25 ],
			"rotation": { "origin": [ 25.4375, 5.125, 5.375 ], "axis": "x", "angle": 45 },
			"faces": {
				"down": { "uv": [ 4, 8.5, 4.5, 11 ], "texture": "#snowowl" },
				"up": { "uv": [ 4, 8.5, 4.5, 11 ], "texture": "#snowowl" },
				"north": { "uv": [ 4, 8.5, 4.5, 11 ], "texture": "#snowowl", "rotation": 270 },
				"south": { "uv": [ 4, 8.5, 4.5, 11 ], "texture": "#snowowl", "rotation": 270 },
				"west": { "uv": [ 4, 8.5, 4.5, 11 ], "texture": "#snowowl", "rotation": 270 },
				"east": { "uv": [ 4, 8.5, 4.5, 11 ], "texture": "#snowowl", "rotation": 270 }
			}
		},
		{
			"__comment": "Box1",
			"from": [ 4.625, 6.1875, 12.25 ],
			"to": [ 5.125, 6.6875, 15.25 ],
			"rotation": { "origin": [ 25.4375, 5.125, 5.375 ], "axis": "x", "angle": 45 },
			"faces": {
				"down": { "uv": [ 10, 9, 10.5, 10.5 ], "texture": "#snowowl" },
				"up": { "uv": [ 10, 9, 10.5, 10.5 ], "texture": "#snowowl" },
				"north": { "uv": [ 10, 9, 10.5, 10.5 ], "texture": "#snowowl", "rotation": 270 },
				"south": { "uv": [ 10, 9, 10.5, 10.5 ], "texture": "#snowowl", "rotation": 270 },
				"west": { "uv": [ 10, 9, 10.5, 10.5 ], "texture": "#snowowl", "rotation": 270 },
				"east": { "uv": [ 10, 9, 10.5, 10.5 ], "texture": "#snowowl", "rotation": 270 }
			}
		},
		{
			"__comment": "PlaneY3",
			"from": [ 3.7594, 3.9375, 10.908 ],
			"to": [ 7.2594, 3.9385, 15.908 ],
			"rotation": { "origin": [ 2.3125, 3.25, 3.375 ], "axis": "x", "angle": 22.5 },
			"faces": {
				"down": { "uv": [ 11.5, 16, 13, 13.5 ], "texture": "#snowowl" },
				"up": { "uv": [ 11.5, 13.5, 13, 16 ], "texture": "#snowowl" }
			}
		},
		{
			"__comment": "PlaneY3",
			"from": [ 5.5, 0.0029, 6.9139 ],
			"to": [ 8, 2.0029, 6.9149 ],
			"rotation": { "origin": [ 5.5625, 4, 6.25 ], "axis": "x", "angle": -22.5 },
			"faces": {
				"north": { "uv": [ 9, 10, 10, 11 ], "texture": "#snowowl" },
				"south": { "uv": [ 9, 10, 10, 11 ], "texture": "#snowowl" }
			}
		},
		{
			"__comment": "Box12",
			"from": [ 6.15, 5.0125, 5.8125 ],
			"to": [ 7.5, 5.5625, 6.3625 ],
			"rotation": { "origin": [ 7.5, 6.9375, 5.8125 ], "axis": "z", "angle": 22.5 },
			"faces": {
				"down": { "uv": [ 12, 9.5, 12.5, 10 ], "texture": "#snowowl", "rotation": 90 },
				"up": { "uv": [ 12, 9, 12.5, 9.5 ], "texture": "#snowowl", "rotation": 270 },
				"north": { "uv": [ 12, 8.5, 12.5, 9 ], "texture": "#snowowl", "rotation": 270 },
				"south": { "uv": [ 12, 8, 12.5, 8.5 ], "texture": "#snowowl", "rotation": 90 },
				"west": { "uv": [ 12.5, 10.5, 13, 11 ], "texture": "#snowowl", "rotation": 90 },
				"east": { "uv": [ 12.5, 10, 13, 10.5 ], "texture": "#snowowl", "rotation": 270 }
			}
		},
		{
			"__comment": "Box12",
			"from": [ 5.325, -1.0625, 9.3125 ],
			"to": [ 5.875, 0.2874999, 9.8625 ],
			"faces": {
				"down": { "uv": [ 12.5, 9.5, 13, 10 ], "texture": "#snowowl" },
				"up": { "uv": [ 12.5, 9, 13, 9.5 ], "texture": "#snowowl" },
				"north": { "uv": [ 12.5, 8.5, 13, 9 ], "texture": "#snowowl" },
				"south": { "uv": [ 12.5, 8, 13, 8.5 ], "texture": "#snowowl" },
				"west": { "uv": [ 13, 10.5, 13.5, 11 ], "texture": "#snowowl" },
				"east": { "uv": [ 13.5, 10.5, 14, 11 ], "texture": "#snowowl" }
			}
		},
		{
			"__comment": "Box12",
			"from": [ 4.875, 5.3125, 5.8125 ],
			"to": [ 6.225, 5.8625, 6.3625 ],
			"rotation": { "origin": [ 4.875, 3.9375, 5.8125 ], "axis": "z", "angle": -22.5 },
			"faces": {
				"down": { "uv": [ 14, 10.5, 14.5, 11 ], "texture": "#snowowl", "rotation": 90 },
				"up": { "uv": [ 14.5, 10.5, 15, 11 ], "texture": "#snowowl", "rotation": 270 },
				"north": { "uv": [ 15, 10.5, 15.5, 11 ], "texture": "#snowowl", "rotation": 270 },
				"south": { "uv": [ 15.5, 10.5, 16, 11 ], "texture": "#snowowl", "rotation": 90 },
				"west": { "uv": [ 13, 10, 13.5, 10.5 ], "texture": "#snowowl", "rotation": 90 },
				"east": { "uv": [ 13, 9.5, 13.5, 10 ], "texture": "#snowowl", "rotation": 270 }
			}
		}
	],
	"display": {
		"thirdperson_righthand": {
			"rotation":  [ 72, -2, 0 ],
			"translation":  [ 0, 2.0869, 0 ],
			"scale":  [ 0.5, 0.5, 0.5 ]
		},
		"thirdperson_lefthand": {
			"rotation":  [ 72, -2, 0 ],
			"translation":  [ 0, 2.0869, 0 ],
			"scale":  [ 0.5, 0.5, 0.5 ]
		},
		"gui": {
			"rotation":  [ 90, 0, 0 ],
			"scale":  [ 0.3, 0.3, 0.3 ]
		},
		"head": {
			"translation":  [ 4.1738, -14.58, -5.564 ],
			"scale":  [ 3, 3, 3 ]
		},
		"ground": {
			"translation":  [ 0, 2.7826, 0 ],
			"scale":  [ 0.5, 0.5, 0.5 ]
		},
		"fixed": {
			"rotation":  [ -90, 0, 0 ],
			"translation":  [ 0.6956, 1.3913, -11.82 ]
		}
	}
}