{
	"__comment": "Cubik Studio - https://cubik.studio",
	"textures": {
		"snowowl": "item/snowowl"
	},
	"elements": [ 	 
		{
			"__comment": "Box1",
			"from": [ 12.653, 0.0178, 4.625 ],
			"to": [ 15.653, 0.5178001, 5.125 ],
			"rotation": { "origin": [ 12.653, 0.01779985, 4.625 ], "axis": "z", "angle": -22.5 },
			"faces": {
				"down": { "uv": [ 10, 9, 10.5, 10.5 ], "texture": "#snowowl", "rotation": 270 },
				"up": { "uv": [ 10, 9, 10.5, 10.5 ], "texture": "#snowowl", "rotation": 270 },
				"north": { "uv": [ 10, 9, 10.5, 10.5 ], "texture": "#snowowl", "rotation": 270 },
				"south": { "uv": [ 10, 9, 10.5, 10.5 ], "texture": "#snowowl", "rotation": 270 },
				"west": { "uv": [ 10, 9, 10.5, 10.5 ], "texture": "#snowowl", "rotation": 270 },
				"east": { "uv": [ 10, 9, 10.5, 10.5 ], "texture": "#snowowl", "rotation": 270 }
			}
		},
		{
			"__comment": "Box1",
			"from": [ 5.3125, 0.0077, 4.2269 ],
			"to": [ 8.3125, 2.5077, 9.2269 ],
			"faces": {
				"down": { "uv": [ 2.5, 8.5, 4, 11 ], "texture": "#snowowl", "rotation": 90 },
				"up": { "uv": [ 4, 8.5, 2.5, 11 ], "texture": "#snowowl", "rotation": 90 },
				"north": { "uv": [ 14.5, 12.5, 16, 13.5 ], "texture": "#snowowl" },
				"south": { "uv": [ 14.5, 12.5, 16, 13.5 ], "texture": "#snowowl" },
				"west": { "uv": [ 2.5, 8.5, 4, 11 ], "texture": "#snowowl", "rotation": 180 },
				"east": { "uv": [ 2.5, 8.5, 4, 11 ], "texture": "#snowowl", "rotation": 180 }
			}
		},
		{
			"__comment": "PlaneY3",
			"from": [ -4.153, 0.091, 4.375 ],
			"to": [ 5.847, 0.09200004, 9.375 ],
			"rotation": { "origin": [ 1.0345, -0.2214999, 4.625 ], "axis": "z", "angle": 22.5 },
			"faces": {
				"down": { "uv": [ 2, 11, 7.5, 16 ], "texture": "#snowowl" },
				"up": { "uv": [ 7.5, 11, 2, 16 ], "texture": "#snowowl", "rotation": 180 }
			}
		},
		{
			"__comment": "Box5",
			"from": [ 5.3336, 0.2245, 1.8426 ],
			"to": [ 8.3336, 2.7245, 4.3426 ],
			"faces": {
				"down": { "uv": [ 13, 12.5, 14.5, 13.5 ], "texture": "#snowowl" },
				"up": { "uv": [ 14.5, 12.5, 16, 13.5 ], "texture": "#snowowl" },
				"north": { "uv": [ 10, 11.5, 11.5, 12.5 ], "texture": "#snowowl" },
				"south": { "uv": [ 14.5, 12.5, 16, 13.5 ], "texture": "#snowowl" },
				"west": { "uv": [ 9, 9, 10, 10 ], "texture": "#snowowl" },
				"east": { "uv": [ 10, 9, 9, 10 ], "texture": "#snowowl" }
			}
		},
		{
			"__comment": "PlaneY3",
			"from": [ 5.5, -0.9677, 6.0812 ],
			"to": [ 8, -0.9667001, 8.0812 ],
			"rotation": { "origin": [ 7.25, -1.0625, 9.3125 ], "axis": "x", "angle": 22.5 },
			"faces": {
				"down": { "uv": [ 10, 11, 9, 10 ], "texture": "#snowowl" },
				"up": { "uv": [ 9, 10, 10, 11 ], "texture": "#snowowl" }
			}
		},
		{
			"__comment": "PlaneY3",
			"from": [ 7.653, 0.2678, 4.3751 ],
			"to": [ 17.653, 0.2687999, 9.375099 ],
			"rotation": { "origin": [ 12.653, 0.01779985, 4.625 ], "axis": "z", "angle": -22.5 },
			"faces": {
				"down": { "uv": [ 2, 16, 7.5, 11 ], "texture": "#snowowl", "rotation": 180 },
				"up": { "uv": [ 2, 11, 7.5, 16 ], "texture": "#snowowl", "rotation": 180 }
			}
		},
		{
			"__comment": "Box12",
			"from": [ 7.25, -1.0625, 6.9375 ],
			"to": [ 7.8, 0.2874999, 7.4875 ],
			"rotation": { "origin": [ 7.25, -1.0625, 6.9375 ], "axis": "x", "angle": -22.5 },
			"faces": {
				"down": { "uv": [ 12, 10, 12.5, 10.5 ], "texture": "#snowowl" },
				"up": { "uv": [ 11, 8, 11.5, 8.5 ], "texture": "#snowowl" },
				"north": { "uv": [ 14, 12, 14.5, 12.5 ], "texture": "#snowowl" },
				"south": { "uv": [ 14.5, 12, 15, 12.5 ], "texture": "#snowowl" },
				"west": { "uv": [ 15, 12, 15.5, 12.5 ], "texture": "#snowowl" },
				"east": { "uv": [ 14.5, 11.5, 15, 12 ], "texture": "#snowowl" }
			}
		},
		{
			"__comment": "Box12",
			"from": [ 6.625, -1.1376, -0.1133 ],
			"to": [ 6.875, -0.6375999, 0.1367 ],
			"rotation": { "origin": [ 7.25, -4.4375, 5.3125 ], "axis": "x", "angle": 22.5 },
			"faces": {
				"down": { "uv": [ 15, 11.5, 15.5, 12 ], "texture": "#snowowl" },
				"up": { "uv": [ 15.5, 11.5, 16, 12 ], "texture": "#snowowl" },
				"north": { "uv": [ 11.5, 8.5, 12, 9 ], "texture": "#snowowl" },
				"south": { "uv": [ 14, 11, 14.5, 11.5 ], "texture": "#snowowl" },
				"west": { "uv": [ 15.5, 11, 16, 11.5 ], "texture": "#snowowl" },
				"east": { "uv": [ 11.5, 9, 12, 9.5 ], "texture": "#snowowl" }
			}
		},
		{
			"__comment": "PlaneY14",
			"from": [ 6.625, -1.0335, 5.9943 ],
			"to": [ 8.375, -1.033, 8.4943 ],
			"rotation": { "origin": [ 7.25, -1.0625, 7.1875 ], "axis": "x", "angle": -45 },
			"faces": {
				"down": { "uv": [ 14.5, 7.5, 15.5, 6 ], "texture": "#snowowl" },
				"up": { "uv": [ 14.5, 6, 15.5, 7.5 ], "texture": "#snowowl" }
			}
		},
		{
			"__comment": "PlaneY14",
			"from": [ 4.8125, -1.0335, 5.9943 ],
			"to": [ 6.5625, -1.033, 8.4943 ],
			"rotation": { "origin": [ 7.25, -1.0625, 7.1875 ], "axis": "x", "angle": -45 },
			"faces": {
				"down": { "uv": [ 14.5, 7.5, 15.5, 6 ], "texture": "#snowowl" },
				"up": { "uv": [ 14.5, 6, 15.5, 7.5 ], "texture": "#snowowl" }
			}
		},
		{
			"__comment": "PlaneY3",
			"from": [ 5.931, 1.897, 8.9284 ],
			"to": [ 9.431, 1.898, 13.9284 ],
			"rotation": { "origin": [ 7, -0.4375001, 8.5625 ], "axis": "y", "angle": 22.5 },
			"faces": {
				"down": { "uv": [ 13, 16, 11.5, 13.5 ], "texture": "#snowowl" },
				"up": { "uv": [ 13, 13.5, 11.5, 16 ], "texture": "#snowowl" }
			}
		},
		{
			"__comment": "PlaneY3",
			"from": [ 5.5, -1.7129, 4.4409 ],
			"to": [ 8, -1.7119, 6.4409 ],
			"rotation": { "origin": [ 7.25, -1.0625, 9.3125 ], "axis": "x", "angle": 22.5 },
			"faces": {
				"down": { "uv": [ 10, 11, 9, 10 ], "texture": "#snowowl" },
				"up": { "uv": [ 9, 10, 10, 11 ], "texture": "#snowowl" }
			}
		},
		{
			"__comment": "Box1",
			"from": [ 7.653, 0.0178, 4.4999 ],
			"to": [ 12.653, 0.5178001, 5.4999 ],
			"rotation": { "origin": [ 12.653, 0.01779985, 4.625 ], "axis": "z", "angle": -22.5 },
			"faces": {
				"down": { "uv": [ 4, 8.5, 4.5, 11 ], "texture": "#snowowl", "rotation": 270 },
				"up": { "uv": [ 4, 8.5, 4.5, 11 ], "texture": "#snowowl", "rotation": 270 },
				"north": { "uv": [ 4, 8.5, 4.5, 11 ], "texture": "#snowowl", "rotation": 270 },
				"south": { "uv": [ 4, 8.5, 4.5, 11 ], "texture": "#snowowl", "rotation": 270 },
				"west": { "uv": [ 4, 8.5, 4.5, 11 ], "texture": "#snowowl", "rotation": 270 },
				"east": { "uv": [ 4, 8.5, 4.5, 11 ], "texture": "#snowowl", "rotation": 270 }
			}
		},
		{
			"__comment": "Box1",
			"from": [ 1.0345, -0.2215, 4.625 ],
			"to": [ 6.0345, 0.2785001, 5.625 ],
			"rotation": { "origin": [ 1.0345, -0.2214999, 4.625 ], "axis": "z", "angle": 22.5 },
			"faces": {
				"down": { "uv": [ 4, 8.5, 4.5, 11 ], "texture": "#snowowl", "rotation": 270 },
				"up": { "uv": [ 4, 8.5, 4.5, 11 ], "texture": "#snowowl", "rotation": 90 },
				"north": { "uv": [ 4, 8.5, 4.5, 11 ], "texture": "#snowowl", "rotation": 270 },
				"south": { "uv": [ 4, 8.5, 4.5, 11 ], "texture": "#snowowl", "rotation": 270 },
				"west": { "uv": [ 4, 8.5, 4.5, 11 ], "texture": "#snowowl", "rotation": 270 },
				"east": { "uv": [ 4, 8.5, 4.5, 11 ], "texture": "#snowowl", "rotation": 270 }
			}
		},
		{
			"__comment": "Box1",
			"from": [ -1.9655, -0.2215, 4.625 ],
			"to": [ 1.0345, 0.2785001, 5.125 ],
			"rotation": { "origin": [ 1.0345, -0.2214999, 4.625 ], "axis": "z", "angle": 22.5 },
			"faces": {
				"down": { "uv": [ 10, 9, 10.5, 10.5 ], "texture": "#snowowl", "rotation": 270 },
				"up": { "uv": [ 10, 9, 10.5, 10.5 ], "texture": "#snowowl", "rotation": 90 },
				"north": { "uv": [ 10, 9, 10.5, 10.5 ], "texture": "#snowowl", "rotation": 270 },
				"south": { "uv": [ 10, 9, 10.5, 10.5 ], "texture": "#snowowl", "rotation": 270 },
				"west": { "uv": [ 10, 9, 10.5, 10.5 ], "texture": "#snowowl", "rotation": 270 },
				"east": { "uv": [ 10, 9, 10.5, 10.5 ], "texture": "#snowowl", "rotation": 270 }
			}
		},
		{
			"__comment": "PlaneY3",
			"from": [ 4.2594, 1.962, 9.334599 ],
			"to": [ 7.7594, 1.963, 14.3346 ],
			"rotation": { "origin": [ 7.75, -0.4375, 8.9375 ], "axis": "y", "angle": -22.5 },
			"faces": {
				"down": { "uv": [ 11.5, 16, 13, 13.5 ], "texture": "#snowowl" },
				"up": { "uv": [ 11.5, 13.5, 13, 16 ], "texture": "#snowowl" }
			}
		},
		{
			"__comment": "PlaneY3",
			"from": [ 5.5, -1.2906, 5.4605 ],
			"to": [ 8, -1.2896, 7.4605 ],
			"rotation": { "origin": [ 7.25, -1.0625, 9.3125 ], "axis": "x", "angle": 22.5 },
			"faces": {
				"down": { "uv": [ 10, 11, 9, 10 ], "texture": "#snowowl" },
				"up": { "uv": [ 9, 10, 10, 11 ], "texture": "#snowowl" }
			}
		},
		{
			"__comment": "Box12",
			"from": [ 9.1924, 0.9329, 1.8125 ],
			"to": [ 10.5424, 1.4829, 2.3625 ],
			"rotation": { "origin": [ 7.25, -4.4375, 5.3125 ], "axis": "z", "angle": 22.5 },
			"faces": {
				"down": { "uv": [ 12, 9.5, 12.5, 10 ], "texture": "#snowowl", "rotation": 90 },
				"up": { "uv": [ 12, 9, 12.5, 9.5 ], "texture": "#snowowl", "rotation": 270 },
				"north": { "uv": [ 12, 8.5, 12.5, 9 ], "texture": "#snowowl", "rotation": 270 },
				"south": { "uv": [ 12, 8, 12.5, 8.5 ], "texture": "#snowowl", "rotation": 90 },
				"west": { "uv": [ 12.5, 10.5, 13, 11 ], "texture": "#snowowl", "rotation": 90 },
				"east": { "uv": [ 12.5, 10, 13, 10.5 ], "texture": "#snowowl", "rotation": 270 }
			}
		},
		{
			"__comment": "Box12",
			"from": [ 5.325, -1.0625, 6.9375 ],
			"to": [ 5.875, 0.2874999, 7.4875 ],
			"rotation": { "origin": [ 7.25, -1.0625, 6.9375 ], "axis": "x", "angle": -22.5 },
			"faces": {
				"down": { "uv": [ 12.5, 9.5, 13, 10 ], "texture": "#snowowl" },
				"up": { "uv": [ 12.5, 9, 13, 9.5 ], "texture": "#snowowl" },
				"north": { "uv": [ 12.5, 8.5, 13, 9 ], "texture": "#snowowl" },
				"south": { "uv": [ 12.5, 8, 13, 8.5 ], "texture": "#snowowl" },
				"west": { "uv": [ 13, 10.5, 13.5, 11 ], "texture": "#snowowl" },
				"east": { "uv": [ 13.5, 10.5, 14, 11 ], "texture": "#snowowl" }
			}
		},
		{
			"__comment": "Box12",
			"from": [ 3.1424, 0.648, 1.8125 ],
			"to": [ 4.4924, 1.198, 2.3625 ],
			"rotation": { "origin": [ 7.25, -4.4375, 5.3125 ], "axis": "z", "angle": -22.5 },
			"faces": {
				"down": { "uv": [ 14, 10.5, 14.5, 11 ], "texture": "#snowowl", "rotation": 90 },
				"up": { "uv": [ 14.5, 10.5, 15, 11 ], "texture": "#snowowl", "rotation": 270 },
				"north": { "uv": [ 15, 10.5, 15.5, 11 ], "texture": "#snowowl", "rotation": 270 },
				"south": { "uv": [ 15.5, 10.5, 16, 11 ], "texture": "#snowowl", "rotation": 90 },
				"west": { "uv": [ 13, 10, 13.5, 10.5 ], "texture": "#snowowl", "rotation": 90 },
				"east": { "uv": [ 13, 9.5, 13.5, 10 ], "texture": "#snowowl", "rotation": 270 }
			}
		}
	],
	"display": {
		"thirdperson_righthand": {
			"rotation":  [ 72, -2, 0 ],
			"translation":  [ 0, 2.0869, 0 ],
			"scale":  [ 0.5, 0.5, 0.5 ]
		},
		"thirdperson_lefthand": {
			"rotation":  [ 72, -2, 0 ],
			"translation":  [ 0, 2.0869, 0 ],
			"scale":  [ 0.5, 0.5, 0.5 ]
		},
		"gui": {
			"rotation":  [ 90, 0, 0 ],
			"scale":  [ 0.3, 0.3, 0.3 ]
		},
		"head": {
			"translation":  [ 3.4782, 6.29, 2.0881 ],
			"scale":  [ 3, 3, 3 ]
		},
		"ground": {
			"translation":  [ 0, 2.7826, 0 ],
			"scale":  [ 0.5, 0.5, 0.5 ]
		},
		"fixed": {
			"rotation":  [ -90, 0, 0 ],
			"translation":  [ 0.6956, 1.3913, -11.82 ]
		}
	}
}