{
	"__comment": "Cubik Studio - https://cubik.studio",
	"textures": {
		"sparrow": "item/sparrow"
	},
	"elements": [ 	 
		{
			"__comment": "Box1",
			"from": [ 8, 0, 6 ],
			"to": [ 9.5, 1.5, 8 ],
			"faces": {
				"down": { "uv": [ 5, 12, 6, 14 ], "texture": "#sparrow" },
				"up": { "uv": [ 5, 14, 6, 16 ], "texture": "#sparrow" },
				"north": { "uv": [ 9, 11, 10, 12 ], "texture": "#sparrow" },
				"south": { "uv": [ 10, 9, 11, 10 ], "texture": "#sparrow" },
				"west": { "uv": [ 6, 15, 8, 16 ], "texture": "#sparrow" },
				"east": { "uv": [ 8, 15, 6, 16 ], "texture": "#sparrow" }
			}
		},
		{
			"__comment": "PlaneY4",
			"from": [ 8.5, 1.01, 7.625 ],
			"to": [ 10.5, 1.011, 9.625 ],
			"rotation": { "origin": [ 8.5, 1.01, 7.625 ], "axis": "y", "angle": -22.5 },
			"faces": {
				"down": { "uv": [ 5, 14, 3, 12 ], "texture": "#sparrow" },
				"up": { "uv": [ 5, 12, 3, 14 ], "texture": "#sparrow" }
			}
		},
		{
			"__comment": "PlaneY4",
			"from": [ 7.625, 1.124, 6.25 ],
			"to": [ 9.625, 1.125, 9.75 ],
			"faces": {
				"down": { "uv": [ 0, 14, 3, 12 ], "texture": "#sparrow", "rotation": 90 },
				"up": { "uv": [ 0, 12, 3, 14 ], "texture": "#sparrow", "rotation": 270 }
			}
		},
		{
			"__comment": "Box1",
			"from": [ 8.125, 1.25, 5.125 ],
			"to": [ 9.325, 2.45, 6.325 ],
			"faces": {
				"down": { "uv": [ 10, 8, 11, 9 ], "texture": "#sparrow" },
				"up": { "uv": [ 11, 12, 12, 13 ], "texture": "#sparrow" },
				"north": { "uv": [ 5, 8, 6, 9 ], "texture": "#sparrow" },
				"south": { "uv": [ 6, 11.5, 7, 12.5 ], "texture": "#sparrow" },
				"west": { "uv": [ 7, 11.5, 8, 12.5 ], "texture": "#sparrow" },
				"east": { "uv": [ 8, 11.5, 7, 12.5 ], "texture": "#sparrow" }
			}
		},
		{
			"__comment": "Box1",
			"from": [ 9.6092, 0.988, 7.169 ],
			"to": [ 9.87492, 1.24, 8.5 ],
			"faces": {
				"down": { "uv": [ 10, 15, 11, 16 ], "texture": "#sparrow", "rotation": 90 },
				"up": { "uv": [ 10, 15, 11, 16 ], "texture": "#sparrow", "rotation": 270 },
				"north": { "uv": [ 10, 15, 11, 16 ], "texture": "#sparrow", "rotation": 180 },
				"south": { "uv": [ 10, 15, 11, 16 ], "texture": "#sparrow", "rotation": 180 },
				"west": { "uv": [ 10, 15, 11, 16 ], "texture": "#sparrow", "rotation": 180 },
				"east": { "uv": [ 10, 15, 11, 16 ], "texture": "#sparrow", "rotation": 180 }
			}
		},
		{
			"__comment": "Box1",
			"from": [ 9.469999, 0.97, 6.25 ],
			"to": [ 9.874999, 1.25, 7.25 ],
			"faces": {
				"down": { "uv": [ 10, 15, 11, 16 ], "texture": "#sparrow", "rotation": 90 },
				"up": { "uv": [ 10, 15, 11, 16 ], "texture": "#sparrow", "rotation": 270 },
				"north": { "uv": [ 10, 15, 11, 16 ], "texture": "#sparrow", "rotation": 180 },
				"south": { "uv": [ 10, 15, 11, 16 ], "texture": "#sparrow", "rotation": 180 },
				"west": { "uv": [ 10, 15, 11, 16 ], "texture": "#sparrow", "rotation": 180 },
				"east": { "uv": [ 10, 15, 11, 16 ], "texture": "#sparrow", "rotation": 180 }
			}
		},
		{
			"__comment": "PlaneY4",
			"from": [ 6.875, 1, 8.375 ],
			"to": [ 8.875, 1.001, 10.375 ],
			"rotation": { "origin": [ 6.875, 1, 8.375 ], "axis": "y", "angle": 22.5 },
			"faces": {
				"down": { "uv": [ 3, 14, 5, 12 ], "texture": "#sparrow" },
				"up": { "uv": [ 3, 12, 5, 14 ], "texture": "#sparrow" }
			}
		},
		{
			"__comment": "PlaneY4",
			"from": [ 7.875, 1.125, 6.375 ],
			"to": [ 9.875, 1.126, 9.875 ],
			"faces": {
				"down": { "uv": [ 3, 14, 0, 12 ], "texture": "#sparrow", "rotation": 270 },
				"up": { "uv": [ 3, 12, 0, 14 ], "texture": "#sparrow", "rotation": 90 }
			}
		},
		{
			"__comment": "Box1",
			"from": [ 9.0834, -0.625, 6.845 ],
			"to": [ 9.375, 0.2018749, 7.125 ],
			"faces": {
				"down": { "uv": [ 10, 11, 11, 12 ], "texture": "#sparrow", "rotation": 270 },
				"up": { "uv": [ 10, 11, 11, 12 ], "texture": "#sparrow", "rotation": 270 },
				"north": { "uv": [ 10, 11, 11, 12 ], "texture": "#sparrow", "rotation": 270 },
				"south": { "uv": [ 10, 11, 11, 12 ], "texture": "#sparrow", "rotation": 270 },
				"west": { "uv": [ 10, 11, 11, 12 ], "texture": "#sparrow", "rotation": 270 },
				"east": { "uv": [ 10, 11, 11, 12 ], "texture": "#sparrow", "rotation": 270 }
			}
		},
		{
			"__comment": "Box1",
			"from": [ 7.625, 1.01, 7.419 ],
			"to": [ 7.89072, 1.262, 8.75 ],
			"faces": {
				"down": { "uv": [ 10, 15, 11, 16 ], "texture": "#sparrow", "rotation": 270 },
				"up": { "uv": [ 10, 15, 11, 16 ], "texture": "#sparrow", "rotation": 90 },
				"north": { "uv": [ 10, 15, 11, 16 ], "texture": "#sparrow", "rotation": 180 },
				"south": { "uv": [ 10, 15, 11, 16 ], "texture": "#sparrow", "rotation": 180 },
				"west": { "uv": [ 10, 15, 11, 16 ], "texture": "#sparrow", "rotation": 180 },
				"east": { "uv": [ 10, 15, 11, 16 ], "texture": "#sparrow", "rotation": 180 }
			}
		},
		{
			"__comment": "Box1",
			"from": [ 7.625, 1, 6.5 ],
			"to": [ 8.03, 1.28, 7.5 ],
			"faces": {
				"down": { "uv": [ 10, 15, 11, 16 ], "texture": "#sparrow", "rotation": 270 },
				"up": { "uv": [ 10, 15, 11, 16 ], "texture": "#sparrow", "rotation": 90 },
				"north": { "uv": [ 10, 15, 11, 16 ], "texture": "#sparrow", "rotation": 180 },
				"south": { "uv": [ 10, 15, 11, 16 ], "texture": "#sparrow", "rotation": 180 },
				"west": { "uv": [ 10, 15, 11, 16 ], "texture": "#sparrow", "rotation": 180 },
				"east": { "uv": [ 10, 15, 11, 16 ], "texture": "#sparrow", "rotation": 180 }
			}
		},
		{
			"__comment": "Box1",
			"from": [ 8.5834, 1.625, 4.625 ],
			"to": [ 8.875, 1.905, 5.17625 ],
			"faces": {
				"down": { "uv": [ 9, 10, 10, 11 ], "texture": "#sparrow", "rotation": 270 },
				"up": { "uv": [ 9, 9, 10, 10 ], "texture": "#sparrow", "rotation": 90 },
				"north": { "uv": [ 9, 8, 10, 9 ], "texture": "#sparrow" },
				"south": { "uv": [ 10, 13, 11, 14 ], "texture": "#sparrow" },
				"west": { "uv": [ 11, 13, 12, 14 ], "texture": "#sparrow" },
				"east": { "uv": [ 12, 13, 13, 14 ], "texture": "#sparrow" }
			}
		},
		{
			"__comment": "Box1",
			"from": [ 8.0834, -0.625, 6.845 ],
			"to": [ 8.375, 0.2018749, 7.125 ],
			"faces": {
				"down": { "uv": [ 13, 13, 14, 14 ], "texture": "#sparrow" },
				"up": { "uv": [ 10, 11, 11, 12 ], "texture": "#sparrow", "rotation": 270 },
				"north": { "uv": [ 15, 13, 16, 14 ], "texture": "#sparrow", "rotation": 90 },
				"south": { "uv": [ 10, 12, 11, 13 ], "texture": "#sparrow", "rotation": 270 },
				"west": { "uv": [ 10, 11, 11, 12 ], "texture": "#sparrow", "rotation": 270 },
				"east": { "uv": [ 10, 10, 11, 11 ], "texture": "#sparrow", "rotation": 90 }
			}
		},
		{
			"__comment": "PlaneY15",
			"from": [ 8.75, -0.625, 6.125 ],
			"to": [ 9.75, -0.624, 7.625 ],
			"faces": {
				"down": { "uv": [ 6, 12, 5, 10.5 ], "texture": "#sparrow" },
				"up": { "uv": [ 6, 10.5, 5, 12 ], "texture": "#sparrow" }
			}
		},
		{
			"__comment": "PlaneY15",
			"from": [ 7.75, -0.625, 6.125 ],
			"to": [ 8.75, -0.624, 7.625 ],
			"faces": {
				"down": { "uv": [ 5, 12, 6, 10.5 ], "texture": "#sparrow" },
				"up": { "uv": [ 5, 10.5, 6, 12 ], "texture": "#sparrow" }
			}
		}
	],
	"display": {
		"thirdperson_righthand": {
			"rotation":  [ 90, 0, 0 ],
			"translation":  [ 0, -0.694, 6.9565 ]
		},
		"thirdperson_lefthand": {
			"rotation":  [ 90, 0, 0 ],
			"translation":  [ 0, -0.694, 6.9565 ]
		},
		"firstperson_righthand": {
			"translation":  [ 0, 11.826, 0 ],
			"scale":  [ 1.5, 1.5, 1.5 ]
		},
		"firstperson_lefthand": {
			"translation":  [ 2.7826, 11.826, 0 ],
			"scale":  [ 1.5, 1.5, 1.5 ]
		},
		"gui": {
			"rotation":  [ 0, 130, 0 ],
			"translation":  [ 1.3913, 6.2608, 1.3913 ]
		},
		"head": {
			"translation":  [ -2.086, -20.16, 0.696 ],
			"scale":  [ 2.7, 2.7, 2.7 ]
		},
		"ground": {
			"translation":  [ 0, 5.5652, 0 ]
		},
		"fixed": {
			"rotation":  [ -90, 0, 0 ],
			"translation":  [ -2.086, -0.695, -20.86 ],
			"scale":  [ 2.5, 2.5, 2.5 ]
		}
	}
}