{
	"__comment": "Cubik Studio - https://cubik.studio",
	"textures": {
		"squirrel": "item/squirrel"
	},
	"elements": [ 	 
		{
			"__comment": "Box1",
			"from": [ 5, 11.3687, 7.134 ],
			"to": [ 11.5, 15.8687, 13.134 ],
			"faces": {
				"down": { "uv": [ 3, 13, 1.5, 11.5 ], "texture": "#squirrel" },
				"up": { "uv": [ 1.5, 10, 3, 11.5 ], "texture": "#squirrel" },
				"north": { "uv": [ 1.5, 14.25, 0, 12.5 ], "texture": "#squirrel" },
				"south": { "uv": [ 1.5, 14.5, 3.25, 16 ], "texture": "#squirrel", "rotation": 270 },
				"west": { "uv": [ 1.5, 14.5, 3.25, 16 ], "texture": "#squirrel", "rotation": 180 },
				"east": { "uv": [ 1.5, 13, 3.25, 14.5 ], "texture": "#squirrel", "rotation": 180 }
			}
		},
		{
			"__comment": "PlaneX2",
			"from": [ 9.2883, 15, -0.9679 ],
			"to": [ 9.2893, 20.04, 2.2721 ],
			"rotation": { "origin": [ 6.41, 10.95, -2.355 ], "axis": "y", "angle": 22.5 },
			"faces": {
				"west": { "uv": [ 6.25, 12.75, 5.5, 14 ], "texture": "#squirrel" },
				"east": { "uv": [ 7, 14, 6.25, 15.25 ], "texture": "#squirrel" }
			}
		},
		{
			"__comment": "PlaneX2",
			"from": [ 6.7422, 15, -2.2978 ],
			"to": [ 6.7432, 20.04, 0.9422004 ],
			"rotation": { "origin": [ 6.41, 10.95, -2.355 ], "axis": "y", "angle": -22.5 },
			"faces": {
				"west": { "uv": [ 6.25, 14, 7, 15.25 ], "texture": "#squirrel" },
				"east": { "uv": [ 5.5, 12.75, 6.25, 14 ], "texture": "#squirrel" }
			}
		},
		{
			"__comment": "Box1",
			"from": [ 6.41, 13.575, -5.23 ],
			"to": [ 10.01, 16.455, -0.1900001 ],
			"faces": {
				"down": { "uv": [ 5.5, 11.5, 6.25, 12.75 ], "texture": "#squirrel" },
				"up": { "uv": [ 5.5, 11.5, 6.25, 12.75 ], "texture": "#squirrel" },
				"north": { "uv": [ 15.25, 15.5, 16, 16 ], "texture": "#squirrel" },
				"south": { "uv": [ 7.75, 12.25, 8.5, 12.75 ], "texture": "#squirrel" },
				"west": { "uv": [ 8.75, 15.5, 10, 16 ], "texture": "#squirrel" },
				"east": { "uv": [ 10, 15.5, 8.75, 16 ], "texture": "#squirrel" }
			}
		},
		{
			"__comment": "Box1",
			"from": [ 9.6528, 10.3099, -4.9923 ],
			"to": [ 11.1528, 11.3099, -3.4923 ],
			"faces": {
				"down": { "uv": [ 4.5, 8.25, 4.25, 8 ], "texture": "#squirrel" },
				"up": { "uv": [ 5.5, 8, 5.75, 8.25 ], "texture": "#squirrel" },
				"north": { "uv": [ 3.5, 8.25, 3.25, 8 ], "texture": "#squirrel", "rotation": 270 },
				"south": { "uv": [ 4, 8.25, 3.75, 8 ], "texture": "#squirrel", "rotation": 90 },
				"west": { "uv": [ 2.5, 8.25, 2.25, 8 ], "texture": "#squirrel", "rotation": 90 },
				"east": { "uv": [ 2, 8, 2.25, 8.25 ], "texture": "#squirrel", "rotation": 270 }
			}
		},
		{
			"__comment": "Box1",
			"from": [ 5.75, 12.125, -1.25 ],
			"to": [ 10.25, 15.625, 3.25 ],
			"faces": {
				"down": { "uv": [ 3.25, 8.25, 4.25, 9.75 ], "texture": "#squirrel" },
				"up": { "uv": [ 4.5, 14.5, 5.5, 16 ], "texture": "#squirrel" },
				"north": { "uv": [ 5.5, 8.25, 6.5, 9 ], "texture": "#squirrel" },
				"south": { "uv": [ 7.75, 15.25, 8.75, 16 ], "texture": "#squirrel" },
				"west": { "uv": [ 0, 8.25, 1.5, 9 ], "texture": "#squirrel", "rotation": 90 },
				"east": { "uv": [ 5.5, 15.25, 7, 16 ], "texture": "#squirrel", "rotation": 270 }
			}
		},
		{
			"__comment": "Box1",
			"from": [ 5.25, 11.5897, 3.023 ],
			"to": [ 10.75, 15.5897, 8.523 ],
			"faces": {
				"down": { "uv": [ 2.75, 10, 1.5, 8.25 ], "texture": "#squirrel" },
				"up": { "uv": [ 3.25, 14.25, 4.5, 16 ], "texture": "#squirrel" },
				"north": { "uv": [ 4.5, 12.75, 3.25, 11.25 ], "texture": "#squirrel" },
				"south": { "uv": [ 3.25, 12.75, 4.5, 14.25 ], "texture": "#squirrel" },
				"west": { "uv": [ 0, 10.75, 1.5, 12.5 ], "texture": "#squirrel", "rotation": 90 },
				"east": { "uv": [ 0, 9, 1.5, 10.75 ], "texture": "#squirrel", "rotation": 270 }
			}
		},
		{
			"__comment": "Box1",
			"from": [ 10.875, 10.9373, 16.3198 ],
			"to": [ 12.375, 12.4373, 19.8198 ],
			"faces": {
				"down": { "uv": [ 3, 10.5, 3.25, 11.5 ], "texture": "#squirrel" },
				"up": { "uv": [ 3, 12, 3.25, 13 ], "texture": "#squirrel" },
				"north": { "uv": [ 3.25, 12, 3, 11.5 ], "texture": "#squirrel" },
				"south": { "uv": [ 4.5, 8.75, 4.25, 8.25 ], "texture": "#squirrel" },
				"west": { "uv": [ 7.75, 14.25, 8.75, 14.75 ], "texture": "#squirrel", "rotation": 90 },
				"east": { "uv": [ 7.75, 13.75, 8.75, 14.25 ], "texture": "#squirrel", "rotation": 270 }
			}
		},
		{
			"__comment": "Box1",
			"from": [ 10, 11.0676, -3.1117 ],
			"to": [ 11.5, 14.5676, -1.6117 ],
			"rotation": { "origin": [ 4.25, 10, -2.25 ], "axis": "x", "angle": 45 },
			"faces": {
				"down": { "uv": [ 9, 15.25, 9.25, 15.5 ], "texture": "#squirrel" },
				"up": { "uv": [ 10.5, 15.25, 10.75, 15.5 ], "texture": "#squirrel" },
				"north": { "uv": [ 8.5, 11.5, 8.75, 12.25 ], "texture": "#squirrel" },
				"south": { "uv": [ 8.25, 11.5, 8.5, 12.25 ], "texture": "#squirrel" },
				"west": { "uv": [ 8, 11.5, 8.25, 12.25 ], "texture": "#squirrel", "rotation": 180 },
				"east": { "uv": [ 7.75, 11.5, 8, 12.25 ], "texture": "#squirrel", "rotation": 180 }
			}
		},
		{
			"__comment": "Box1",
			"from": [ 10.0417, 10.3866, -3.6574 ],
			"to": [ 11.0417, 11.3866, -1.1574 ],
			"faces": {
				"down": { "uv": [ 3, 10, 3.25, 10.5 ], "texture": "#squirrel" },
				"up": { "uv": [ 4.25, 9.75, 4.5, 10.25 ], "texture": "#squirrel" },
				"north": { "uv": [ 10, 15.25, 10.25, 15.5 ], "texture": "#squirrel" },
				"south": { "uv": [ 2.5, 8, 2.75, 8.25 ], "texture": "#squirrel" },
				"west": { "uv": [ 1, 8, 1.5, 8.25 ], "texture": "#squirrel", "rotation": 270 },
				"east": { "uv": [ 1.5, 8, 2, 8.25 ], "texture": "#squirrel", "rotation": 90 }
			}
		},
		{
			"__comment": "Box1",
			"from": [ 4.5, 11.0676, -3.1117 ],
			"to": [ 6, 14.5676, -1.6117 ],
			"rotation": { "origin": [ 4.25, 10, -2.25 ], "axis": "x", "angle": 45 },
			"faces": {
				"down": { "uv": [ 4, 8, 4.25, 8.25 ], "texture": "#squirrel" },
				"up": { "uv": [ 3.5, 8, 3.75, 8.25 ], "texture": "#squirrel" },
				"north": { "uv": [ 8.25, 10.75, 8.5, 11.5 ], "texture": "#squirrel" },
				"south": { "uv": [ 7.75, 10.75, 8, 11.5 ], "texture": "#squirrel" },
				"west": { "uv": [ 8, 10.75, 8.25, 11.5 ], "texture": "#squirrel", "rotation": 180 },
				"east": { "uv": [ 8.5, 10.75, 8.75, 11.5 ], "texture": "#squirrel", "rotation": 180 }
			}
		},
		{
			"__comment": "Box1",
			"from": [ 5.0417, 10.3866, -3.6574 ],
			"to": [ 6.0417, 11.3866, -1.1574 ],
			"faces": {
				"down": { "uv": [ 8, 10.25, 8.25, 10.75 ], "texture": "#squirrel" },
				"up": { "uv": [ 8.25, 10.25, 8.5, 10.75 ], "texture": "#squirrel" },
				"north": { "uv": [ 5.75, 8, 6, 8.25 ], "texture": "#squirrel" },
				"south": { "uv": [ 6, 8, 6.25, 8.25 ], "texture": "#squirrel" },
				"west": { "uv": [ 0, 8, 0.5, 8.25 ], "texture": "#squirrel", "rotation": 270 },
				"east": { "uv": [ 0.5, 8, 1, 8.25 ], "texture": "#squirrel", "rotation": 90 }
			}
		},
		{
			"__comment": "Box1",
			"from": [ 4.7222, 10.1434, -4.7299 ],
			"to": [ 6.2222, 11.1434, -3.2299 ],
			"faces": {
				"down": { "uv": [ 10.25, 15.25, 10.5, 15.5 ], "texture": "#squirrel", "rotation": 180 },
				"up": { "uv": [ 9.75, 15.5, 9.5, 15.25 ], "texture": "#squirrel", "rotation": 180 },
				"north": { "uv": [ 9.25, 15.25, 9.5, 15.5 ], "texture": "#squirrel", "rotation": 270 },
				"south": { "uv": [ 9.75, 15.25, 10, 15.5 ], "texture": "#squirrel", "rotation": 90 },
				"west": { "uv": [ 6.25, 8, 6.5, 8.25 ], "texture": "#squirrel", "rotation": 90 },
				"east": { "uv": [ 9, 15.5, 8.75, 15.25 ], "texture": "#squirrel", "rotation": 270 }
			}
		},
		{
			"__comment": "Box1",
			"from": [ 6.0417, 10.8187, 25.3473 ],
			"to": [ 10.0417, 15.3187, 31.3473 ],
			"rotation": { "origin": [ 6.125, 9.625, 16.5 ], "axis": "x", "angle": -22.5 },
			"faces": {
				"down": { "uv": [ 4.5, 11.5, 5.5, 13 ], "texture": "#squirrel" },
				"up": { "uv": [ 5.5, 11.5, 4.5, 10 ], "texture": "#squirrel" },
				"north": { "uv": [ 5.5, 9, 4.5, 8 ], "texture": "#squirrel" },
				"south": { "uv": [ 4.5, 9, 5.5, 10 ], "texture": "#squirrel" },
				"west": { "uv": [ 4.5, 13, 5.5, 14.5 ], "texture": "#squirrel", "rotation": 270 },
				"east": { "uv": [ 3.25, 9.75, 4.25, 11.25 ], "texture": "#squirrel", "rotation": 90 }
			}
		},
		{
			"__comment": "Box1",
			"from": [ 3.75, 10.9373, 16.3198 ],
			"to": [ 5.25, 12.4373, 19.8198 ],
			"faces": {
				"down": { "uv": [ 4.25, 10.25, 4.5, 11.25 ], "texture": "#squirrel" },
				"up": { "uv": [ 4.25, 8.75, 4.5, 9.75 ], "texture": "#squirrel" },
				"north": { "uv": [ 8, 10.75, 7.75, 10.25 ], "texture": "#squirrel" },
				"south": { "uv": [ 8.75, 12.75, 8.5, 12.25 ], "texture": "#squirrel" },
				"west": { "uv": [ 7.75, 14.75, 8.75, 15.25 ], "texture": "#squirrel", "rotation": 90 },
				"east": { "uv": [ 14.25, 15.5, 15.25, 16 ], "texture": "#squirrel", "rotation": 270 }
			}
		},
		{
			"__comment": "Box1",
			"from": [ 6.7917, 13.487, 11.8829 ],
			"to": [ 9.2917, 15.987, 16.3829 ],
			"faces": {
				"down": { "uv": [ 2.75, 8, 3.25, 9 ], "texture": "#squirrel" },
				"up": { "uv": [ 2.75, 9, 3.25, 10 ], "texture": "#squirrel" },
				"north": { "uv": [ 6.5, 8, 7, 8.5 ], "texture": "#squirrel" },
				"south": { "uv": [ 6.5, 8.5, 7, 9 ], "texture": "#squirrel" },
				"west": { "uv": [ 7.75, 12.75, 8.75, 13.25 ], "texture": "#squirrel", "rotation": 270 },
				"east": { "uv": [ 7.75, 13.25, 8.75, 13.75 ], "texture": "#squirrel", "rotation": 90 }
			}
		},
		{
			"__comment": "Box1",
			"from": [ 6.625, 13.2656, 16.3009 ],
			"to": [ 9.625, 16.2656, 21.3009 ],
			"faces": {
				"down": { "uv": [ 6.25, 9, 7, 10.25 ], "texture": "#squirrel" },
				"up": { "uv": [ 7.75, 16, 7, 14.75 ], "texture": "#squirrel" },
				"north": { "uv": [ 12.75, 16, 12, 15.25 ], "texture": "#squirrel" },
				"south": { "uv": [ 12.75, 15.25, 13.5, 16 ], "texture": "#squirrel" },
				"west": { "uv": [ 5.5, 9, 6.25, 10.25 ], "texture": "#squirrel", "rotation": 270 },
				"east": { "uv": [ 6.25, 10.25, 7, 11.5 ], "texture": "#squirrel", "rotation": 90 }
			}
		},
		{
			"__comment": "Box1",
			"from": [ 6.2083, 11.315, 21.1734 ],
			"to": [ 9.7083, 14.815, 26.1734 ],
			"rotation": { "origin": [ 6.125, 9.625, 16.5 ], "axis": "x", "angle": -22.5 },
			"faces": {
				"down": { "uv": [ 6.25, 11.5, 7, 12.75 ], "texture": "#squirrel" },
				"up": { "uv": [ 6.25, 11.5, 5.5, 10.25 ], "texture": "#squirrel" },
				"north": { "uv": [ 14.25, 16, 13.5, 15.25 ], "texture": "#squirrel" },
				"south": { "uv": [ 7, 10.25, 7.75, 11 ], "texture": "#squirrel" },
				"west": { "uv": [ 7, 11, 7.75, 12.25 ], "texture": "#squirrel", "rotation": 270 },
				"east": { "uv": [ 7, 12.25, 7.75, 13.5 ], "texture": "#squirrel", "rotation": 90 }
			}
		},
		{
			"__comment": "Box1",
			"from": [ 3.625, 8.9242, 11.2286 ],
			"to": [ 5.125, 11.4242, 14.7286 ],
			"rotation": { "origin": [ 3.5, 12.625, 17.625 ], "axis": "x", "angle": 22.5 },
			"faces": {
				"down": { "uv": [ 4.25, 10.25, 4.5, 11.25 ], "texture": "#squirrel" },
				"up": { "uv": [ 4.25, 8.75, 4.5, 9.75 ], "texture": "#squirrel" },
				"north": { "uv": [ 8, 10.75, 7.75, 10.25 ], "texture": "#squirrel" },
				"south": { "uv": [ 8.75, 12.75, 8.5, 12.25 ], "texture": "#squirrel" },
				"west": { "uv": [ 7.75, 14.75, 8.75, 15.25 ], "texture": "#squirrel", "rotation": 90 },
				"east": { "uv": [ 14.25, 15.5, 15.25, 16 ], "texture": "#squirrel", "rotation": 270 }
			}
		},
		{
			"__comment": "Box1",
			"from": [ 10.75, 8.9242, 11.2286 ],
			"to": [ 12.25, 11.4242, 14.7286 ],
			"rotation": { "origin": [ 3.5, 12.625, 17.625 ], "axis": "x", "angle": 22.5 },
			"faces": {
				"down": { "uv": [ 3, 10.5, 3.25, 11.5 ], "texture": "#squirrel" },
				"up": { "uv": [ 3, 12, 3.25, 13 ], "texture": "#squirrel" },
				"north": { "uv": [ 3.25, 12, 3, 11.5 ], "texture": "#squirrel" },
				"south": { "uv": [ 4.5, 8.75, 4.25, 8.25 ], "texture": "#squirrel" },
				"west": { "uv": [ 7.75, 14.25, 8.75, 14.75 ], "texture": "#squirrel", "rotation": 90 },
				"east": { "uv": [ 7.75, 13.75, 8.75, 14.25 ], "texture": "#squirrel", "rotation": 270 }
			}
		},
		{
			"__comment": "Box1",
			"from": [ 3.75, 10.8489, 13.2262 ],
			"to": [ 5.25, 12.3489, 16.7262 ],
			"faces": {
				"down": { "uv": [ 4.25, 10.25, 4.5, 11.25 ], "texture": "#squirrel" },
				"up": { "uv": [ 4.25, 8.75, 4.5, 9.75 ], "texture": "#squirrel" },
				"north": { "uv": [ 8, 10.75, 7.75, 10.25 ], "texture": "#squirrel" },
				"south": { "uv": [ 8.75, 12.75, 8.5, 12.25 ], "texture": "#squirrel" },
				"west": { "uv": [ 7.75, 14.75, 8.75, 15.25 ], "texture": "#squirrel", "rotation": 90 },
				"east": { "uv": [ 14.25, 15.5, 15.25, 16 ], "texture": "#squirrel", "rotation": 270 }
			}
		},
		{
			"__comment": "Box1",
			"from": [ 10.875, 10.8489, 13.2262 ],
			"to": [ 12.375, 12.3489, 16.7262 ],
			"faces": {
				"down": { "uv": [ 3, 10.5, 3.25, 11.5 ], "texture": "#squirrel" },
				"up": { "uv": [ 3, 12, 3.25, 13 ], "texture": "#squirrel" },
				"north": { "uv": [ 3.25, 12, 3, 11.5 ], "texture": "#squirrel" },
				"south": { "uv": [ 4.5, 8.75, 4.25, 8.25 ], "texture": "#squirrel" },
				"west": { "uv": [ 7.75, 14.25, 8.75, 14.75 ], "texture": "#squirrel", "rotation": 90 },
				"east": { "uv": [ 7.75, 13.75, 8.75, 14.25 ], "texture": "#squirrel", "rotation": 270 }
			}
		},
		{
			"__comment": "Box23",
			"from": [ 7.75, 12, 8 ],
			"to": [ 8.75, 15, 11.5 ],
			"faces": {
				"down": { "uv": [ 0, 7, 1, 8 ], "texture": "#squirrel" },
				"up": { "uv": [ 0, 7, 1, 8 ], "texture": "#squirrel" },
				"north": { "uv": [ 0, 7, 1, 8 ], "texture": "#squirrel" },
				"south": { "uv": [ 0, 7, 1, 8 ], "texture": "#squirrel" },
				"west": { "uv": [ 0, 7, 1, 8 ], "texture": "#squirrel" },
				"east": { "uv": [ 0, 7, 1, 8 ], "texture": "#squirrel" }
			}
		}
	],
	"display": {
		"thirdperson_righthand": {
			"rotation":  [ 72, -2, 0 ],
			"translation":  [ 0, 2.0869, 0 ],
			"scale":  [ 0.5, 0.5, 0.5 ]
		},
		"thirdperson_lefthand": {
			"rotation":  [ 72, -2, 0 ],
			"translation":  [ 0, 2.0869, 0 ],
			"scale":  [ 0.5, 0.5, 0.5 ]
		},
		"gui": {
			"rotation":  [ 0, 134, 0 ],
			"translation":  [ 1.3913, -2.782, 0 ],
			"scale":  [ 0.8, 0.8, 0.8 ]
		},
		"head": {
			"translation":  [ 0.0006, -37.54, 3.4782 ],
			"scale":  [ 1.2, 1.2, 1.0608 ]
		},
		"ground": {
			"scale":  [ 0.5, 0.5, 0.5 ]
		},
		"fixed": {
			"rotation":  [ -90, 0, 0 ],
			"translation":  [ 0, 4.1739, -7.652 ],
			"scale":  [ 1.5, 1.5, 1.5 ]
		}
	}
}