{
	"__comment": "Cubik Studio - https://cubik.studio",
	"textures": {
		"squirrel": "item/squirrel"
	},
	"elements": [ 	 
		{
			"__comment": "Box1",
			"from": [ 5, 11.7437, 7.134 ],
			"to": [ 11.5, 16.2437, 13.134 ],
			"faces": {
				"down": { "uv": [ 3, 13, 1.5, 11.5 ], "texture": "#squirrel" },
				"up": { "uv": [ 1.5, 10, 3, 11.5 ], "texture": "#squirrel" },
				"north": { "uv": [ 1.5, 14.25, 0, 12.5 ], "texture": "#squirrel" },
				"south": { "uv": [ 1.5, 14.5, 3.25, 16 ], "texture": "#squirrel", "rotation": 270 },
				"west": { "uv": [ 1.5, 14.5, 3.25, 16 ], "texture": "#squirrel", "rotation": 180 },
				"east": { "uv": [ 1.5, 13, 3.25, 14.5 ], "texture": "#squirrel", "rotation": 180 }
			}
		},
		{
			"__comment": "PlaneX2",
			"from": [ 8.1881, 13.875, -2.3118 ],
			"to": [ 8.1891, 18.915, 0.9282 ],
			"rotation": { "origin": [ 6.41, 12.45, -6.355 ], "axis": "y", "angle": 22.5 },
			"faces": {
				"west": { "uv": [ 6.25, 12.75, 5.5, 14 ], "texture": "#squirrel" },
				"east": { "uv": [ 7, 14, 6.25, 15.25 ], "texture": "#squirrel" }
			}
		},
		{
			"__comment": "PlaneX2",
			"from": [ 7.8424, 13.875, -3.6416 ],
			"to": [ 7.8434, 18.915, -0.4015999 ],
			"rotation": { "origin": [ 6.41, 12.45, -6.355 ], "axis": "y", "angle": -22.5 },
			"faces": {
				"west": { "uv": [ 6.25, 14, 7, 15.25 ], "texture": "#squirrel" },
				"east": { "uv": [ 5.5, 12.75, 6.25, 14 ], "texture": "#squirrel" }
			}
		},
		{
			"__comment": "Box1",
			"from": [ 6.41, 11.2, -5.23 ],
			"to": [ 10.01, 14.08, -0.1900001 ],
			"rotation": { "origin": [ 6.41, 11.2, -5.23 ], "axis": "x", "angle": -22.5 },
			"faces": {
				"down": { "uv": [ 5.5, 11.5, 6.25, 12.75 ], "texture": "#squirrel" },
				"up": { "uv": [ 5.5, 11.5, 6.25, 12.75 ], "texture": "#squirrel" },
				"north": { "uv": [ 15.25, 15.5, 16, 16 ], "texture": "#squirrel" },
				"south": { "uv": [ 7.75, 12.25, 8.5, 12.75 ], "texture": "#squirrel" },
				"west": { "uv": [ 8.75, 15.5, 10, 16 ], "texture": "#squirrel" },
				"east": { "uv": [ 10, 15.5, 8.75, 16 ], "texture": "#squirrel" }
			}
		},
		{
			"__comment": "Box1",
			"from": [ 9.6528, 8.434899, -4.4923 ],
			"to": [ 11.1528, 9.434899, -2.9923 ],
			"rotation": { "origin": [ 4.25, 7.875, -1.375 ], "axis": "x", "angle": -22.5 },
			"faces": {
				"down": { "uv": [ 4.5, 8.25, 4.25, 8 ], "texture": "#squirrel" },
				"up": { "uv": [ 5.5, 8, 5.75, 8.25 ], "texture": "#squirrel" },
				"north": { "uv": [ 3.5, 8.25, 3.25, 8 ], "texture": "#squirrel", "rotation": 270 },
				"south": { "uv": [ 4, 8.25, 3.75, 8 ], "texture": "#squirrel", "rotation": 90 },
				"west": { "uv": [ 2.5, 8.25, 2.25, 8 ], "texture": "#squirrel", "rotation": 90 },
				"east": { "uv": [ 2, 8, 2.25, 8.25 ], "texture": "#squirrel", "rotation": 270 }
			}
		},
		{
			"__comment": "Box1",
			"from": [ 5.75, 10.875, -1.25 ],
			"to": [ 10.25, 14.375, 3.25 ],
			"faces": {
				"down": { "uv": [ 3.25, 8.25, 4.25, 9.75 ], "texture": "#squirrel" },
				"up": { "uv": [ 4.5, 14.5, 5.5, 16 ], "texture": "#squirrel" },
				"north": { "uv": [ 5.5, 8.25, 6.5, 9 ], "texture": "#squirrel" },
				"south": { "uv": [ 7.75, 15.25, 8.75, 16 ], "texture": "#squirrel" },
				"west": { "uv": [ 0, 8.25, 1.5, 9 ], "texture": "#squirrel", "rotation": 90 },
				"east": { "uv": [ 5.5, 15.25, 7, 16 ], "texture": "#squirrel", "rotation": 270 }
			}
		},
		{
			"__comment": "Box1",
			"from": [ 5.25, 11.2147, 3.023 ],
			"to": [ 10.75, 15.2147, 8.523 ],
			"faces": {
				"down": { "uv": [ 2.75, 10, 1.5, 8.25 ], "texture": "#squirrel" },
				"up": { "uv": [ 3.25, 14.25, 4.5, 16 ], "texture": "#squirrel" },
				"north": { "uv": [ 4.5, 12.75, 3.25, 11.25 ], "texture": "#squirrel" },
				"south": { "uv": [ 3.25, 12.75, 4.5, 14.25 ], "texture": "#squirrel" },
				"west": { "uv": [ 0, 10.75, 1.5, 12.5 ], "texture": "#squirrel", "rotation": 90 },
				"east": { "uv": [ 0, 9, 1.5, 10.75 ], "texture": "#squirrel", "rotation": 270 }
			}
		},
		{
			"__comment": "Box1",
			"from": [ 10.875, 11.3123, 16.3198 ],
			"to": [ 12.375, 12.8123, 19.8198 ],
			"faces": {
				"down": { "uv": [ 3, 10.5, 3.25, 11.5 ], "texture": "#squirrel" },
				"up": { "uv": [ 3, 12, 3.25, 13 ], "texture": "#squirrel" },
				"north": { "uv": [ 3.25, 12, 3, 11.5 ], "texture": "#squirrel" },
				"south": { "uv": [ 4.5, 8.75, 4.25, 8.25 ], "texture": "#squirrel" },
				"west": { "uv": [ 7.75, 14.25, 8.75, 14.75 ], "texture": "#squirrel", "rotation": 90 },
				"east": { "uv": [ 7.75, 13.75, 8.75, 14.25 ], "texture": "#squirrel", "rotation": 270 }
			}
		},
		{
			"__comment": "Box1",
			"from": [ 10, 8.854199, -2.6787 ],
			"to": [ 11.5, 12.3542, -1.1787 ],
			"rotation": { "origin": [ 4.25, 7.875, -1.375 ], "axis": "x", "angle": 22.5 },
			"faces": {
				"down": { "uv": [ 9, 15.25, 9.25, 15.5 ], "texture": "#squirrel" },
				"up": { "uv": [ 10.5, 15.25, 10.75, 15.5 ], "texture": "#squirrel" },
				"north": { "uv": [ 8.5, 11.5, 8.75, 12.25 ], "texture": "#squirrel" },
				"south": { "uv": [ 8.25, 11.5, 8.5, 12.25 ], "texture": "#squirrel" },
				"west": { "uv": [ 8, 11.5, 8.25, 12.25 ], "texture": "#squirrel", "rotation": 180 },
				"east": { "uv": [ 7.75, 11.5, 8, 12.25 ], "texture": "#squirrel", "rotation": 180 }
			}
		},
		{
			"__comment": "Box1",
			"from": [ 10.0417, 8.5116, -3.1574 ],
			"to": [ 11.0417, 9.5116, -0.6573999 ],
			"rotation": { "origin": [ 4.25, 7.875, -1.375 ], "axis": "x", "angle": -22.5 },
			"faces": {
				"down": { "uv": [ 3, 10, 3.25, 10.5 ], "texture": "#squirrel" },
				"up": { "uv": [ 4.25, 9.75, 4.5, 10.25 ], "texture": "#squirrel" },
				"north": { "uv": [ 10, 15.25, 10.25, 15.5 ], "texture": "#squirrel" },
				"south": { "uv": [ 2.5, 8, 2.75, 8.25 ], "texture": "#squirrel" },
				"west": { "uv": [ 1, 8, 1.5, 8.25 ], "texture": "#squirrel", "rotation": 270 },
				"east": { "uv": [ 1.5, 8, 2, 8.25 ], "texture": "#squirrel", "rotation": 90 }
			}
		},
		{
			"__comment": "Box1",
			"from": [ 4.5, 8.854199, -2.6786 ],
			"to": [ 6, 12.3542, -1.1786 ],
			"rotation": { "origin": [ 4.25, 7.875, -1.375 ], "axis": "x", "angle": 22.5 },
			"faces": {
				"down": { "uv": [ 4, 8, 4.25, 8.25 ], "texture": "#squirrel" },
				"up": { "uv": [ 3.5, 8, 3.75, 8.25 ], "texture": "#squirrel" },
				"north": { "uv": [ 8.25, 10.75, 8.5, 11.5 ], "texture": "#squirrel" },
				"south": { "uv": [ 7.75, 10.75, 8, 11.5 ], "texture": "#squirrel" },
				"west": { "uv": [ 8, 10.75, 8.25, 11.5 ], "texture": "#squirrel", "rotation": 180 },
				"east": { "uv": [ 8.5, 10.75, 8.75, 11.5 ], "texture": "#squirrel", "rotation": 180 }
			}
		},
		{
			"__comment": "Box1",
			"from": [ 5.0417, 8.5116, -3.1574 ],
			"to": [ 6.0417, 9.5116, -0.6573999 ],
			"rotation": { "origin": [ 4.25, 7.875, -1.375 ], "axis": "x", "angle": -22.5 },
			"faces": {
				"down": { "uv": [ 8, 10.25, 8.25, 10.75 ], "texture": "#squirrel" },
				"up": { "uv": [ 8.25, 10.25, 8.5, 10.75 ], "texture": "#squirrel" },
				"north": { "uv": [ 5.75, 8, 6, 8.25 ], "texture": "#squirrel" },
				"south": { "uv": [ 6, 8, 6.25, 8.25 ], "texture": "#squirrel" },
				"west": { "uv": [ 0, 8, 0.5, 8.25 ], "texture": "#squirrel", "rotation": 270 },
				"east": { "uv": [ 0.5, 8, 1, 8.25 ], "texture": "#squirrel", "rotation": 90 }
			}
		},
		{
			"__comment": "Box1",
			"from": [ 4.7222, 8.2684, -4.2299 ],
			"to": [ 6.2222, 9.2684, -2.7299 ],
			"rotation": { "origin": [ 4.25, 7.875, -1.375 ], "axis": "x", "angle": -22.5 },
			"faces": {
				"down": { "uv": [ 10.25, 15.25, 10.5, 15.5 ], "texture": "#squirrel", "rotation": 180 },
				"up": { "uv": [ 9.75, 15.5, 9.5, 15.25 ], "texture": "#squirrel", "rotation": 180 },
				"north": { "uv": [ 9.25, 15.25, 9.5, 15.5 ], "texture": "#squirrel", "rotation": 270 },
				"south": { "uv": [ 9.75, 15.25, 10, 15.5 ], "texture": "#squirrel", "rotation": 90 },
				"west": { "uv": [ 6.25, 8, 6.5, 8.25 ], "texture": "#squirrel", "rotation": 90 },
				"east": { "uv": [ 9, 15.5, 8.75, 15.25 ], "texture": "#squirrel", "rotation": 270 }
			}
		},
		{
			"__comment": "Box1",
			"from": [ 6.0417, 11.1937, 25.3473 ],
			"to": [ 10.0417, 15.6937, 31.3473 ],
			"rotation": { "origin": [ 6.125, 10, 16.5 ], "axis": "x", "angle": -22.5 },
			"faces": {
				"down": { "uv": [ 4.5, 11.5, 5.5, 13 ], "texture": "#squirrel" },
				"up": { "uv": [ 5.5, 11.5, 4.5, 10 ], "texture": "#squirrel" },
				"north": { "uv": [ 5.5, 9, 4.5, 8 ], "texture": "#squirrel" },
				"south": { "uv": [ 4.5, 9, 5.5, 10 ], "texture": "#squirrel" },
				"west": { "uv": [ 4.5, 13, 5.5, 14.5 ], "texture": "#squirrel", "rotation": 270 },
				"east": { "uv": [ 3.25, 9.75, 4.25, 11.25 ], "texture": "#squirrel", "rotation": 90 }
			}
		},
		{
			"__comment": "Box1",
			"from": [ 3.75, 11.3123, 16.3198 ],
			"to": [ 5.25, 12.8123, 19.8198 ],
			"faces": {
				"down": { "uv": [ 4.25, 10.25, 4.5, 11.25 ], "texture": "#squirrel" },
				"up": { "uv": [ 4.25, 8.75, 4.5, 9.75 ], "texture": "#squirrel" },
				"north": { "uv": [ 8, 10.75, 7.75, 10.25 ], "texture": "#squirrel" },
				"south": { "uv": [ 8.75, 12.75, 8.5, 12.25 ], "texture": "#squirrel" },
				"west": { "uv": [ 7.75, 14.75, 8.75, 15.25 ], "texture": "#squirrel", "rotation": 90 },
				"east": { "uv": [ 14.25, 15.5, 15.25, 16 ], "texture": "#squirrel", "rotation": 270 }
			}
		},
		{
			"__comment": "Box1",
			"from": [ 6.7917, 13.862, 11.8829 ],
			"to": [ 9.2917, 16.362, 16.3829 ],
			"faces": {
				"down": { "uv": [ 2.75, 8, 3.25, 9 ], "texture": "#squirrel" },
				"up": { "uv": [ 2.75, 9, 3.25, 10 ], "texture": "#squirrel" },
				"north": { "uv": [ 6.5, 8, 7, 8.5 ], "texture": "#squirrel" },
				"south": { "uv": [ 6.5, 8.5, 7, 9 ], "texture": "#squirrel" },
				"west": { "uv": [ 7.75, 12.75, 8.75, 13.25 ], "texture": "#squirrel", "rotation": 270 },
				"east": { "uv": [ 7.75, 13.25, 8.75, 13.75 ], "texture": "#squirrel", "rotation": 90 }
			}
		},
		{
			"__comment": "Box1",
			"from": [ 6.625, 13.6406, 16.3009 ],
			"to": [ 9.625, 16.6406, 21.3009 ],
			"faces": {
				"down": { "uv": [ 6.25, 9, 7, 10.25 ], "texture": "#squirrel" },
				"up": { "uv": [ 7.75, 16, 7, 14.75 ], "texture": "#squirrel" },
				"north": { "uv": [ 12.75, 16, 12, 15.25 ], "texture": "#squirrel" },
				"south": { "uv": [ 12.75, 15.25, 13.5, 16 ], "texture": "#squirrel" },
				"west": { "uv": [ 5.5, 9, 6.25, 10.25 ], "texture": "#squirrel", "rotation": 270 },
				"east": { "uv": [ 6.25, 10.25, 7, 11.5 ], "texture": "#squirrel", "rotation": 90 }
			}
		},
		{
			"__comment": "Box1",
			"from": [ 6.2083, 11.69, 21.1734 ],
			"to": [ 9.7083, 15.19, 26.1734 ],
			"rotation": { "origin": [ 6.125, 10, 16.5 ], "axis": "x", "angle": -22.5 },
			"faces": {
				"down": { "uv": [ 6.25, 11.5, 7, 12.75 ], "texture": "#squirrel" },
				"up": { "uv": [ 6.25, 11.5, 5.5, 10.25 ], "texture": "#squirrel" },
				"north": { "uv": [ 14.25, 16, 13.5, 15.25 ], "texture": "#squirrel" },
				"south": { "uv": [ 7, 10.25, 7.75, 11 ], "texture": "#squirrel" },
				"west": { "uv": [ 7, 11, 7.75, 12.25 ], "texture": "#squirrel", "rotation": 270 },
				"east": { "uv": [ 7, 12.25, 7.75, 13.5 ], "texture": "#squirrel", "rotation": 90 }
			}
		},
		{
			"__comment": "Box1",
			"from": [ 3.625, 9.2992, 11.2286 ],
			"to": [ 5.125, 11.7992, 14.7286 ],
			"rotation": { "origin": [ 3.5, 13, 17.625 ], "axis": "x", "angle": 22.5 },
			"faces": {
				"down": { "uv": [ 4.25, 10.25, 4.5, 11.25 ], "texture": "#squirrel" },
				"up": { "uv": [ 4.25, 8.75, 4.5, 9.75 ], "texture": "#squirrel" },
				"north": { "uv": [ 8, 10.75, 7.75, 10.25 ], "texture": "#squirrel" },
				"south": { "uv": [ 8.75, 12.75, 8.5, 12.25 ], "texture": "#squirrel" },
				"west": { "uv": [ 7.75, 14.75, 8.75, 15.25 ], "texture": "#squirrel", "rotation": 90 },
				"east": { "uv": [ 14.25, 15.5, 15.25, 16 ], "texture": "#squirrel", "rotation": 270 }
			}
		},
		{
			"__comment": "Box1",
			"from": [ 10.75, 9.2992, 11.2286 ],
			"to": [ 12.25, 11.7992, 14.7286 ],
			"rotation": { "origin": [ 3.5, 13, 17.625 ], "axis": "x", "angle": 22.5 },
			"faces": {
				"down": { "uv": [ 3, 10.5, 3.25, 11.5 ], "texture": "#squirrel" },
				"up": { "uv": [ 3, 12, 3.25, 13 ], "texture": "#squirrel" },
				"north": { "uv": [ 3.25, 12, 3, 11.5 ], "texture": "#squirrel" },
				"south": { "uv": [ 4.5, 8.75, 4.25, 8.25 ], "texture": "#squirrel" },
				"west": { "uv": [ 7.75, 14.25, 8.75, 14.75 ], "texture": "#squirrel", "rotation": 90 },
				"east": { "uv": [ 7.75, 13.75, 8.75, 14.25 ], "texture": "#squirrel", "rotation": 270 }
			}
		},
		{
			"__comment": "Box1",
			"from": [ 3.75, 11.2239, 13.2262 ],
			"to": [ 5.25, 12.7239, 16.7262 ],
			"faces": {
				"down": { "uv": [ 4.25, 10.25, 4.5, 11.25 ], "texture": "#squirrel" },
				"up": { "uv": [ 4.25, 8.75, 4.5, 9.75 ], "texture": "#squirrel" },
				"north": { "uv": [ 8, 10.75, 7.75, 10.25 ], "texture": "#squirrel" },
				"south": { "uv": [ 8.75, 12.75, 8.5, 12.25 ], "texture": "#squirrel" },
				"west": { "uv": [ 7.75, 14.75, 8.75, 15.25 ], "texture": "#squirrel", "rotation": 90 },
				"east": { "uv": [ 14.25, 15.5, 15.25, 16 ], "texture": "#squirrel", "rotation": 270 }
			}
		},
		{
			"__comment": "Box1",
			"from": [ 10.875, 11.2239, 13.2262 ],
			"to": [ 12.375, 12.7239, 16.7262 ],
			"faces": {
				"down": { "uv": [ 3, 10.5, 3.25, 11.5 ], "texture": "#squirrel" },
				"up": { "uv": [ 3, 12, 3.25, 13 ], "texture": "#squirrel" },
				"north": { "uv": [ 3.25, 12, 3, 11.5 ], "texture": "#squirrel" },
				"south": { "uv": [ 4.5, 8.75, 4.25, 8.25 ], "texture": "#squirrel" },
				"west": { "uv": [ 7.75, 14.25, 8.75, 14.75 ], "texture": "#squirrel", "rotation": 90 },
				"east": { "uv": [ 7.75, 13.75, 8.75, 14.25 ], "texture": "#squirrel", "rotation": 270 }
			}
		},
		{
			"__comment": "Box23",
			"from": [ 8.125, 12.75, 9 ],
			"to": [ 9.125, 15.25, 11.5 ],
			"faces": {
				"down": { "uv": [ 0, 7, 1, 8 ], "texture": "#squirrel" },
				"up": { "uv": [ 0, 7, 1, 8 ], "texture": "#squirrel" },
				"north": { "uv": [ 0, 7, 1, 8 ], "texture": "#squirrel" },
				"south": { "uv": [ 0, 7, 1, 8 ], "texture": "#squirrel" },
				"west": { "uv": [ 0, 7, 1, 8 ], "texture": "#squirrel" },
				"east": { "uv": [ 0, 7, 1, 8 ], "texture": "#squirrel" }
			}
		}
	],
	"display": {
		"thirdperson_righthand": {
			"rotation":  [ 72, -2, 0 ],
			"translation":  [ 0, 2.0869, 0 ],
			"scale":  [ 0.5, 0.5, 0.5 ]
		},
		"thirdperson_lefthand": {
			"rotation":  [ 72, -2, 0 ],
			"translation":  [ 0, 2.0869, 0 ],
			"scale":  [ 0.5, 0.5, 0.5 ]
		},
		"gui": {
			"rotation":  [ 0, 134, 0 ],
			"translation":  [ 1.3913, -2.782, 0 ],
			"scale":  [ 0.8, 0.8, 0.8 ]
		},
		"head": {
			"rotation":  [ 90, 0, 0 ],
			"translation":  [ 0.0006, -34.7, -7.6 ],
			"scale":  [ 1.2, 1.2, 1.0608 ]
		},
		"ground": {
			"scale":  [ 0.5, 0.5, 0.5 ]
		},
		"fixed": {
			"rotation":  [ -90, 0, 0 ],
			"translation":  [ 0, 4.1739, -7.652 ],
			"scale":  [ 1.5, 1.5, 1.5 ]
		}
	}
}