{
	"__comment": "Cubik Studio - https://cubik.studio",
	"textures": {
		"squirrel": "item/squirrel"
	},
	"elements": [ 	 
		{
			"__comment": "Box1",
			"from": [ 5, 4.1161, 2.0749 ],
			"to": [ 11.5, 10.1161, 8.0749 ],
			"faces": {
				"down": { "uv": [ 1.5, 14.5, 3.25, 16 ], "texture": "#squirrel", "rotation": 270 },
				"up": { "uv": [ 0, 12.5, 1.5, 14.25 ], "texture": "#squirrel" },
				"north": { "uv": [ 1.5, 11.5, 3, 13 ], "texture": "#squirrel" },
				"south": { "uv": [ 1.5, 10, 3, 11.5 ], "texture": "#squirrel" },
				"west": { "uv": [ 1.5, 14.5, 3.25, 16 ], "texture": "#squirrel", "rotation": 270 },
				"east": { "uv": [ 1.5, 13, 3.25, 14.5 ], "texture": "#squirrel", "rotation": 90 }
			}
		},
		{
			"__comment": "PlaneX2",
			"from": [ 9.2883, 14.875, -1.3429 ],
			"to": [ 9.2893, 19.915, 1.8971 ],
			"rotation": { "origin": [ 6.41, 10.825, -2.73 ], "axis": "y", "angle": 22.5 },
			"faces": {
				"west": { "uv": [ 6.25, 12.75, 5.5, 14 ], "texture": "#squirrel" },
				"east": { "uv": [ 7, 14, 6.25, 15.25 ], "texture": "#squirrel" }
			}
		},
		{
			"__comment": "PlaneX2",
			"from": [ 6.7422, 14.875, -2.6728 ],
			"to": [ 6.7432, 19.915, 0.5672004 ],
			"rotation": { "origin": [ 6.41, 10.825, -2.73 ], "axis": "y", "angle": -22.5 },
			"faces": {
				"west": { "uv": [ 6.25, 14, 7, 15.25 ], "texture": "#squirrel" },
				"east": { "uv": [ 5.5, 12.75, 6.25, 14 ], "texture": "#squirrel" }
			}
		},
		{
			"__comment": "Box1",
			"from": [ 6.41, 10.825, -2.73 ],
			"to": [ 10.01, 13.705, 2.31 ],
			"rotation": { "origin": [ 6.41, 10.825, -2.73 ], "axis": "x", "angle": -45 },
			"faces": {
				"down": { "uv": [ 5.5, 11.5, 6.25, 12.75 ], "texture": "#squirrel" },
				"up": { "uv": [ 5.5, 11.5, 6.25, 12.75 ], "texture": "#squirrel" },
				"north": { "uv": [ 15.25, 15.5, 16, 16 ], "texture": "#squirrel" },
				"south": { "uv": [ 7.75, 12.25, 8.5, 12.75 ], "texture": "#squirrel" },
				"west": { "uv": [ 8.75, 15.5, 10, 16 ], "texture": "#squirrel" },
				"east": { "uv": [ 10, 15.5, 8.75, 16 ], "texture": "#squirrel" }
			}
		},
		{
			"__comment": "Box1",
			"from": [ 10.8099, 8.347199, 2.2577 ],
			"to": [ 11.8099, 9.847199, 3.7577 ],
			"rotation": { "origin": [ 4.875, 7.375, 2.125 ], "axis": "y", "angle": 45 },
			"faces": {
				"down": { "uv": [ 2, 8, 2.25, 8.25 ], "texture": "#squirrel" },
				"up": { "uv": [ 2.25, 8, 2.5, 8.25 ], "texture": "#squirrel" },
				"north": { "uv": [ 3.25, 8, 3.5, 8.25 ], "texture": "#squirrel" },
				"south": { "uv": [ 3.75, 8, 4, 8.25 ], "texture": "#squirrel" },
				"west": { "uv": [ 4.25, 8, 4.5, 8.25 ], "texture": "#squirrel", "rotation": 270 },
				"east": { "uv": [ 5.5, 8, 5.75, 8.25 ], "texture": "#squirrel", "rotation": 90 }
			}
		},
		{
			"__comment": "Box1",
			"from": [ 5.75, 11.25, -0.25 ],
			"to": [ 10.25, 14.75, 4.25 ],
			"faces": {
				"down": { "uv": [ 3.25, 8.25, 4.25, 9.75 ], "texture": "#squirrel" },
				"up": { "uv": [ 4.5, 14.5, 5.5, 16 ], "texture": "#squirrel" },
				"north": { "uv": [ 5.5, 8.25, 6.5, 9 ], "texture": "#squirrel" },
				"south": { "uv": [ 7.75, 15.25, 8.75, 16 ], "texture": "#squirrel" },
				"west": { "uv": [ 0, 8.25, 1.5, 9 ], "texture": "#squirrel", "rotation": 90 },
				"east": { "uv": [ 5.5, 15.25, 7, 16 ], "texture": "#squirrel", "rotation": 270 }
			}
		},
		{
			"__comment": "Box1",
			"from": [ 5.25, 8.727, 2.5184 ],
			"to": [ 10.75, 14.227, 7.5184 ],
			"faces": {
				"down": { "uv": [ 3.25, 12.75, 4.5, 14.25 ], "texture": "#squirrel" },
				"up": { "uv": [ 3.25, 11.25, 4.5, 12.75 ], "texture": "#squirrel" },
				"north": { "uv": [ 1.5, 8.25, 2.75, 10 ], "texture": "#squirrel" },
				"south": { "uv": [ 3.25, 14.25, 4.5, 16 ], "texture": "#squirrel" },
				"west": { "uv": [ 0, 10.75, 1.5, 12.5 ], "texture": "#squirrel", "rotation": 180 },
				"east": { "uv": [ 0, 9, 1.5, 10.75 ], "texture": "#squirrel", "rotation": 180 }
			}
		},
		{
			"__comment": "Box1",
			"from": [ 10.75, 3.6896, -1.3671 ],
			"to": [ 12.25, 5.6896, 3.1329 ],
			"faces": {
				"down": { "uv": [ 3, 12, 3.25, 13 ], "texture": "#squirrel" },
				"up": { "uv": [ 3, 10.5, 3.25, 11.5 ], "texture": "#squirrel" },
				"north": { "uv": [ 4.25, 8.25, 4.5, 8.75 ], "texture": "#squirrel" },
				"south": { "uv": [ 3, 11.5, 3.25, 12 ], "texture": "#squirrel" },
				"west": { "uv": [ 7.75, 14.25, 8.75, 14.75 ], "texture": "#squirrel", "rotation": 270 },
				"east": { "uv": [ 7.75, 13.75, 8.75, 14.25 ], "texture": "#squirrel", "rotation": 90 }
			}
		},
		{
			"__comment": "Box1",
			"from": [ 10, 8.9426, -0.7367 ],
			"to": [ 11.5, 12.4426, 0.7633 ],
			"rotation": { "origin": [ 4.25, 7.875, 0.125 ], "axis": "x", "angle": 22.5 },
			"faces": {
				"down": { "uv": [ 9, 15.25, 9.25, 15.5 ], "texture": "#squirrel" },
				"up": { "uv": [ 10.5, 15.25, 10.75, 15.5 ], "texture": "#squirrel" },
				"north": { "uv": [ 8.5, 11.5, 8.75, 12.25 ], "texture": "#squirrel" },
				"south": { "uv": [ 8.25, 11.5, 8.5, 12.25 ], "texture": "#squirrel" },
				"west": { "uv": [ 8, 11.5, 8.25, 12.25 ], "texture": "#squirrel", "rotation": 180 },
				"east": { "uv": [ 7.75, 11.5, 8, 12.25 ], "texture": "#squirrel", "rotation": 180 }
			}
		},
		{
			"__comment": "Box1",
			"from": [ 10.0417, 8.5116, -1.6574 ],
			"to": [ 11.0417, 9.5116, 0.8426 ],
			"faces": {
				"down": { "uv": [ 3, 10, 3.25, 10.5 ], "texture": "#squirrel" },
				"up": { "uv": [ 4.25, 9.75, 4.5, 10.25 ], "texture": "#squirrel" },
				"north": { "uv": [ 10, 15.25, 10.25, 15.5 ], "texture": "#squirrel" },
				"south": { "uv": [ 2.5, 8, 2.75, 8.25 ], "texture": "#squirrel" },
				"west": { "uv": [ 1, 8, 1.5, 8.25 ], "texture": "#squirrel", "rotation": 270 },
				"east": { "uv": [ 1.5, 8, 2, 8.25 ], "texture": "#squirrel", "rotation": 90 }
			}
		},
		{
			"__comment": "Box1",
			"from": [ 4.5, 8.9426, -0.7367 ],
			"to": [ 6, 12.4426, 0.7633 ],
			"rotation": { "origin": [ 4.25, 7.875, 0.125 ], "axis": "x", "angle": 22.5 },
			"faces": {
				"down": { "uv": [ 4, 8, 4.25, 8.25 ], "texture": "#squirrel" },
				"up": { "uv": [ 3.5, 8, 3.75, 8.25 ], "texture": "#squirrel" },
				"north": { "uv": [ 8.25, 10.75, 8.5, 11.5 ], "texture": "#squirrel" },
				"south": { "uv": [ 7.75, 10.75, 8, 11.5 ], "texture": "#squirrel" },
				"west": { "uv": [ 8, 10.75, 8.25, 11.5 ], "texture": "#squirrel", "rotation": 180 },
				"east": { "uv": [ 8.5, 10.75, 8.75, 11.5 ], "texture": "#squirrel", "rotation": 180 }
			}
		},
		{
			"__comment": "Box1",
			"from": [ 5.0417, 8.5116, -1.6574 ],
			"to": [ 6.0417, 9.5116, 0.8426 ],
			"faces": {
				"down": { "uv": [ 8, 10.25, 8.25, 10.75 ], "texture": "#squirrel" },
				"up": { "uv": [ 8.25, 10.25, 8.5, 10.75 ], "texture": "#squirrel" },
				"north": { "uv": [ 5.75, 8, 6, 8.25 ], "texture": "#squirrel" },
				"south": { "uv": [ 6, 8, 6.25, 8.25 ], "texture": "#squirrel" },
				"west": { "uv": [ 0, 8, 0.5, 8.25 ], "texture": "#squirrel", "rotation": 270 },
				"east": { "uv": [ 0.5, 8, 1, 8.25 ], "texture": "#squirrel", "rotation": 90 }
			}
		},
		{
			"__comment": "Box1",
			"from": [ 3.8566, 8.347199, -3.4799 ],
			"to": [ 4.8566, 9.847199, -1.9799 ],
			"rotation": { "origin": [ 3.5, 7.375, -0.625 ], "axis": "y", "angle": -45 },
			"faces": {
				"down": { "uv": [ 6.25, 8, 6.5, 8.25 ], "texture": "#squirrel" },
				"up": { "uv": [ 8.75, 15.25, 9, 15.5 ], "texture": "#squirrel" },
				"north": { "uv": [ 9.25, 15.25, 9.5, 15.5 ], "texture": "#squirrel" },
				"south": { "uv": [ 9.75, 15.25, 10, 15.5 ], "texture": "#squirrel" },
				"west": { "uv": [ 9.5, 15.25, 9.75, 15.5 ], "texture": "#squirrel", "rotation": 270 },
				"east": { "uv": [ 10.25, 15.25, 10.5, 15.5 ], "texture": "#squirrel", "rotation": 90 }
			}
		},
		{
			"__comment": "Box1",
			"from": [ 6.0417, 14.8709, 8.1852 ],
			"to": [ 10.0417, 20.8709, 12.6852 ],
			"rotation": { "origin": [ 5.375, 12.875, 11 ], "axis": "x", "angle": 22.5 },
			"faces": {
				"down": { "uv": [ 4.5, 8, 5.5, 9 ], "texture": "#squirrel" },
				"up": { "uv": [ 4.5, 9, 5.5, 10 ], "texture": "#squirrel" },
				"north": { "uv": [ 4.5, 10, 5.5, 11.5 ], "texture": "#squirrel" },
				"south": { "uv": [ 4.5, 11.5, 5.5, 13 ], "texture": "#squirrel" },
				"west": { "uv": [ 4.5, 13, 5.5, 14.5 ], "texture": "#squirrel", "rotation": 180 },
				"east": { "uv": [ 3.25, 9.75, 4.25, 11.25 ], "texture": "#squirrel", "rotation": 180 }
			}
		},
		{
			"__comment": "Box1",
			"from": [ 3.625, 3.6896, -1.3671 ],
			"to": [ 5.125, 5.6896, 3.1329 ],
			"faces": {
				"down": { "uv": [ 4.25, 8.75, 4.5, 9.75 ], "texture": "#squirrel" },
				"up": { "uv": [ 4.25, 10.25, 4.5, 11.25 ], "texture": "#squirrel" },
				"north": { "uv": [ 8.5, 12.25, 8.75, 12.75 ], "texture": "#squirrel" },
				"south": { "uv": [ 7.75, 10.25, 8, 10.75 ], "texture": "#squirrel" },
				"west": { "uv": [ 7.75, 14.75, 8.75, 15.25 ], "texture": "#squirrel", "rotation": 270 },
				"east": { "uv": [ 14.25, 15.5, 15.25, 16 ], "texture": "#squirrel", "rotation": 90 }
			}
		},
		{
			"__comment": "Box1",
			"from": [ 6.7917, 5.237, 7.5079 ],
			"to": [ 9.2917, 7.737, 12.0079 ],
			"rotation": { "origin": [ 6.125, 5.125, 10.5 ], "axis": "x", "angle": -22.5 },
			"faces": {
				"down": { "uv": [ 2.75, 8, 3.25, 9 ], "texture": "#squirrel" },
				"up": { "uv": [ 2.75, 9, 3.25, 10 ], "texture": "#squirrel" },
				"north": { "uv": [ 6.5, 8, 7, 8.5 ], "texture": "#squirrel" },
				"south": { "uv": [ 6.5, 8.5, 7, 9 ], "texture": "#squirrel" },
				"west": { "uv": [ 7.75, 12.75, 8.75, 13.25 ], "texture": "#squirrel", "rotation": 270 },
				"east": { "uv": [ 7.75, 13.25, 8.75, 13.75 ], "texture": "#squirrel", "rotation": 90 }
			}
		},
		{
			"__comment": "Box1",
			"from": [ 6.625, 6.678, 8.609099 ],
			"to": [ 9.625, 11.678, 11.6091 ],
			"rotation": { "origin": [ 6.125, 5.125, 10.5 ], "axis": "x", "angle": 22.5 },
			"faces": {
				"down": { "uv": [ 12, 15.25, 12.75, 16 ], "texture": "#squirrel" },
				"up": { "uv": [ 12.75, 15.25, 13.5, 16 ], "texture": "#squirrel" },
				"north": { "uv": [ 7, 14.75, 7.75, 16 ], "texture": "#squirrel" },
				"south": { "uv": [ 6.25, 9, 7, 10.25 ], "texture": "#squirrel" },
				"west": { "uv": [ 5.5, 9, 6.25, 10.25 ], "texture": "#squirrel", "rotation": 180 },
				"east": { "uv": [ 6.25, 10.25, 7, 11.5 ], "texture": "#squirrel", "rotation": 180 }
			}
		},
		{
			"__comment": "Box1",
			"from": [ 6.3333, 11.2023, 11.3736 ],
			"to": [ 9.8333, 16.2023, 14.8736 ],
			"rotation": { "origin": [ 5.75, 9.5, 13.625 ], "axis": "x", "angle": -22.5 },
			"faces": {
				"down": { "uv": [ 13.5, 15.25, 14.25, 16 ], "texture": "#squirrel" },
				"up": { "uv": [ 7, 10.25, 7.75, 11 ], "texture": "#squirrel" },
				"north": { "uv": [ 5.5, 10.25, 6.25, 11.5 ], "texture": "#squirrel" },
				"south": { "uv": [ 6.25, 11.5, 7, 12.75 ], "texture": "#squirrel" },
				"west": { "uv": [ 7, 11, 7.75, 12.25 ], "texture": "#squirrel", "rotation": 180 },
				"east": { "uv": [ 7, 12.25, 7.75, 13.5 ], "texture": "#squirrel", "rotation": 180 }
			}
		},
		{
			"__comment": "PlaneX19",
			"from": [ 6.5, 7.375, -1.625 ],
			"to": [ 9.5, 10.375, -1.624 ],
			"faces": {
				"north": { "uv": [ 7, 9.5, 7.75, 10.25 ], "texture": "#squirrel" },
				"south": { "uv": [ 7, 9.5, 7.75, 10.25 ], "texture": "#squirrel" }
			}
		},
		{
			"__comment": "PlaneX19",
			"from": [ 8, 7.375, -3 ],
			"to": [ 8.001, 10.375, 0 ],
			"faces": {
				"west": { "uv": [ 7, 9.5, 7.75, 10.25 ], "texture": "#squirrel" },
				"east": { "uv": [ 7, 9.5, 7.75, 10.25 ], "texture": "#squirrel" }
			}
		},
		{
			"__comment": "Box21",
			"from": [ 7.875, 6, 3.5 ],
			"to": [ 8.875, 9, 6.5 ],
			"faces": {
				"down": { "uv": [ 0, 7, 1, 8 ], "texture": "#squirrel" },
				"up": { "uv": [ 0, 7, 1, 8 ], "texture": "#squirrel" },
				"north": { "uv": [ 0, 7, 1, 8 ], "texture": "#squirrel" },
				"south": { "uv": [ 0, 7, 1, 8 ], "texture": "#squirrel" },
				"west": { "uv": [ 0, 7, 1, 8 ], "texture": "#squirrel" },
				"east": { "uv": [ 0, 7, 1, 8 ], "texture": "#squirrel" }
			}
		}
	],
	"display": {
		"thirdperson_righthand": {
			"rotation":  [ 72, -2, 0 ],
			"translation":  [ 0, 2.0869, 0 ],
			"scale":  [ 0.5, 0.5, 0.5 ]
		},
		"thirdperson_lefthand": {
			"rotation":  [ 72, -2, 0 ],
			"translation":  [ 0, 2.0869, 0 ],
			"scale":  [ 0.5, 0.5, 0.5 ]
		},
		"gui": {
			"rotation":  [ 0, 134, 0 ],
			"translation":  [ 1.3913, -2.782, 0 ],
			"scale":  [ 0.8, 0.8, 0.8 ]
		},
		"head": {
			"translation":  [ 0.0006, -39.64, 3.4782 ],
			"scale":  [ 1.2, 1.2, 1.0608 ]
		},
		"ground": {
			"scale":  [ 0.5, 0.5, 0.5 ]
		},
		"fixed": {
			"rotation":  [ -90, 0, 0 ],
			"translation":  [ 0, 4.1739, -7.652 ],
			"scale":  [ 1.5, 1.5, 1.5 ]
		}
	}
}