{
	"__comment": "Cubik Studio - https://cubik.studio",
	"textures": {
		"stag": "item/stag"
	},
	"elements": [ 	 
		{
			"__comment": "Box1",
			"from": [ -5.125, 10.75, 7.5 ],
			"to": [ -1.625, 13.75, 10.5 ],
			"rotation": { "origin": [ -5.125, 10.75, 7.5 ], "axis": "z", "angle": 45 },
			"faces": {
				"down": { "uv": [ 11.75, 12, 12.5, 12.75 ], "texture": "#stag", "cullface": "west" },
				"up": { "uv": [ 1.5, 0, 2.25, 0.75 ], "texture": "#stag", "cullface": "west" },
				"north": { "uv": [ 8.75, 12, 9.5, 12.75 ], "texture": "#stag", "cullface": "west" },
				"south": { "uv": [ 9.5, 12, 10.25, 12.75 ], "texture": "#stag", "cullface": "west" },
				"west": { "uv": [ 10.25, 12, 11, 12.75 ], "texture": "#stag", "cullface": "west" },
				"east": { "uv": [ 11, 12, 11.75, 12.75 ], "texture": "#stag", "cullface": "west" }
			}
		},
		{
			"__comment": "Box2",
			"from": [ -2.375, 12.875, 7 ],
			"to": [ 2.625, 16.875, 11 ],
			"rotation": { "origin": [ -2.375, 12.875, 7 ], "axis": "z", "angle": 45 },
			"faces": {
				"down": { "uv": [ 3.25, 11.75, 4.5, 12.75 ], "texture": "#stag", "cullface": "west" },
				"up": { "uv": [ 12.25, 13.25, 13.5, 14.25 ], "texture": "#stag", "cullface": "west" },
				"north": { "uv": [ 13.5, 13.25, 14.75, 14.25 ], "texture": "#stag", "cullface": "west" },
				"south": { "uv": [ 4.5, 11.75, 5.75, 12.75 ], "texture": "#stag", "cullface": "west" },
				"west": { "uv": [ 2.25, 1.25, 3.25, 2.25 ], "texture": "#stag", "cullface": "west" },
				"east": { "uv": [ 2.25, 2.25, 3.25, 3.25 ], "texture": "#stag", "cullface": "west" }
			}
		},
		{
			"__comment": "Box3",
			"from": [ -0.375, 4.375, 5.375 ],
			"to": [ 6.125, 10.875, 12.875 ],
			"faces": {
				"down": { "uv": [ 0, 8.5, 1.5, 10.25 ], "texture": "#stag", "cullface": "west" },
				"up": { "uv": [ 0, 3.25, 1.5, 5 ], "texture": "#stag", "cullface": "west" },
				"north": { "uv": [ 0, 1.75, 1.5, 3.25 ], "texture": "#stag", "cullface": "west" },
				"south": { "uv": [ 0, 0.25, 1.5, 1.75 ], "texture": "#stag", "cullface": "west" },
				"west": { "uv": [ 1.5, 12.75, 3.25, 14.25 ], "texture": "#stag", "cullface": "west" },
				"east": { "uv": [ 3.25, 12.75, 5, 14.25 ], "texture": "#stag", "cullface": "west" }
			}
		},
		{
			"__comment": "Box4",
			"from": [ 0.875, 14.375, 7 ],
			"to": [ 3.875, 18.875, 11 ],
			"rotation": { "origin": [ 0.875, 14.375, 7 ], "axis": "z", "angle": 45 },
			"faces": {
				"down": { "uv": [ 5.75, 11.75, 6.5, 12.75 ], "texture": "#stag", "cullface": "west" },
				"up": { "uv": [ 6.5, 11.75, 7.25, 12.75 ], "texture": "#stag", "cullface": "west" },
				"north": { "uv": [ 7.25, 11.75, 8, 12.75 ], "texture": "#stag", "cullface": "west" },
				"south": { "uv": [ 8, 11.75, 8.75, 12.75 ], "texture": "#stag", "cullface": "west" },
				"west": { "uv": [ 2.25, 3.25, 3.25, 4.25 ], "texture": "#stag", "cullface": "west" },
				"east": { "uv": [ 2.25, 4.25, 3.25, 5.25 ], "texture": "#stag", "cullface": "west" }
			}
		},
		{
			"__comment": "Box5",
			"from": [ 1, 8.75, 6.5 ],
			"to": [ 6.5, 15.25, 11.5 ],
			"rotation": { "origin": [ 1, 8.75, 6.5 ], "axis": "z", "angle": 22.5 },
			"faces": {
				"up": { "uv": [ 10, 13, 11.25, 14.25 ], "texture": "#stag", "cullface": "west" },
				"north": { "uv": [ 8.75, 12.75, 10, 14.25 ], "texture": "#stag", "cullface": "west" },
				"south": { "uv": [ 5, 12.75, 6.25, 14.25 ], "texture": "#stag", "cullface": "west" },
				"west": { "uv": [ 6.25, 12.75, 7.5, 14.25 ], "texture": "#stag", "cullface": "west" },
				"east": { "uv": [ 7.5, 12.75, 8.75, 14.25 ], "texture": "#stag", "cullface": "west" }
			}
		},
		{
			"__comment": "Box6",
			"from": [ 4.625, 1.75, 5.5 ],
			"to": [ 13.125, 8.75, 13 ],
			"faces": {
				"down": { "uv": [ 8, 14.25, 10, 16 ], "texture": "#stag", "cullface": "west" },
				"up": { "uv": [ 6, 14.25, 8, 16 ], "texture": "#stag", "cullface": "west" },
				"north": { "uv": [ 4, 14.25, 6, 16 ], "texture": "#stag", "cullface": "west" },
				"south": { "uv": [ 2, 14.25, 4, 16 ], "texture": "#stag", "cullface": "west" },
				"west": { "uv": [ 13.75, 14.25, 15.5, 16 ], "texture": "#stag", "cullface": "west" },
				"east": { "uv": [ 12, 14.25, 13.75, 16 ], "texture": "#stag", "cullface": "west" }
			}
		},
		{
			"__comment": "Box7",
			"from": [ 12.5, 0.625, 5.375 ],
			"to": [ 19, 7.625, 13.375 ],
			"faces": {
				"down": { "uv": [ 0, 12.25, 1.5, 14.25 ], "texture": "#stag" },
				"up": { "uv": [ 0, 10.25, 1.5, 12.25 ], "texture": "#stag" },
				"north": { "uv": [ 0, 5, 1.5, 6.75 ], "texture": "#stag" },
				"south": { "uv": [ 0, 6.75, 1.5, 8.5 ], "texture": "#stag" },
				"west": { "uv": [ 10, 14.25, 12, 16 ], "texture": "#stag" },
				"east": { "uv": [ 0, 14.25, 2, 16 ], "texture": "#stag" }
			}
		},
		{
			"__comment": "Box8",
			"from": [ 12.75, 1.625, 12.75 ],
			"to": [ 17.25, 6.625, 14.75 ],
			"faces": {
				"down": { "uv": [ 12.25, 12.75, 13.25, 13.25 ], "texture": "#stag" },
				"up": { "uv": [ 13.5, 12.75, 14.5, 13.25 ], "texture": "#stag" },
				"north": { "uv": [ 2.25, 7.75, 3.25, 9 ], "texture": "#stag" },
				"south": { "uv": [ 2.25, 6.5, 3.25, 7.75 ], "texture": "#stag" },
				"west": { "uv": [ 3.75, 3.75, 4.25, 5 ], "texture": "#stag" },
				"east": { "uv": [ 3.75, 2.5, 4.25, 3.75 ], "texture": "#stag" }
			}
		},
		{
			"__comment": "Box9",
			"from": [ 13.5, -1.375, 12.5 ],
			"to": [ 21.5, 2.125, 14.5 ],
			"rotation": { "origin": [ 21.5, -1.375, 12.5 ], "axis": "z", "angle": -22.5 },
			"faces": {
				"down": { "uv": [ 3.75, 11.75, 3.25, 9.75 ], "texture": "#stag", "cullface": "down", "rotation": 90 },
				"up": { "uv": [ 3.25, 7.75, 3.75, 9.75 ], "texture": "#stag", "cullface": "down", "rotation": 270 },
				"north": { "uv": [ 2.25, 8.75, 1.5, 6.75 ], "texture": "#stag", "cullface": "down", "rotation": 270 },
				"south": { "uv": [ 2.25, 6.75, 1.5, 4.75 ], "texture": "#stag", "cullface": "down", "rotation": 90 },
				"west": { "uv": [ 5.75, 11.5, 5, 11 ], "texture": "#stag", "cullface": "down", "rotation": 90 },
				"east": { "uv": [ 15.25, 12, 16, 12.5 ], "texture": "#stag", "cullface": "down", "rotation": 270 }
			}
		},
		{
			"__comment": "Box10",
			"from": [ 21.6729, -6.0388, 12.875 ],
			"to": [ 24.1729, 0.4612002, 14.375 ],
			"rotation": { "origin": [ 21.5, -1.375, 12.5 ], "axis": "z", "angle": 45 },
			"faces": {
				"up": { "uv": [ 10, 9.5, 10.5, 9.75 ], "texture": "#stag", "cullface": "down" },
				"north": { "uv": [ 3.25, 3, 3.75, 4.5 ], "texture": "#stag", "cullface": "down" },
				"south": { "uv": [ 3.25, 1.5, 3.75, 3 ], "texture": "#stag", "cullface": "down" },
				"west": { "uv": [ 4.25, 6.5, 4.5, 8 ], "texture": "#stag", "cullface": "down" },
				"east": { "uv": [ 4.25, 5, 4.5, 6.5 ], "texture": "#stag", "cullface": "down" }
			}
		},
		{
			"__comment": "Box8",
			"from": [ 12.75, 1.625, 3.5 ],
			"to": [ 17.25, 6.625, 5.5 ],
			"faces": {
				"down": { "uv": [ 12.5, 12.25, 13.5, 12.75 ], "texture": "#stag" },
				"up": { "uv": [ 12.5, 11.75, 13.5, 12.25 ], "texture": "#stag" },
				"north": { "uv": [ 14.75, 13, 15.75, 14.25 ], "texture": "#stag" },
				"south": { "uv": [ 2.25, 11.5, 3.25, 12.75 ], "texture": "#stag" },
				"west": { "uv": [ 4.5, 10.5, 5, 11.75 ], "texture": "#stag" },
				"east": { "uv": [ 4.5, 6.75, 5, 8 ], "texture": "#stag" }
			}
		},
		{
			"__comment": "Box9",
			"from": [ 15.625, 1, 3.5 ],
			"to": [ 23.625, 4.5, 5.5 ],
			"rotation": { "origin": [ 23.625, 1, 3.5 ], "axis": "z", "angle": 0 },
			"faces": {
				"down": { "uv": [ 2, 4.75, 1.5, 2.75 ], "texture": "#stag", "cullface": "down", "rotation": 90 },
				"up": { "uv": [ 1.5, 0.75, 2, 2.75 ], "texture": "#stag", "cullface": "down", "rotation": 270 },
				"north": { "uv": [ 2.25, 10.75, 1.5, 8.75 ], "texture": "#stag", "cullface": "down", "rotation": 270 },
				"south": { "uv": [ 2.25, 12.75, 1.5, 10.75 ], "texture": "#stag", "cullface": "down", "rotation": 90 },
				"east": { "uv": [ 6.5, 11, 7.25, 11.5 ], "texture": "#stag", "cullface": "down", "rotation": 270 }
			}
		},
		{
			"__comment": "Box10",
			"from": [ 22.5558, -3.5877, 3.75 ],
			"to": [ 25.0558, 2.9123, 5.25 ],
			"rotation": { "origin": [ 22.75, 1, 3.5 ], "axis": "z", "angle": 22.5 },
			"faces": {
				"up": { "uv": [ 4.5, 0, 5, 0.25 ], "texture": "#stag", "cullface": "down" },
				"north": { "uv": [ 3.25, 4.5, 3.75, 6 ], "texture": "#stag", "cullface": "down" },
				"south": { "uv": [ 3.25, 0, 3.75, 1.5 ], "texture": "#stag", "cullface": "down" },
				"west": { "uv": [ 5, 9.5, 5.25, 11 ], "texture": "#stag", "cullface": "down" },
				"east": { "uv": [ 5, 6.5, 5.25, 8 ], "texture": "#stag", "cullface": "down" }
			}
		},
		{
			"__comment": "Box14",
			"from": [ 0.875, 4.875, 12.75 ],
			"to": [ 5.375, 9.875, 13.75 ],
			"rotation": { "origin": [ 0.875, 4.875, 12.75 ], "axis": "z", "angle": -45 },
			"faces": {
				"down": { "uv": [ 13.75, 11.25, 14.75, 11.5 ], "texture": "#stag", "cullface": "west" },
				"up": { "uv": [ 13.75, 11, 14.75, 11.25 ], "texture": "#stag", "cullface": "west" },
				"north": { "uv": [ 2.25, 10.25, 3.25, 11.5 ], "texture": "#stag", "cullface": "west" },
				"south": { "uv": [ 2.25, 9, 3.25, 10.25 ], "texture": "#stag", "cullface": "west" },
				"west": { "uv": [ 5, 3.75, 5.25, 5 ], "texture": "#stag", "cullface": "west" },
				"east": { "uv": [ 4.25, 2.5, 4.5, 3.75 ], "texture": "#stag", "cullface": "west" }
			}
		},
		{
			"__comment": "Box14",
			"from": [ 0.5, 2.3752, 4.5 ],
			"to": [ 5.5, 6.8752, 5.5 ],
			"faces": {
				"down": { "uv": [ 15.75, 13, 16, 14.25 ], "texture": "#stag", "cullface": "west", "rotation": 90 },
				"up": { "uv": [ 5.75, 11, 5.5, 9.75 ], "texture": "#stag", "cullface": "west", "rotation": 270 },
				"north": { "uv": [ 3.25, 6.5, 2.25, 5.25 ], "texture": "#stag", "cullface": "west", "rotation": 90 },
				"south": { "uv": [ 12.25, 14.25, 11.25, 13 ], "texture": "#stag", "cullface": "west", "rotation": 270 },
				"west": { "uv": [ 15.75, 11.5, 14.75, 11.25 ], "texture": "#stag", "cullface": "west", "rotation": 270 },
				"east": { "uv": [ 14.75, 11, 15.75, 11.25 ], "texture": "#stag", "cullface": "west", "rotation": 90 }
			}
		},
		{
			"__comment": "Box16",
			"from": [ -3.4834, 4.711, 12.625 ],
			"to": [ 1.5166, 8.211, 14.125 ],
			"rotation": { "origin": [ 0.875, 4.875, 12.75 ], "axis": "z", "angle": -45 },
			"faces": {
				"down": { "uv": [ 4.25, 0, 4.5, 1.25 ], "texture": "#stag", "cullface": "west", "rotation": 90 },
				"up": { "uv": [ 4.5, 2.5, 4.25, 1.25 ], "texture": "#stag", "cullface": "west", "rotation": 270 },
				"north": { "uv": [ 4.5, 11.75, 3.75, 10.5 ], "texture": "#stag", "cullface": "west", "rotation": 90 },
				"south": { "uv": [ 3, 1.25, 2.25, 0 ], "texture": "#stag", "cullface": "west", "rotation": 270 },
				"west": { "uv": [ 9.5, 12, 8.75, 11.75 ], "texture": "#stag", "cullface": "west", "rotation": 270 },
				"east": { "uv": [ 9.5, 11.75, 10.25, 12 ], "texture": "#stag", "cullface": "west", "rotation": 90 }
			}
		},
		{
			"__comment": "Box17",
			"from": [ -4.1404, 1.5272, 12.625 ],
			"to": [ -1.6404, 8.527204, 14.125 ],
			"rotation": { "origin": [ 0.875, 4.875, 12.75 ], "axis": "z", "angle": -22.5 },
			"faces": {
				"north": { "uv": [ 15.5, 14.25, 16, 16 ], "texture": "#stag" },
				"south": { "uv": [ 3.25, 6, 3.75, 7.75 ], "texture": "#stag" },
				"west": { "uv": [ 2, 3, 2.25, 4.75 ], "texture": "#stag" },
				"east": { "uv": [ 2, 1, 2.25, 2.75 ], "texture": "#stag" }
			}
		},
		{
			"__comment": "Box16",
			"from": [ -4.125, 2.7501, 4.5 ],
			"to": [ 0.875, 6.2501, 6 ],
			"faces": {
				"down": { "uv": [ 5, 2.5, 5.25, 3.75 ], "texture": "#stag", "cullface": "west", "rotation": 90 },
				"up": { "uv": [ 5.5, 7.25, 5.25, 6 ], "texture": "#stag", "cullface": "west", "rotation": 270 },
				"north": { "uv": [ 4.5, 9.25, 3.75, 8 ], "texture": "#stag", "cullface": "west", "rotation": 90 },
				"south": { "uv": [ 4.5, 10.5, 3.75, 9.25 ], "texture": "#stag", "cullface": "west", "rotation": 270 },
				"west": { "uv": [ 11, 12, 10.25, 11.75 ], "texture": "#stag", "cullface": "west", "rotation": 270 },
				"east": { "uv": [ 11, 11.75, 11.75, 12 ], "texture": "#stag", "cullface": "west", "rotation": 90 }
			}
		},
		{
			"__comment": "Box17",
			"from": [ -8.625, -0.5, 4.5 ],
			"to": [ -2.125, 2, 6 ],
			"rotation": { "origin": [ -8.625, 2, 4.5 ], "axis": "z", "angle": 45 },
			"faces": {
				"down": { "uv": [ 5, 8, 5.25, 9.5 ], "texture": "#stag", "rotation": 90 },
				"up": { "uv": [ 5, 5.25, 4.75, 3.75 ], "texture": "#stag", "rotation": 270 },
				"north": { "uv": [ 4.25, 6.5, 3.75, 5 ], "texture": "#stag", "rotation": 90 },
				"south": { "uv": [ 4.25, 8, 3.75, 6.5 ], "texture": "#stag", "rotation": 270 }
			}
		},
		{
			"__comment": "Box20",
			"from": [ -10, -0.875, 4.125 ],
			"to": [ -8.5, 2.625, 6.125 ],
			"rotation": { "origin": [ -8.625, 2, 4.5 ], "axis": "z", "angle": 45 },
			"faces": {
				"down": { "uv": [ 13.25, 9.75, 13.75, 10 ], "texture": "#stag", "rotation": 90 },
				"up": { "uv": [ 8.75, 10, 8.25, 9.75 ], "texture": "#stag", "rotation": 270 },
				"north": { "uv": [ 12.5, 12, 11.75, 11.75 ], "texture": "#stag", "rotation": 90 },
				"south": { "uv": [ 16, 12.75, 15.25, 12.5 ], "texture": "#stag", "rotation": 270 },
				"west": { "uv": [ 8, 11.5, 7.25, 11 ], "texture": "#stag", "rotation": 270 },
				"east": { "uv": [ 11.75, 11, 12.5, 11.5 ], "texture": "#stag", "rotation": 90 }
			}
		},
		{
			"__comment": "Box20",
			"from": [ 21.8058, -4.9627, 3.5 ],
			"to": [ 25.3058, -3.4627, 5.5 ],
			"rotation": { "origin": [ 22.75, 1, 3.5 ], "axis": "z", "angle": 22.5 },
			"faces": {
				"down": { "uv": [ 11, 11, 11.75, 11.5 ], "texture": "#stag", "cullface": "down" },
				"up": { "uv": [ 10.25, 11, 11, 11.5 ], "texture": "#stag", "cullface": "down" },
				"north": { "uv": [ 11.25, 9.75, 12, 10 ], "texture": "#stag", "cullface": "down" },
				"south": { "uv": [ 13, 10.75, 13.75, 11 ], "texture": "#stag", "cullface": "down" },
				"west": { "uv": [ 13, 9.5, 13.5, 9.75 ], "texture": "#stag", "cullface": "down" },
				"east": { "uv": [ 12.5, 9.5, 13, 9.75 ], "texture": "#stag", "cullface": "down" }
			}
		},
		{
			"__comment": "Box20",
			"from": [ -4.7655, 0.0272, 12.375 ],
			"to": [ -1.2655, 1.5272, 14.375 ],
			"rotation": { "origin": [ 0.875, 4.875, 12.75 ], "axis": "z", "angle": -22.5 },
			"faces": {
				"down": { "uv": [ 8, 11, 8.75, 11.5 ], "texture": "#stag" },
				"up": { "uv": [ 8.75, 11, 9.5, 11.5 ], "texture": "#stag" },
				"north": { "uv": [ 15, 10.5, 15.75, 10.75 ], "texture": "#stag" },
				"south": { "uv": [ 15.25, 11.75, 16, 12 ], "texture": "#stag" },
				"west": { "uv": [ 11.5, 9.5, 12, 9.75 ], "texture": "#stag" },
				"east": { "uv": [ 11, 9.5, 11.5, 9.75 ], "texture": "#stag" }
			}
		},
		{
			"__comment": "Box20",
			"from": [ 21.0479, -7.5388, 12.375 ],
			"to": [ 24.5479, -6.0388, 14.375 ],
			"rotation": { "origin": [ 21.5, -1.375, 12.5 ], "axis": "z", "angle": 45 },
			"faces": {
				"down": { "uv": [ 9.5, 11, 10.25, 11.5 ], "texture": "#stag", "cullface": "down" },
				"up": { "uv": [ 5.75, 11, 6.5, 11.5 ], "texture": "#stag", "cullface": "down" },
				"north": { "uv": [ 8.5, 9.5, 9.25, 9.75 ], "texture": "#stag", "cullface": "down" },
				"south": { "uv": [ 7.75, 9.5, 8.5, 9.75 ], "texture": "#stag", "cullface": "down" },
				"west": { "uv": [ 12, 9.5, 12.5, 9.75 ], "texture": "#stag", "cullface": "down" },
				"east": { "uv": [ 10.5, 9.5, 11, 9.75 ], "texture": "#stag", "cullface": "down" }
			}
		},
		{
			"__comment": "Box24",
			"from": [ 20.875, 2.125, 7.75 ],
			"to": [ 23.375, 7.125, 9.75 ],
			"rotation": { "origin": [ 20.875, 2.125, 7.75 ], "axis": "z", "angle": 45 },
			"faces": {
				"down": { "uv": [ 4.5, 0.25, 5, 0.75 ], "texture": "#stag" },
				"up": { "uv": [ 8.25, 10, 8.75, 10.5 ], "texture": "#stag" },
				"north": { "uv": [ 4.5, 8, 5, 9.25 ], "texture": "#stag" },
				"south": { "uv": [ 3.75, 1.25, 4.25, 2.5 ], "texture": "#stag" },
				"west": { "uv": [ 4.5, 9.25, 5, 10.5 ], "texture": "#stag" },
				"east": { "uv": [ 3.75, 0, 4.25, 1.25 ], "texture": "#stag" }
			}
		},
		{
			"__comment": "Box25",
			"from": [ -1.625, 18.75, 10.625 ],
			"to": [ -0.625, 20.25, 11.625 ],
			"rotation": { "origin": [ -1.625, 18.75, 10.625 ], "axis": "x", "angle": 22.5 },
			"faces": {
				"down": { "uv": [ 6.25, 3.25, 6.5, 3.5 ], "texture": "#stag" },
				"up": { "uv": [ 7.25, 9.25, 7.5, 9.5 ], "texture": "#stag" },
				"north": { "uv": [ 15.75, 9.5, 16, 9.75 ], "texture": "#stag" },
				"south": { "uv": [ 15, 9.5, 15.25, 9.75 ], "texture": "#stag" },
				"west": { "uv": [ 14.75, 9.5, 15, 9.75 ], "texture": "#stag" },
				"east": { "uv": [ 14.5, 9.5, 14.75, 9.75 ], "texture": "#stag" }
			}
		},
		{
			"__comment": "Box25",
			"from": [ -1.625, 18.375, 6.625 ],
			"to": [ -0.625, 19.875, 7.625 ],
			"rotation": { "origin": [ -1.625, 18.375, 6.625 ], "axis": "x", "angle": -22.5 },
			"faces": {
				"down": { "uv": [ 14.25, 9.5, 14.5, 9.75 ], "texture": "#stag" },
				"up": { "uv": [ 13.5, 9.5, 13.75, 9.75 ], "texture": "#stag" },
				"north": { "uv": [ 15.75, 10.5, 16, 10.75 ], "texture": "#stag" },
				"south": { "uv": [ 15.75, 10.75, 16, 11 ], "texture": "#stag" },
				"west": { "uv": [ 14.75, 9.75, 15, 10 ], "texture": "#stag" },
				"east": { "uv": [ 14.5, 10, 14.75, 10.25 ], "texture": "#stag" }
			}
		},
		{
			"__comment": "Box27",
			"from": [ -1.25, 27.625, 19.5 ],
			"to": [ -0.75, 30.625, 20 ],
			"faces": {
				"down": { "uv": [ 14.25, 9.75, 14.5, 10 ], "texture": "#stag" },
				"up": { "uv": [ 14.25, 10, 14.5, 10.25 ], "texture": "#stag" },
				"north": { "uv": [ 6.25, 5.75, 6.5, 6.5 ], "texture": "#stag" },
				"south": { "uv": [ 13.75, 10.25, 14, 11 ], "texture": "#stag" },
				"west": { "uv": [ 14.5, 10.25, 14.75, 11 ], "texture": "#stag" },
				"east": { "uv": [ 6, 6.75, 6.25, 7.5 ], "texture": "#stag" }
			}
		},
		{
			"__comment": "Box27",
			"from": [ -1.25, 27.625, -1.75 ],
			"to": [ -0.75, 30.625, -1.25 ],
			"faces": {
				"down": { "uv": [ 13, 9.75, 13.25, 10 ], "texture": "#stag" },
				"up": { "uv": [ 9.75, 9.75, 10, 10 ], "texture": "#stag" },
				"north": { "uv": [ 6.25, 6.5, 6.5, 7.25 ], "texture": "#stag" },
				"south": { "uv": [ 6, 3.75, 6.25, 4.5 ], "texture": "#stag" },
				"west": { "uv": [ 6, 4.5, 6.25, 5.25 ], "texture": "#stag" },
				"east": { "uv": [ 6, 6, 6.25, 6.75 ], "texture": "#stag" }
			}
		},
		{
			"__comment": "Box27",
			"from": [ -1.5, 20.375, 11.25 ],
			"to": [ -0.5, 23.375, 12.25 ],
			"rotation": { "origin": [ -1.5, 20.375, 11.25 ], "axis": "x", "angle": 45 },
			"faces": {
				"down": { "uv": [ 8, 9.75, 8.25, 10 ], "texture": "#stag" },
				"up": { "uv": [ 7.5, 9.75, 7.75, 10 ], "texture": "#stag" },
				"north": { "uv": [ 6.25, 8, 6.5, 8.75 ], "texture": "#stag" },
				"south": { "uv": [ 6, 0, 6.25, 0.75 ], "texture": "#stag" },
				"west": { "uv": [ 6, 0.75, 6.25, 1.5 ], "texture": "#stag" },
				"east": { "uv": [ 6, 3, 6.25, 3.75 ], "texture": "#stag" }
			}
		},
		{
			"__comment": "Box27",
			"from": [ -1.5, 19.75, 6.25 ],
			"to": [ -0.5, 22.75, 7.25 ],
			"rotation": { "origin": [ -1.5, 19.75, 6.25 ], "axis": "x", "angle": -45 },
			"faces": {
				"down": { "uv": [ 15.75, 11.5, 16, 11.75 ], "texture": "#stag" },
				"up": { "uv": [ 2, 0.75, 2.25, 1 ], "texture": "#stag" },
				"north": { "uv": [ 6, 5.25, 6.25, 6 ], "texture": "#stag" },
				"south": { "uv": [ 15.75, 9.75, 16, 10.5 ], "texture": "#stag" },
				"west": { "uv": [ 15.5, 9.75, 15.75, 10.5 ], "texture": "#stag" },
				"east": { "uv": [ 6.25, 7.25, 6.5, 8 ], "texture": "#stag" }
			}
		},
		{
			"__comment": "Box27",
			"from": [ -1.5, 21.375, 13.5 ],
			"to": [ -0.5, 22.375, 16.5 ],
			"rotation": { "origin": [ -1.5, 22.375, 13.5 ], "axis": "x", "angle": -22.5 },
			"faces": {
				"down": { "uv": [ 8.75, 9.75, 9, 10.5 ], "texture": "#stag" },
				"up": { "uv": [ 6.25, 8.75, 6.5, 9.5 ], "texture": "#stag" },
				"north": { "uv": [ 9.5, 9.25, 9.75, 9.5 ], "texture": "#stag" },
				"south": { "uv": [ 7.75, 9.25, 8, 9.5 ], "texture": "#stag" },
				"west": { "uv": [ 7, 9.5, 7.75, 9.75 ], "texture": "#stag", "rotation": 90 },
				"east": { "uv": [ 6.25, 9.5, 7, 9.75 ], "texture": "#stag", "rotation": 270 }
			}
		},
		{
			"__comment": "Box27",
			"from": [ -1.5, 21.5, 1.375 ],
			"to": [ -0.5, 22.5, 4.375 ],
			"rotation": { "origin": [ -1.5, 21.5, 4.375 ], "axis": "x", "angle": 22.5 },
			"faces": {
				"down": { "uv": [ 14.25, 10.25, 14.5, 11 ], "texture": "#stag" },
				"up": { "uv": [ 14, 10.25, 14.25, 11 ], "texture": "#stag" },
				"north": { "uv": [ 6.25, 3, 6.5, 3.25 ], "texture": "#stag" },
				"south": { "uv": [ 14, 9.75, 14.25, 10 ], "texture": "#stag" },
				"west": { "uv": [ 9.25, 9.5, 10, 9.75 ], "texture": "#stag", "rotation": 270 },
				"east": { "uv": [ 15, 10.75, 15.75, 11 ], "texture": "#stag", "rotation": 90 }
			}
		},
		{
			"__comment": "Box27",
			"from": [ -1.5, 23.375, 16.125 ],
			"to": [ -0.5, 26.375, 17.125 ],
			"rotation": { "origin": [ -1.5, 23.375, 16.125 ], "axis": "x", "angle": 45 },
			"faces": {
				"down": { "uv": [ 1.25, 0, 1.5, 0.25 ], "texture": "#stag" },
				"up": { "uv": [ 6.25, 2.25, 6.5, 2.5 ], "texture": "#stag" },
				"north": { "uv": [ 15.25, 9.75, 15.5, 10.5 ], "texture": "#stag" },
				"south": { "uv": [ 6, 9, 6.25, 9.75 ], "texture": "#stag" },
				"west": { "uv": [ 6, 8.25, 6.25, 9 ], "texture": "#stag" },
				"east": { "uv": [ 6, 7.5, 6.25, 8.25 ], "texture": "#stag" }
			}
		},
		{
			"__comment": "Box27",
			"from": [ -1.5, 22.75, 1.5 ],
			"to": [ -0.5, 25.75, 2.5 ],
			"rotation": { "origin": [ -1.5, 22.75, 1.5 ], "axis": "x", "angle": -45 },
			"faces": {
				"down": { "uv": [ 6.25, 0.25, 6.5, 0.5 ], "texture": "#stag" },
				"up": { "uv": [ 13.25, 13, 13.5, 13.25 ], "texture": "#stag" },
				"north": { "uv": [ 13.5, 10, 13.75, 10.75 ], "texture": "#stag" },
				"south": { "uv": [ 14.75, 10.25, 15, 11 ], "texture": "#stag" },
				"west": { "uv": [ 15, 9.75, 15.25, 10.5 ], "texture": "#stag" },
				"east": { "uv": [ 6, 1.5, 6.25, 2.25 ], "texture": "#stag" }
			}
		},
		{
			"__comment": "Box27",
			"from": [ -1.5, 25.25, 18.125 ],
			"to": [ -0.5, 28.25, 19.125 ],
			"rotation": { "origin": [ -1.5, 25.25, 18.125 ], "axis": "x", "angle": 22.5 },
			"faces": {
				"down": { "uv": [ 12.25, 9.75, 12.5, 10 ], "texture": "#stag" },
				"up": { "uv": [ 12.5, 9.75, 12.75, 10 ], "texture": "#stag" },
				"north": { "uv": [ 6, 2.25, 6.25, 3 ], "texture": "#stag" },
				"south": { "uv": [ 6.25, 5, 6.5, 5.75 ], "texture": "#stag" },
				"west": { "uv": [ 6.25, 4.25, 6.5, 5 ], "texture": "#stag" },
				"east": { "uv": [ 6.25, 3.5, 6.5, 4.25 ], "texture": "#stag" }
			}
		},
		{
			"__comment": "Box27",
			"from": [ -1.5, 24.875, -0.75 ],
			"to": [ -0.5, 27.875, 0.25 ],
			"rotation": { "origin": [ -1.5, 24.875, -0.75 ], "axis": "x", "angle": -22.5 },
			"faces": {
				"down": { "uv": [ 6.25, 1.25, 6.5, 1.5 ], "texture": "#stag" },
				"up": { "uv": [ 7.5, 9.25, 7.75, 9.5 ], "texture": "#stag" },
				"north": { "uv": [ 9, 9.75, 9.25, 10.5 ], "texture": "#stag" },
				"south": { "uv": [ 12.75, 10.25, 13, 11 ], "texture": "#stag" },
				"west": { "uv": [ 13, 10, 13.25, 10.75 ], "texture": "#stag" },
				"east": { "uv": [ 13.25, 10, 13.5, 10.75 ], "texture": "#stag" }
			}
		},
		{
			"__comment": "Box37",
			"from": [ -7.625, 21.625, 2.625 ],
			"to": [ -0.125, 22.125, 3.125 ],
			"rotation": { "origin": [ -7.625, 21.625, 2.625 ], "axis": "y", "angle": -22.5 },
			"faces": {
				"down": { "uv": [ 5, 11.5, 6.75, 11.75 ], "texture": "#stag" },
				"up": { "uv": [ 13.5, 12, 15.25, 12.25 ], "texture": "#stag" },
				"north": { "uv": [ 13.5, 12.25, 15.25, 12.5 ], "texture": "#stag" },
				"south": { "uv": [ 13.5, 12.5, 15.25, 12.75 ], "texture": "#stag" },
				"west": { "uv": [ 6.25, 2.75, 6.5, 3 ], "texture": "#stag" },
				"east": { "uv": [ 6.25, 2.5, 6.5, 2.75 ], "texture": "#stag" }
			}
		},
		{
			"__comment": "Box37",
			"from": [ -5.375, 21.625, 6.625 ],
			"to": [ -0.875, 22.125, 7.125 ],
			"rotation": { "origin": [ -5.375, 21.625, 6.625 ], "axis": "z", "angle": -22.5 },
			"faces": {
				"down": { "uv": [ 10.25, 10.75, 11.25, 11 ], "texture": "#stag" },
				"up": { "uv": [ 10.25, 10.5, 11.25, 10.75 ], "texture": "#stag" },
				"north": { "uv": [ 10.25, 10.25, 11.25, 10.5 ], "texture": "#stag" },
				"south": { "uv": [ 10.25, 10, 11.25, 10.25 ], "texture": "#stag" },
				"west": { "uv": [ 6.25, 1.5, 6.5, 1.75 ], "texture": "#stag" },
				"east": { "uv": [ 6.25, 0.5, 6.5, 0.75 ], "texture": "#stag" }
			}
		},
		{
			"__comment": "Box37",
			"from": [ -5.375, 21.625, 11 ],
			"to": [ -0.875, 22.125, 11.5 ],
			"rotation": { "origin": [ -5.375, 21.625, 11 ], "axis": "z", "angle": -22.5 },
			"faces": {
				"down": { "uv": [ 10.25, 9.75, 11.25, 10 ], "texture": "#stag" },
				"up": { "uv": [ 11.25, 10.75, 12.25, 11 ], "texture": "#stag" },
				"north": { "uv": [ 11.25, 10.5, 12.25, 10.75 ], "texture": "#stag" },
				"south": { "uv": [ 11.25, 10.25, 12.25, 10.5 ], "texture": "#stag" },
				"west": { "uv": [ 6.25, 0, 6.5, 0.25 ], "texture": "#stag" },
				"east": { "uv": [ 6.5, 9.25, 6.75, 9.5 ], "texture": "#stag" }
			}
		},
		{
			"__comment": "Box37",
			"from": [ -7.75, 21.625, 15.625 ],
			"to": [ -0.25, 22.125, 16.125 ],
			"rotation": { "origin": [ -7.75, 21.625, 15.625 ], "axis": "y", "angle": 22.5 },
			"faces": {
				"down": { "uv": [ 10.25, 11.5, 12, 11.75 ], "texture": "#stag" },
				"up": { "uv": [ 13.5, 11.75, 15.25, 12 ], "texture": "#stag" },
				"north": { "uv": [ 8.5, 11.5, 10.25, 11.75 ], "texture": "#stag" },
				"south": { "uv": [ 6.75, 11.5, 8.5, 11.75 ], "texture": "#stag" },
				"west": { "uv": [ 8, 9.25, 8.25, 9.5 ], "texture": "#stag" },
				"east": { "uv": [ 8.75, 9.25, 9, 9.5 ], "texture": "#stag" }
			}
		},
		{
			"__comment": "Box41",
			"from": [ -1.25, 24.4508, -2.0607 ],
			"to": [ -0.75, 29.4508, -1.5607 ],
			"rotation": { "origin": [ -1.25, 25, -1 ], "axis": "z", "angle": 45 },
			"faces": {
				"down": { "uv": [ 9, 9.25, 9.25, 9.5 ], "texture": "#stag" },
				"up": { "uv": [ 9.25, 9.25, 9.5, 9.5 ], "texture": "#stag" },
				"north": { "uv": [ 5.25, 3.5, 5.5, 4.75 ], "texture": "#stag" },
				"south": { "uv": [ 5, 0, 5.25, 1.25 ], "texture": "#stag" },
				"west": { "uv": [ 5, 1.25, 5.25, 2.5 ], "texture": "#stag" },
				"east": { "uv": [ 4.25, 3.75, 4.5, 5 ], "texture": "#stag" }
			}
		},
		{
			"__comment": "Box41",
			"from": [ -3.625, 21.6893, 0.6893 ],
			"to": [ -3.125, 22.1893, 4.6893 ],
			"rotation": { "origin": [ -3.625, 22.75, 4.25 ], "axis": "x", "angle": 22.5 },
			"faces": {
				"down": { "uv": [ 12.25, 10, 12.5, 11 ], "texture": "#stag" },
				"up": { "uv": [ 12.5, 10, 12.75, 11 ], "texture": "#stag" },
				"north": { "uv": [ 13.25, 12.75, 13.5, 13 ], "texture": "#stag" },
				"south": { "uv": [ 14.5, 13, 14.75, 13.25 ], "texture": "#stag" },
				"west": { "uv": [ 11.25, 10, 12.25, 10.25 ], "texture": "#stag", "rotation": 270 },
				"east": { "uv": [ 11.25, 12.75, 12.25, 13 ], "texture": "#stag", "rotation": 90 }
			}
		},
		{
			"__comment": "Box43",
			"from": [ -1.375, 28.375, 19.625 ],
			"to": [ -0.875, 28.875, 25.125 ],
			"rotation": { "origin": [ -1.375, 28.875, 25.125 ], "axis": "x", "angle": -45 },
			"faces": {
				"down": { "uv": [ 3, 0, 3.25, 1.25 ], "texture": "#stag" },
				"up": { "uv": [ 5.25, 4.75, 5.5, 6 ], "texture": "#stag" },
				"north": { "uv": [ 14.5, 12.75, 14.75, 13 ], "texture": "#stag" },
				"south": { "uv": [ 2, 2.75, 2.25, 3 ], "texture": "#stag" },
				"west": { "uv": [ 0, 0, 1.25, 0.25 ], "texture": "#stag", "rotation": 180 },
				"east": { "uv": [ 10, 12.75, 11.25, 13 ], "texture": "#stag", "rotation": 180 }
			}
		},
		{
			"__comment": "Box43",
			"from": [ -1.375, 24.75, 16.25 ],
			"to": [ -0.875, 25.25, 21.75 ],
			"rotation": { "origin": [ -1.375, 25.25, 21.75 ], "axis": "x", "angle": -22.5 },
			"faces": {
				"down": { "uv": [ 5.25, 7.25, 5.5, 8.5 ], "texture": "#stag" },
				"up": { "uv": [ 5.25, 2.25, 5.5, 3.5 ], "texture": "#stag" },
				"north": { "uv": [ 15.75, 11.25, 16, 11.5 ], "texture": "#stag" },
				"south": { "uv": [ 15.75, 11, 16, 11.25 ], "texture": "#stag" },
				"west": { "uv": [ 14.75, 12.75, 16, 13 ], "texture": "#stag", "rotation": 180 },
				"east": { "uv": [ 12.5, 11, 13.75, 11.25 ], "texture": "#stag", "rotation": 180 }
			}
		},
		{
			"__comment": "Box43",
			"from": [ -1.375, 25.25, -3.875 ],
			"to": [ -0.875, 25.75, 1.625 ],
			"rotation": { "origin": [ -1.375, 25.25, -3.875 ], "axis": "x", "angle": 22.5 },
			"faces": {
				"down": { "uv": [ 7.25, 9.75, 7.5, 11 ], "texture": "#stag" },
				"up": { "uv": [ 7, 9.75, 7.25, 11 ], "texture": "#stag" },
				"north": { "uv": [ 13.75, 10, 14, 10.25 ], "texture": "#stag" },
				"south": { "uv": [ 7.75, 9.75, 8, 10 ], "texture": "#stag" },
				"west": { "uv": [ 12.5, 11.25, 13.75, 11.5 ], "texture": "#stag" },
				"east": { "uv": [ 14.5, 11.5, 15.75, 11.75 ], "texture": "#stag" }
			}
		},
		{
			"__comment": "Box43",
			"from": [ -1.375, 28.875, -7.25 ],
			"to": [ -0.875, 29.375, -1.75 ],
			"rotation": { "origin": [ -1.375, 28.875, -7.25 ], "axis": "x", "angle": 45 },
			"faces": {
				"down": { "uv": [ 6.75, 9.75, 7, 11 ], "texture": "#stag" },
				"up": { "uv": [ 6.5, 9.75, 6.75, 11 ], "texture": "#stag" },
				"north": { "uv": [ 9.25, 9.75, 9.5, 10 ], "texture": "#stag" },
				"south": { "uv": [ 9.5, 9.75, 9.75, 10 ], "texture": "#stag" },
				"west": { "uv": [ 13.25, 11.5, 14.5, 11.75 ], "texture": "#stag" },
				"east": { "uv": [ 12, 11.5, 13.25, 11.75 ], "texture": "#stag" }
			}
		},
		{
			"__comment": "Box41",
			"from": [ -0.75, 22.5607, 1.9393 ],
			"to": [ -0.25, 26.5607, 2.4393 ],
			"rotation": { "origin": [ -0.75, 23, 3 ], "axis": "x", "angle": 45 },
			"faces": {
				"down": { "uv": [ 10, 9.75, 10.25, 10 ], "texture": "#stag" },
				"up": { "uv": [ 12, 9.75, 12.25, 10 ], "texture": "#stag" },
				"north": { "uv": [ 5.25, 0, 5.5, 1 ], "texture": "#stag" },
				"south": { "uv": [ 5.5, 0, 5.75, 1 ], "texture": "#stag" },
				"west": { "uv": [ 5.75, 0, 6, 1 ], "texture": "#stag" },
				"east": { "uv": [ 7.5, 10, 7.75, 11 ], "texture": "#stag" }
			}
		},
		{
			"__comment": "Box41",
			"from": [ -1.25, 23.8258, 19.6893 ],
			"to": [ -0.75, 28.8258, 20.1893 ],
			"rotation": { "origin": [ -1.25, 24.375, 20.75 ], "axis": "z", "angle": 45 },
			"faces": {
				"down": { "uv": [ 12.75, 10, 13, 10.25 ], "texture": "#stag" },
				"up": { "uv": [ 12.75, 9.75, 13, 10 ], "texture": "#stag" },
				"north": { "uv": [ 6.25, 9.75, 6.5, 11 ], "texture": "#stag" },
				"south": { "uv": [ 6, 9.75, 6.25, 11 ], "texture": "#stag" },
				"west": { "uv": [ 5.75, 1, 6, 2.25 ], "texture": "#stag" },
				"east": { "uv": [ 5.75, 2.25, 6, 3.5 ], "texture": "#stag" }
			}
		},
		{
			"__comment": "Box41",
			"from": [ -1.25, 25.0758, 17.6893 ],
			"to": [ -0.75, 30.0758, 18.1893 ],
			"rotation": { "origin": [ -1.25, 25.625, 18.75 ], "axis": "x", "angle": -22.5 },
			"faces": {
				"down": { "uv": [ 13.75, 9.75, 14, 10 ], "texture": "#stag" },
				"up": { "uv": [ 14, 10, 14.25, 10.25 ], "texture": "#stag" },
				"north": { "uv": [ 5.75, 3.5, 6, 4.75 ], "texture": "#stag" },
				"south": { "uv": [ 5.75, 4.75, 6, 6 ], "texture": "#stag" },
				"west": { "uv": [ 5.75, 6, 6, 7.25 ], "texture": "#stag" },
				"east": { "uv": [ 5.75, 7.25, 6, 8.5 ], "texture": "#stag" }
			}
		},
		{
			"__comment": "Box41",
			"from": [ -1.25, 24.7008, -0.1857 ],
			"to": [ -0.75, 29.7008, 0.3143 ],
			"rotation": { "origin": [ -1.25, 25.25, 0.875 ], "axis": "x", "angle": 22.5 },
			"faces": {
				"down": { "uv": [ 14.5, 9.75, 14.75, 10 ], "texture": "#stag" },
				"up": { "uv": [ 14.75, 10, 15, 10.25 ], "texture": "#stag" },
				"north": { "uv": [ 5.75, 8.5, 6, 9.75 ], "texture": "#stag" },
				"south": { "uv": [ 5.75, 9.75, 6, 11 ], "texture": "#stag" },
				"west": { "uv": [ 5.5, 1, 5.75, 2.25 ], "texture": "#stag" },
				"east": { "uv": [ 5.5, 2.25, 5.75, 3.5 ], "texture": "#stag" }
			}
		},
		{
			"__comment": "Box41",
			"from": [ -1.25, 24.7008, 21.1893 ],
			"to": [ -0.75, 29.7008, 21.6893 ],
			"rotation": { "origin": [ -1.25, 25.25, 22.25 ], "axis": "x", "angle": 22.5 },
			"faces": {
				"down": { "uv": [ 13.75, 9.5, 14, 9.75 ], "texture": "#stag" },
				"up": { "uv": [ 14, 9.5, 14.25, 9.75 ], "texture": "#stag" },
				"north": { "uv": [ 5.5, 3.5, 5.75, 4.75 ], "texture": "#stag" },
				"south": { "uv": [ 5.5, 4.75, 5.75, 6 ], "texture": "#stag" },
				"west": { "uv": [ 5.5, 6, 5.75, 7.25 ], "texture": "#stag" },
				"east": { "uv": [ 5.5, 7.25, 5.75, 8.5 ], "texture": "#stag" }
			}
		},
		{
			"__comment": "Box41",
			"from": [ -1.25, 25.7008, -3.4357 ],
			"to": [ -0.75, 30.7008, -2.9357 ],
			"rotation": { "origin": [ -1.25, 26.25, -2.375 ], "axis": "x", "angle": -22.5 },
			"faces": {
				"down": { "uv": [ 15.25, 9.5, 15.5, 9.75 ], "texture": "#stag" },
				"up": { "uv": [ 15.5, 9.5, 15.75, 9.75 ], "texture": "#stag" },
				"north": { "uv": [ 5.5, 8.5, 5.75, 9.75 ], "texture": "#stag" },
				"south": { "uv": [ 5.25, 1, 5.5, 2.25 ], "texture": "#stag" },
				"west": { "uv": [ 5.25, 8.5, 5.5, 9.75 ], "texture": "#stag" },
				"east": { "uv": [ 5.25, 9.75, 5.5, 11 ], "texture": "#stag" }
			}
		},
		{
			"__comment": "Box41",
			"from": [ -3.625, 21.9357, 14.5607 ],
			"to": [ -3.125, 22.4357, 18.5607 ],
			"rotation": { "origin": [ -3.625, 21.375, 15 ], "axis": "x", "angle": -22.5 },
			"faces": {
				"down": { "uv": [ 7.75, 10, 8, 11 ], "texture": "#stag" },
				"up": { "uv": [ 8, 10, 8.25, 11 ], "texture": "#stag" },
				"north": { "uv": [ 6.25, 2, 6.5, 2.25 ], "texture": "#stag" },
				"south": { "uv": [ 6.25, 1.75, 6.5, 2 ], "texture": "#stag" },
				"west": { "uv": [ 8.25, 10.75, 9.25, 11 ], "texture": "#stag", "rotation": 90 },
				"east": { "uv": [ 8.25, 10.5, 9.25, 10.75 ], "texture": "#stag", "rotation": 270 }
			}
		},
		{
			"__comment": "Box41",
			"from": [ -0.75, 20.8419, 5.3456 ],
			"to": [ -0.25, 27.3419, 5.8456 ],
			"rotation": { "origin": [ -0.75, 21.75, 6.875 ], "axis": "x", "angle": 22.5 },
			"faces": {
				"down": { "uv": [ 6.25, 1, 6.5, 1.25 ], "texture": "#stag" },
				"up": { "uv": [ 6.25, 0.75, 6.5, 1 ], "texture": "#stag" },
				"north": { "uv": [ 4.75, 0.75, 5, 2.25 ], "texture": "#stag" },
				"south": { "uv": [ 4.5, 0.75, 4.75, 2.25 ], "texture": "#stag" },
				"west": { "uv": [ 4.75, 2.25, 5, 3.75 ], "texture": "#stag" },
				"east": { "uv": [ 4.5, 2.25, 4.75, 3.75 ], "texture": "#stag" }
			}
		},
		{
			"__comment": "Box41",
			"from": [ -0.75, 23.4357, 15.4393 ],
			"to": [ -0.25, 27.4357, 15.9393 ],
			"rotation": { "origin": [ -0.75, 23.875, 16.5 ], "axis": "x", "angle": -45 },
			"faces": {
				"down": { "uv": [ 6.75, 9.25, 7, 9.5 ], "texture": "#stag" },
				"up": { "uv": [ 7, 9.25, 7.25, 9.5 ], "texture": "#stag" },
				"north": { "uv": [ 10, 10, 10.25, 11 ], "texture": "#stag" },
				"south": { "uv": [ 9.25, 10, 9.5, 11 ], "texture": "#stag" },
				"west": { "uv": [ 9.5, 10, 9.75, 11 ], "texture": "#stag" },
				"east": { "uv": [ 9.75, 10, 10, 11 ], "texture": "#stag" }
			}
		},
		{
			"__comment": "Box41",
			"from": [ -0.75, 22.0919, 12.0956 ],
			"to": [ -0.25, 28.5919, 12.5956 ],
			"rotation": { "origin": [ -0.75, 23, 13.625 ], "axis": "x", "angle": -22.5 },
			"faces": {
				"down": { "uv": [ 8.25, 9.25, 8.5, 9.5 ], "texture": "#stag" },
				"up": { "uv": [ 8.5, 9.25, 8.75, 9.5 ], "texture": "#stag" },
				"north": { "uv": [ 5, 5, 5.25, 6.5 ], "texture": "#stag" },
				"south": { "uv": [ 4.5, 3.75, 4.75, 5.25 ], "texture": "#stag" },
				"west": { "uv": [ 4.75, 5.25, 5, 6.75 ], "texture": "#stag" },
				"east": { "uv": [ 4.5, 5.25, 4.75, 6.75 ], "texture": "#stag" }
			}
		},
		{
			"__comment": "Box57",
			"from": [ 8.875, 3.375, 7.625 ],
			"to": [ 12.375, 6.375, 8.625 ],
			"faces": {
				"down": { "uv": [ 12.5, 8.500001, 13.5, 9.5 ], "texture": "#stag" },
				"up": { "uv": [ 12.5, 8.500001, 13.5, 9.5 ], "texture": "#stag" },
				"north": { "uv": [ 12.5, 8.500001, 13.5, 9.5 ], "texture": "#stag" },
				"south": { "uv": [ 12.5, 8.500001, 13.5, 9.5 ], "texture": "#stag" },
				"west": { "uv": [ 12.5, 8.500001, 13.5, 9.5 ], "texture": "#stag" },
				"east": { "uv": [ 12.5, 8.500001, 13.5, 9.5 ], "texture": "#stag" }
			}
		}
	],
	"display": {
		"thirdperson_righthand": {
			"rotation":  [ 0, -90, -90 ],
			"translation":  [ 0, -4.869, 0 ],
			"scale":  [ 0.5, 0.5, 0.5 ]
		},
		"thirdperson_lefthand": {
			"rotation":  [ 0, 90, 90 ],
			"translation":  [ 0, -4.869, 0 ],
			"scale":  [ 0.5, 0.5, 0.5 ]
		},
		"firstperson_righthand": {
			"rotation":  [ 2, -90, 0 ],
			"translation":  [ 0, 4.1745, 7.6521 ],
			"scale":  [ 0.5, 0.5, 0.5 ]
		},
		"firstperson_lefthand": {
			"rotation":  [ 2, 88, 0 ],
			"translation":  [ 0, 4.1745, 7.6521 ],
			"scale":  [ 0.5, 0.5, 0.5 ]
		},
		"gui": {
			"translation":  [ 2.0869, 0.6956, 2.0869 ],
			"scale":  [ 0.3, 0.3, 0.3 ]
		},
		"head": {
			"rotation":  [ 0, -90, 0 ],
			"translation":  [ 2.0869, -9.028, 0.6953 ],
			"scale":  [ 2.3, 2.3, 2.3 ]
		},
		"ground": {
			"translation":  [ 0, 2.0869, 0 ],
			"scale":  [ 0.3, 0.3, 0.3 ]
		},
		"fixed": {
			"rotation":  [ 0, -92, 90 ],
			"translation":  [ 2.7826, 13.913, -46.59 ],
			"scale":  [ 3, 3, 3 ]
		}
	}
}