{
	"__comment": "Cubik Studio - https://cubik.studio",
	"textures": {
		"swan": "item/swan"
	},
	"elements": [ 	 
		{
			"__comment": "Box1",
			"from": [ 3.2612, 2.354, -4.6955 ],
			"to": [ 4.312357, 2.93315, -3.354875 ],
			"faces": {
				"down": { "uv": [ 5, 9, 6, 10 ], "texture": "#swan" },
				"up": { "uv": [ 14, 12, 15, 13 ], "texture": "#swan" },
				"north": { "uv": [ 15, 12, 16, 13 ], "texture": "#swan" },
				"south": { "uv": [ 11, 11, 12, 12 ], "texture": "#swan" },
				"west": { "uv": [ 11, 10, 12, 11 ], "texture": "#swan", "rotation": 270 },
				"east": { "uv": [ 5, 11, 6, 12 ], "texture": "#swan", "rotation": 90 }
			}
		},
		{
			"__comment": "Box1",
			"from": [ 1.8612, -0.4428, 3.2482 ],
			"to": [ 5.40045, 2.45295, 8.07445 ],
			"faces": {
				"down": { "uv": [ 3, 9, 4, 11 ], "texture": "#swan" },
				"up": { "uv": [ 4, 9, 5, 11 ], "texture": "#swan" },
				"north": { "uv": [ 3, 8, 4, 9 ], "texture": "#swan" },
				"south": { "uv": [ 5, 10, 6, 11 ], "texture": "#swan" },
				"west": { "uv": [ 4, 8, 6, 9 ], "texture": "#swan" },
				"east": { "uv": [ 6, 8, 4, 9 ], "texture": "#swan" }
			}
		},
		{
			"__comment": "Box3",
			"from": [ 4.8374, -2.0612, 6.9389 ],
			"to": [ 5.4809, -0.2079198, 7.5824 ],
			"rotation": { "origin": [ 1.7808, -2.0612, 6.9389 ], "axis": "x", "angle": -22.5 },
			"faces": {
				"down": { "uv": [ 15, 13, 16, 14 ], "texture": "#swan" },
				"up": { "uv": [ 15, 13, 16, 14 ], "texture": "#swan" },
				"north": { "uv": [ 15, 13, 16, 14 ], "texture": "#swan" },
				"south": { "uv": [ 15, 13, 16, 14 ], "texture": "#swan" },
				"west": { "uv": [ 15, 13, 16, 14 ], "texture": "#swan" },
				"east": { "uv": [ 15, 13, 16, 14 ], "texture": "#swan" }
			}
		},
		{
			"__comment": "Box3",
			"from": [ 8.0388, 1.5073, 3.2068 ],
			"to": [ 10.4148, 2.0023, 3.71368 ],
			"rotation": { "origin": [ 5.3163, 1.4677, 3.2068 ], "axis": "y", "angle": -45 },
			"faces": {
				"down": { "uv": [ 10, 9, 11, 10 ], "texture": "#swan", "rotation": 270 },
				"up": { "uv": [ 10, 9, 11, 10 ], "texture": "#swan", "rotation": 270 },
				"north": { "uv": [ 10, 9, 11, 10 ], "texture": "#swan", "rotation": 270 },
				"south": { "uv": [ 10, 9, 11, 10 ], "texture": "#swan", "rotation": 270 },
				"west": { "uv": [ 10, 9, 11, 10 ], "texture": "#swan", "rotation": 270 },
				"east": { "uv": [ 10, 9, 11, 10 ], "texture": "#swan", "rotation": 270 }
			}
		},
		{
			"__comment": "PlaneY5",
			"from": [ 4.0331, -3.5561, 7.217 ],
			"to": [ 6.28535, -1.303849, 7.217644 ],
			"rotation": { "origin": [ 1.7808, -1.6862, 6.9389 ], "axis": "x", "angle": 45 },
			"faces": {
				"north": { "uv": [ 14, 7.5, 15.5, 6 ], "texture": "#swan" },
				"south": { "uv": [ 14, 7.5, 15.5, 6 ], "texture": "#swan" }
			}
		},
		{
			"__comment": "PlaneY5",
			"from": [ 5.3782, 1.8519, 3.6442 ],
			"to": [ 14.9782, 1.8531, 7.8442 ],
			"rotation": { "origin": [ 5.3163, 1.4677, 3.2068 ], "axis": "y", "angle": -45 },
			"faces": {
				"down": { "uv": [ 0, 16, 3, 14 ], "texture": "#swan", "rotation": 180 },
				"up": { "uv": [ 0, 14, 3, 16 ], "texture": "#swan", "rotation": 180 }
			}
		},
		{
			"__comment": "Box1",
			"from": [ 2.183, -0.282, 8.0745 ],
			"to": [ 5.07875, 1.97025, 10.005 ],
			"faces": {
				"down": { "uv": [ 7, 9, 8, 10 ], "texture": "#swan" },
				"up": { "uv": [ 7, 8, 8, 9 ], "texture": "#swan" },
				"north": { "uv": [ 8, 15, 9, 16 ], "texture": "#swan" },
				"south": { "uv": [ 9, 15, 10, 16 ], "texture": "#swan" },
				"west": { "uv": [ 12, 15, 11, 16 ], "texture": "#swan" },
				"east": { "uv": [ 11, 15, 12, 16 ], "texture": "#swan" }
			}
		},
		{
			"__comment": "Box1",
			"from": [ 2.183, 0.7636, 2.5244 ],
			"to": [ 5.07875, 2.6941, 4.13315 ],
			"faces": {
				"down": { "uv": [ 12, 15, 13, 16 ], "texture": "#swan" },
				"up": { "uv": [ 13, 15, 14, 16 ], "texture": "#swan" },
				"north": { "uv": [ 14, 15, 15, 16 ], "texture": "#swan" },
				"south": { "uv": [ 15, 15, 16, 16 ], "texture": "#swan" },
				"west": { "uv": [ 8, 14, 9, 15 ], "texture": "#swan" },
				"east": { "uv": [ 9, 14, 8, 15 ], "texture": "#swan" }
			}
		},
		{
			"__comment": "Box1",
			"from": [ 2.7589, 1.4212, 1.3022 ],
			"to": [ 4.528525, 2.60095, 2.776888 ],
			"faces": {
				"down": { "uv": [ 9, 11, 8, 10 ], "texture": "#swan" },
				"up": { "uv": [ 8, 9, 9, 10 ], "texture": "#swan" },
				"north": { "uv": [ 9, 12, 8, 11 ], "texture": "#swan" },
				"south": { "uv": [ 8, 12, 9, 13 ], "texture": "#swan" },
				"west": { "uv": [ 8, 8, 9, 9 ], "texture": "#swan", "rotation": 270 },
				"east": { "uv": [ 9, 8, 8, 9 ], "texture": "#swan", "rotation": 90 }
			}
		},
		{
			"__comment": "Box1",
			"from": [ 2.925, 2.2422, -2.212 ],
			"to": [ 4.501736, 3.3147, -0.8713751 ],
			"faces": {
				"down": { "uv": [ 14, 15, 13, 14 ], "texture": "#swan" },
				"up": { "uv": [ 13, 14, 14, 15 ], "texture": "#swan" },
				"north": { "uv": [ 12, 15, 11, 14 ], "texture": "#swan" },
				"south": { "uv": [ 10, 14, 11, 15 ], "texture": "#swan" },
				"west": { "uv": [ 14, 14, 15, 15 ], "texture": "#swan", "rotation": 270 },
				"east": { "uv": [ 15, 14, 14, 15 ], "texture": "#swan", "rotation": 90 }
			}
		},
		{
			"__comment": "Box1",
			"from": [ 2.9984, 2.0603, -3.5814 ],
			"to": [ 4.575136, 3.400924, -1.97265 ],
			"faces": {
				"down": { "uv": [ 9, 13, 10, 14 ], "texture": "#swan" },
				"up": { "uv": [ 9, 12, 10, 13 ], "texture": "#swan" },
				"north": { "uv": [ 9, 11, 10, 12 ], "texture": "#swan" },
				"south": { "uv": [ 9, 10, 10, 11 ], "texture": "#swan" },
				"west": { "uv": [ 9, 9, 10, 10 ], "texture": "#swan", "rotation": 270 },
				"east": { "uv": [ 9, 10, 10, 9 ], "texture": "#swan", "rotation": 270 }
			}
		},
		{
			"__comment": "PlaneY5",
			"from": [ 0.9764, -3.4242, 7.2648 ],
			"to": [ 3.22865, -1.171951, 7.265444 ],
			"rotation": { "origin": [ 1.7808, -1.6862, 6.9389 ], "axis": "x", "angle": 45 },
			"faces": {
				"north": { "uv": [ 15.5, 7.5, 14, 6 ], "texture": "#swan" },
				"south": { "uv": [ 14, 7.5, 15.5, 6 ], "texture": "#swan" }
			}
		},
		{
			"__comment": "Box3",
			"from": [ 1.7808, -2.0612, 6.9389 ],
			"to": [ 2.4243, -0.2079198, 7.5824 ],
			"rotation": { "origin": [ 1.7808, -2.0612, 6.9389 ], "axis": "x", "angle": -22.5 },
			"faces": {
				"down": { "uv": [ 15, 13, 16, 14 ], "texture": "#swan" },
				"up": { "uv": [ 15, 13, 16, 14 ], "texture": "#swan" },
				"north": { "uv": [ 15, 13, 16, 14 ], "texture": "#swan" },
				"south": { "uv": [ 15, 13, 16, 14 ], "texture": "#swan" },
				"west": { "uv": [ 15, 13, 16, 14 ], "texture": "#swan" },
				"east": { "uv": [ 15, 13, 16, 14 ], "texture": "#swan" }
			}
		},
		{
			"__comment": "Box3",
			"from": [ 5.3163, 1.4677, 3.2068 ],
			"to": [ 8.1675, 2.1013, 4.1968 ],
			"rotation": { "origin": [ 5.3163, 1.4677, 3.2068 ], "axis": "y", "angle": -45 },
			"faces": {
				"down": { "uv": [ 10, 9, 11, 10 ], "texture": "#swan", "rotation": 270 },
				"up": { "uv": [ 10, 9, 11, 10 ], "texture": "#swan", "rotation": 270 },
				"north": { "uv": [ 10, 9, 11, 10 ], "texture": "#swan", "rotation": 270 },
				"south": { "uv": [ 10, 9, 11, 10 ], "texture": "#swan", "rotation": 270 },
				"west": { "uv": [ 10, 9, 11, 10 ], "texture": "#swan", "rotation": 270 },
				"east": { "uv": [ 10, 9, 11, 10 ], "texture": "#swan", "rotation": 270 }
			}
		},
		{
			"__comment": "PlaneY5",
			"from": [ 0.8789, 1.2338, 9.4837 ],
			"to": [ 6.818901, 1.23578, 13.4437 ],
			"faces": {
				"down": { "uv": [ 0, 10, 3, 8 ], "texture": "#swan" },
				"up": { "uv": [ 0, 8, 3, 10 ], "texture": "#swan" }
			}
		},
		{
			"__comment": "PlaneY5",
			"from": [ -6.9669, 1.7814, 5.4445 ],
			"to": [ 2.633101, 1.7826, 9.644501 ],
			"rotation": { "origin": [ -0.1322, 1.4814, 5.0443 ], "axis": "y", "angle": 45 },
			"faces": {
				"down": { "uv": [ 3, 16, 0, 14 ], "texture": "#swan", "rotation": 180 },
				"up": { "uv": [ 3, 14, 0, 16 ], "texture": "#swan", "rotation": 180 }
			}
		},
		{
			"__comment": "Box3",
			"from": [ -0.1322, 1.4814, 5.0443 ],
			"to": [ 2.719, 2.115, 6.0343 ],
			"rotation": { "origin": [ -0.1322, 1.4814, 5.0443 ], "axis": "y", "angle": 45 },
			"faces": {
				"down": { "uv": [ 10, 9, 11, 10 ], "texture": "#swan", "rotation": 270 },
				"up": { "uv": [ 10, 9, 11, 10 ], "texture": "#swan", "rotation": 270 },
				"north": { "uv": [ 10, 9, 11, 10 ], "texture": "#swan", "rotation": 270 },
				"south": { "uv": [ 10, 9, 11, 10 ], "texture": "#swan", "rotation": 270 },
				"west": { "uv": [ 10, 9, 11, 10 ], "texture": "#swan", "rotation": 270 },
				"east": { "uv": [ 10, 9, 11, 10 ], "texture": "#swan", "rotation": 270 }
			}
		},
		{
			"__comment": "Box3",
			"from": [ -2.3797, 1.5804, 5.0442 ],
			"to": [ -0.003700495, 2.0754, 5.55108 ],
			"rotation": { "origin": [ -0.1322, 1.4814, 5.0443 ], "axis": "y", "angle": 45 },
			"faces": {
				"down": { "uv": [ 10, 9, 11, 10 ], "texture": "#swan", "rotation": 270 },
				"up": { "uv": [ 10, 9, 11, 10 ], "texture": "#swan", "rotation": 270 },
				"north": { "uv": [ 10, 9, 11, 10 ], "texture": "#swan", "rotation": 270 },
				"south": { "uv": [ 10, 9, 11, 10 ], "texture": "#swan", "rotation": 270 },
				"west": { "uv": [ 10, 9, 11, 10 ], "texture": "#swan", "rotation": 270 },
				"east": { "uv": [ 10, 9, 11, 10 ], "texture": "#swan", "rotation": 270 }
			}
		},
		{
			"__comment": "Box1",
			"from": [ 2.875, 1.75, 0.2844 ],
			"to": [ 4.48375, 2.8225, 1.625025 ],
			"faces": {
				"down": { "uv": [ 14, 15, 13, 14 ], "texture": "#swan" },
				"up": { "uv": [ 13, 14, 14, 15 ], "texture": "#swan" },
				"north": { "uv": [ 12, 15, 11, 14 ], "texture": "#swan" },
				"south": { "uv": [ 10, 14, 11, 15 ], "texture": "#swan" },
				"west": { "uv": [ 14, 14, 15, 15 ], "texture": "#swan", "rotation": 270 },
				"east": { "uv": [ 15, 14, 14, 15 ], "texture": "#swan", "rotation": 90 }
			}
		},
		{
			"__comment": "Box1",
			"from": [ 2.905, 2.01, -0.9656 ],
			"to": [ 4.481736, 3.0825, 0.375025 ],
			"faces": {
				"down": { "uv": [ 14, 15, 13, 14 ], "texture": "#swan" },
				"up": { "uv": [ 13, 14, 14, 15 ], "texture": "#swan" },
				"north": { "uv": [ 12, 15, 11, 14 ], "texture": "#swan" },
				"south": { "uv": [ 10, 14, 11, 15 ], "texture": "#swan" },
				"west": { "uv": [ 14, 14, 15, 15 ], "texture": "#swan", "rotation": 270 },
				"east": { "uv": [ 15, 14, 14, 15 ], "texture": "#swan", "rotation": 90 }
			}
		}
	],
	"display": {
		"thirdperson_righthand": {
			"rotation":  [ 72, -2, 0 ],
			"translation":  [ 8.3478, -1.548, 9.7391 ]
		},
		"thirdperson_lefthand": {
			"rotation":  [ 72, -2, 0 ],
			"translation":  [ -8.346, -1.548, 9.7391 ]
		},
		"firstperson_righthand": {
			"translation":  [ 15.304, 6.2608, 0 ]
		},
		"firstperson_lefthand": {
			"translation":  [ -7.651, 9.739, 4.1739 ]
		},
		"gui": {
			"rotation":  [ 11, 101, 0 ],
			"translation":  [ 2.0869, 5.5652, -2.782 ]
		},
		"head": {
			"translation":  [ 13.217, -6.222, 10.433 ],
			"scale":  [ 2.8, 2.8, 2.8 ]
		},
		"ground": {
			"translation":  [ 0, 5.5651, 0 ]
		},
		"fixed": {
			"rotation":  [ -90, 0, 0 ],
			"translation":  [ 9.0434, 7.6504, -18.77 ],
			"scale":  [ 2, 2, 2 ]
		}
	}
}