{
	"__comment": "Cubik Studio - https://cubik.studio",
	"textures": {
		"swan": "item/swan"
	},
	"elements": [ 	 
		{
			"__comment": "Box1",
			"from": [ 1.2974, 4.1303, 2.8726 ],
			"to": [ 1.87655, 5.470925, 3.923757 ],
			"rotation": { "origin": [ 1.925, 5.625, 4.26 ], "axis": "z", "angle": -45 },
			"faces": {
				"down": { "uv": [ 16, 13, 15, 12 ], "texture": "#swan", "rotation": 90 },
				"up": { "uv": [ 11, 11, 12, 12 ], "texture": "#swan", "rotation": 270 },
				"north": { "uv": [ 6, 12, 5, 11 ], "texture": "#swan" },
				"south": { "uv": [ 12, 11, 11, 10 ], "texture": "#swan" },
				"west": { "uv": [ 14, 12, 15, 13 ], "texture": "#swan", "rotation": 180 },
				"east": { "uv": [ 6, 10, 5, 9 ], "texture": "#swan", "rotation": 180 }
			}
		},
		{
			"__comment": "Box1",
			"from": [ 1.8612, -0.4428, 3.2482 ],
			"to": [ 5.40045, 2.45295, 8.07445 ],
			"faces": {
				"down": { "uv": [ 3, 9, 4, 11 ], "texture": "#swan" },
				"up": { "uv": [ 4, 9, 5, 11 ], "texture": "#swan" },
				"north": { "uv": [ 3, 8, 4, 9 ], "texture": "#swan" },
				"south": { "uv": [ 5, 10, 6, 11 ], "texture": "#swan" },
				"west": { "uv": [ 4, 8, 6, 9 ], "texture": "#swan" },
				"east": { "uv": [ 6, 8, 4, 9 ], "texture": "#swan" }
			}
		},
		{
			"__comment": "Box3",
			"from": [ 4.8374, -2.1862, 6.1889 ],
			"to": [ 5.4809, -0.3329197, 6.8324 ],
			"faces": {
				"down": { "uv": [ 15, 13, 16, 14 ], "texture": "#swan" },
				"up": { "uv": [ 15, 13, 16, 14 ], "texture": "#swan" },
				"north": { "uv": [ 15, 13, 16, 14 ], "texture": "#swan" },
				"south": { "uv": [ 15, 13, 16, 14 ], "texture": "#swan" },
				"west": { "uv": [ 15, 13, 16, 14 ], "texture": "#swan" },
				"east": { "uv": [ 15, 13, 16, 14 ], "texture": "#swan" }
			}
		},
		{
			"__comment": "Box3",
			"from": [ 5.5494, 1.3823, 6.2943 ],
			"to": [ 6.05628, 1.8773, 8.6703 ],
			"faces": {
				"down": { "uv": [ 10, 9, 11, 10 ], "texture": "#swan", "rotation": 180 },
				"up": { "uv": [ 10, 9, 11, 10 ], "texture": "#swan" },
				"north": { "uv": [ 10, 9, 11, 10 ], "texture": "#swan", "rotation": 270 },
				"south": { "uv": [ 10, 9, 11, 10 ], "texture": "#swan", "rotation": 270 },
				"west": { "uv": [ 10, 9, 11, 10 ], "texture": "#swan", "rotation": 270 },
				"east": { "uv": [ 10, 9, 11, 10 ], "texture": "#swan", "rotation": 270 }
			}
		},
		{
			"__comment": "PlaneY5",
			"from": [ 4.0331, -2.1862, 4.3388 ],
			"to": [ 6.28535, -2.185556, 6.591051 ],
			"faces": {
				"down": { "uv": [ 14, 7.5, 15.5, 6 ], "texture": "#swan" },
				"up": { "uv": [ 15.5, 6, 14, 7.5 ], "texture": "#swan" }
			}
		},
		{
			"__comment": "PlaneY5",
			"from": [ 1.4189, 1.7269, 3.6337 ],
			"to": [ 5.6189, 1.7281, 13.2337 ],
			"faces": {
				"down": { "uv": [ 0, 16, 3, 14 ], "texture": "#swan", "rotation": 90 },
				"up": { "uv": [ 0, 14, 3, 16 ], "texture": "#swan", "rotation": 270 }
			}
		},
		{
			"__comment": "Box1",
			"from": [ 2.183, -0.282, 8.0745 ],
			"to": [ 5.07875, 1.97025, 10.005 ],
			"faces": {
				"down": { "uv": [ 7, 9, 8, 10 ], "texture": "#swan" },
				"up": { "uv": [ 7, 8, 8, 9 ], "texture": "#swan" },
				"north": { "uv": [ 8, 15, 9, 16 ], "texture": "#swan" },
				"south": { "uv": [ 9, 15, 10, 16 ], "texture": "#swan" },
				"west": { "uv": [ 12, 15, 11, 16 ], "texture": "#swan" },
				"east": { "uv": [ 11, 15, 12, 16 ], "texture": "#swan" }
			}
		},
		{
			"__comment": "Box1",
			"from": [ 2.183, 0.7636, 2.5244 ],
			"to": [ 5.07875, 2.6941, 4.13315 ],
			"faces": {
				"down": { "uv": [ 12, 15, 13, 16 ], "texture": "#swan" },
				"up": { "uv": [ 13, 15, 14, 16 ], "texture": "#swan" },
				"north": { "uv": [ 14, 15, 15, 16 ], "texture": "#swan" },
				"south": { "uv": [ 15, 15, 16, 16 ], "texture": "#swan" },
				"west": { "uv": [ 8, 14, 9, 15 ], "texture": "#swan" },
				"east": { "uv": [ 9, 14, 8, 15 ], "texture": "#swan" }
			}
		},
		{
			"__comment": "Box1",
			"from": [ 2.7589, 2.4659, 2.6114 ],
			"to": [ 4.528525, 3.940588, 3.79115 ],
			"rotation": { "origin": [ 2.758844, 2.465905, 2.611406 ], "axis": "x", "angle": 22.5 },
			"faces": {
				"down": { "uv": [ 8, 12, 9, 13 ], "texture": "#swan" },
				"up": { "uv": [ 8, 11, 9, 12 ], "texture": "#swan" },
				"north": { "uv": [ 8, 10, 9, 11 ], "texture": "#swan" },
				"south": { "uv": [ 8, 9, 9, 10 ], "texture": "#swan" },
				"west": { "uv": [ 8, 8, 9, 9 ], "texture": "#swan" },
				"east": { "uv": [ 9, 8, 8, 9 ], "texture": "#swan" }
			}
		},
		{
			"__comment": "Box1",
			"from": [ 1.1572, 4.8713, 2.6833 ],
			"to": [ 2.2297, 6.211925, 4.260036 ],
			"rotation": { "origin": [ 1.3, 7.5, 4.26 ], "axis": "z", "angle": 45 },
			"faces": {
				"down": { "uv": [ 10, 14, 11, 15 ], "texture": "#swan", "rotation": 90 },
				"up": { "uv": [ 11, 14, 12, 15 ], "texture": "#swan", "rotation": 270 },
				"north": { "uv": [ 15, 14, 14, 15 ], "texture": "#swan" },
				"south": { "uv": [ 14, 14, 15, 15 ], "texture": "#swan" },
				"west": { "uv": [ 13, 14, 14, 15 ], "texture": "#swan" },
				"east": { "uv": [ 13, 14, 14, 15 ], "texture": "#swan" }
			}
		},
		{
			"__comment": "Box1",
			"from": [ 0.8296, 5.2444, 2.6099 ],
			"to": [ 2.170225, 6.85315, 4.186636 ],
			"rotation": { "origin": [ 1.925, 5.625, 4.26 ], "axis": "z", "angle": -45 },
			"faces": {
				"down": { "uv": [ 10, 12, 9, 11 ], "texture": "#swan", "rotation": 90 },
				"up": { "uv": [ 9, 10, 10, 11 ], "texture": "#swan", "rotation": 270 },
				"north": { "uv": [ 10, 9, 9, 10 ], "texture": "#swan", "rotation": 180 },
				"south": { "uv": [ 10, 10, 9, 9 ], "texture": "#swan" },
				"west": { "uv": [ 9, 12, 10, 13 ], "texture": "#swan", "rotation": 180 },
				"east": { "uv": [ 10, 14, 9, 13 ], "texture": "#swan", "rotation": 180 }
			}
		},
		{
			"__comment": "PlaneY5",
			"from": [ 0.9764, -2.1862, 4.5862 ],
			"to": [ 3.22865, -2.185556, 6.83845 ],
			"faces": {
				"down": { "uv": [ 14, 7.5, 15.5, 6 ], "texture": "#swan" },
				"up": { "uv": [ 14, 6, 15.5, 7.5 ], "texture": "#swan" }
			}
		},
		{
			"__comment": "Box3",
			"from": [ 1.7808, -2.1862, 6.1889 ],
			"to": [ 2.4243, -0.3329197, 6.8324 ],
			"faces": {
				"down": { "uv": [ 15, 13, 16, 14 ], "texture": "#swan" },
				"up": { "uv": [ 15, 13, 16, 14 ], "texture": "#swan" },
				"north": { "uv": [ 15, 13, 16, 14 ], "texture": "#swan" },
				"south": { "uv": [ 15, 13, 16, 14 ], "texture": "#swan" },
				"west": { "uv": [ 15, 13, 16, 14 ], "texture": "#swan" },
				"east": { "uv": [ 15, 13, 16, 14 ], "texture": "#swan" }
			}
		},
		{
			"__comment": "Box3",
			"from": [ 5.0663, 1.3427, 3.5718 ],
			"to": [ 6.0563, 1.9763, 6.423 ],
			"faces": {
				"down": { "uv": [ 10, 9, 11, 10 ], "texture": "#swan", "rotation": 180 },
				"up": { "uv": [ 10, 9, 11, 10 ], "texture": "#swan" },
				"north": { "uv": [ 10, 9, 11, 10 ], "texture": "#swan", "rotation": 270 },
				"south": { "uv": [ 10, 9, 11, 10 ], "texture": "#swan", "rotation": 270 },
				"west": { "uv": [ 10, 9, 11, 10 ], "texture": "#swan", "rotation": 270 },
				"east": { "uv": [ 10, 9, 11, 10 ], "texture": "#swan", "rotation": 270 }
			}
		},
		{
			"__comment": "PlaneY5",
			"from": [ 0.8789, 1.2338, 9.4837 ],
			"to": [ 6.818901, 1.23578, 13.4437 ],
			"faces": {
				"down": { "uv": [ 0, 10, 3, 8 ], "texture": "#swan" },
				"up": { "uv": [ 0, 8, 3, 10 ], "texture": "#swan" }
			}
		},
		{
			"__comment": "PlaneY5",
			"from": [ 1.4942, 1.7814, 3.7552 ],
			"to": [ 5.694201, 1.7826, 13.3552 ],
			"faces": {
				"down": { "uv": [ 3, 16, 0, 14 ], "texture": "#swan", "rotation": 270 },
				"up": { "uv": [ 3, 14, 0, 16 ], "texture": "#swan", "rotation": 90 }
			}
		},
		{
			"__comment": "Box3",
			"from": [ 1.094, 1.4814, 3.6693 ],
			"to": [ 2.084, 2.115, 6.5205 ],
			"faces": {
				"down": { "uv": [ 10, 9, 11, 10 ], "texture": "#swan" },
				"up": { "uv": [ 10, 9, 11, 10 ], "texture": "#swan", "rotation": 180 },
				"north": { "uv": [ 10, 9, 11, 10 ], "texture": "#swan", "rotation": 270 },
				"south": { "uv": [ 10, 9, 11, 10 ], "texture": "#swan", "rotation": 270 },
				"west": { "uv": [ 10, 9, 11, 10 ], "texture": "#swan", "rotation": 270 },
				"east": { "uv": [ 10, 9, 11, 10 ], "texture": "#swan", "rotation": 270 }
			}
		},
		{
			"__comment": "Box3",
			"from": [ 1.0939, 1.5804, 6.392 ],
			"to": [ 1.60078, 2.0754, 8.768 ],
			"faces": {
				"down": { "uv": [ 10, 9, 11, 10 ], "texture": "#swan" },
				"up": { "uv": [ 10, 9, 11, 10 ], "texture": "#swan", "rotation": 180 },
				"north": { "uv": [ 10, 9, 11, 10 ], "texture": "#swan", "rotation": 270 },
				"south": { "uv": [ 10, 9, 11, 10 ], "texture": "#swan", "rotation": 270 },
				"west": { "uv": [ 10, 9, 11, 10 ], "texture": "#swan", "rotation": 270 },
				"east": { "uv": [ 10, 9, 11, 10 ], "texture": "#swan", "rotation": 270 }
			}
		},
		{
			"__comment": "Box1",
			"from": [ 2.915, 3.5, 2.7013 ],
			"to": [ 3.9875, 4.840625, 4.31005 ],
			"faces": {
				"down": { "uv": [ 10, 14, 11, 15 ], "texture": "#swan", "rotation": 90 },
				"up": { "uv": [ 11, 14, 12, 15 ], "texture": "#swan", "rotation": 270 },
				"north": { "uv": [ 15, 14, 14, 15 ], "texture": "#swan" },
				"south": { "uv": [ 14, 14, 15, 15 ], "texture": "#swan" },
				"west": { "uv": [ 13, 14, 14, 15 ], "texture": "#swan" },
				"east": { "uv": [ 13, 14, 14, 15 ], "texture": "#swan" }
			}
		},
		{
			"__comment": "Box1",
			"from": [ 2.925, 4.75, 2.7033 ],
			"to": [ 3.9975, 6.090625, 4.280036 ],
			"faces": {
				"down": { "uv": [ 10, 14, 11, 15 ], "texture": "#swan", "rotation": 90 },
				"up": { "uv": [ 11, 14, 12, 15 ], "texture": "#swan", "rotation": 270 },
				"north": { "uv": [ 15, 14, 14, 15 ], "texture": "#swan" },
				"south": { "uv": [ 14, 14, 15, 15 ], "texture": "#swan" },
				"west": { "uv": [ 13, 14, 14, 15 ], "texture": "#swan" },
				"east": { "uv": [ 13, 14, 14, 15 ], "texture": "#swan" }
			}
		}
	],
	"display": {
		"thirdperson_righthand": {
			"rotation":  [ 72, -2, 0 ],
			"translation":  [ 8.3478, -1.548, 9.7391 ]
		},
		"thirdperson_lefthand": {
			"rotation":  [ 72, -2, 0 ],
			"translation":  [ -8.346, -1.548, 9.7391 ]
		},
		"firstperson_righthand": {
			"translation":  [ 15.304, 6.2608, 0 ]
		},
		"firstperson_lefthand": {
			"translation":  [ -7.651, 9.739, 4.1739 ]
		},
		"gui": {
			"rotation":  [ 11, 101, 0 ],
			"translation":  [ 2.0869, 5.5652, -2.782 ]
		},
		"head": {
			"translation":  [ 13.217, -13.18, 10.433 ],
			"scale":  [ 2.8, 2.8, 2.8 ]
		},
		"ground": {
			"translation":  [ 0, 5.5651, 0 ]
		},
		"fixed": {
			"rotation":  [ -90, 0, 0 ],
			"translation":  [ 9.0434, 7.6504, -18.77 ],
			"scale":  [ 2, 2, 2 ]
		}
	}
}