{
	"__comment": "Cubik Studio - https://cubik.studio",
	"textures": {
		"tawnyowl": "item/tawnyowl"
	},
	"elements": [ 	 
		{
			"__comment": "Box1",
			"from": [ 11.278, -1.4822, 4.625 ],
			"to": [ 14.278, -0.9821998, 5.125 ],
			"rotation": { "origin": [ 11.278, -1.4822, 4.625 ], "axis": "z", "angle": -45 },
			"faces": {
				"down": { "uv": [ 10, 9, 10.5, 10.5 ], "texture": "#tawnyowl", "rotation": 270 },
				"up": { "uv": [ 10, 9, 10.5, 10.5 ], "texture": "#tawnyowl", "rotation": 270 },
				"north": { "uv": [ 10, 9, 10.5, 10.5 ], "texture": "#tawnyowl", "rotation": 270 },
				"south": { "uv": [ 10, 9, 10.5, 10.5 ], "texture": "#tawnyowl", "rotation": 270 },
				"west": { "uv": [ 10, 9, 10.5, 10.5 ], "texture": "#tawnyowl", "rotation": 270 },
				"east": { "uv": [ 10, 9, 10.5, 10.5 ], "texture": "#tawnyowl", "rotation": 270 }
			}
		},
		{
			"__comment": "Box1",
			"from": [ 5.3125, 0.0077, 4.2269 ],
			"to": [ 8.3125, 2.5077, 9.2269 ],
			"faces": {
				"down": { "uv": [ 4.5, 8.5, 6, 11 ], "texture": "#tawnyowl", "rotation": 90 },
				"up": { "uv": [ 4, 8.5, 2.5, 11 ], "texture": "#tawnyowl", "rotation": 90 },
				"north": { "uv": [ 14.5, 12.5, 16, 13.5 ], "texture": "#tawnyowl" },
				"south": { "uv": [ 14.5, 12.5, 16, 13.5 ], "texture": "#tawnyowl" },
				"west": { "uv": [ 2.5, 8.5, 4, 11 ], "texture": "#tawnyowl", "rotation": 180 },
				"east": { "uv": [ 2.5, 8.5, 4, 11 ], "texture": "#tawnyowl", "rotation": 180 }
			}
		},
		{
			"__comment": "PlaneY3",
			"from": [ -3.028, -1.2839, 4.375 ],
			"to": [ 6.972, -1.2829, 9.375 ],
			"rotation": { "origin": [ 2.1595, -1.5965, 4.625 ], "axis": "z", "angle": 45 },
			"faces": {
				"down": { "uv": [ 2, 11, 7.5, 16 ], "texture": "#tawnyowl" },
				"up": { "uv": [ 7.5, 11, 2, 16 ], "texture": "#tawnyowl", "rotation": 180 }
			}
		},
		{
			"__comment": "Box5",
			"from": [ 5.3336, 0.0995, 1.8426 ],
			"to": [ 8.3336, 2.5995, 4.3426 ],
			"faces": {
				"down": { "uv": [ 13, 12.5, 14.5, 13.5 ], "texture": "#tawnyowl" },
				"up": { "uv": [ 14.5, 12.5, 16, 13.5 ], "texture": "#tawnyowl" },
				"north": { "uv": [ 10, 11.5, 11.5, 12.5 ], "texture": "#tawnyowl" },
				"south": { "uv": [ 14.5, 12.5, 16, 13.5 ], "texture": "#tawnyowl" },
				"west": { "uv": [ 9, 9, 10, 10 ], "texture": "#tawnyowl" },
				"east": { "uv": [ 10, 9, 9, 10 ], "texture": "#tawnyowl" }
			}
		},
		{
			"__comment": "PlaneY3",
			"from": [ 6.278, -1.2322, 4.3751 ],
			"to": [ 16.278, -1.2312, 9.375099 ],
			"rotation": { "origin": [ 11.278, -1.4822, 4.625 ], "axis": "z", "angle": -45 },
			"faces": {
				"down": { "uv": [ 2, 16, 7.5, 11 ], "texture": "#tawnyowl", "rotation": 180 },
				"up": { "uv": [ 2, 11, 7.5, 16 ], "texture": "#tawnyowl", "rotation": 180 }
			}
		},
		{
			"__comment": "Box12",
			"from": [ 7.25, -1.0625, 6.9375 ],
			"to": [ 7.8, 0.2874999, 7.4875 ],
			"rotation": { "origin": [ 7.25, -1.0625, 6.9375 ], "axis": "x", "angle": -22.5 },
			"faces": {
				"down": { "uv": [ 12, 10, 12.5, 10.5 ], "texture": "#tawnyowl" },
				"up": { "uv": [ 11, 8, 11.5, 8.5 ], "texture": "#tawnyowl" },
				"north": { "uv": [ 14, 12, 14.5, 12.5 ], "texture": "#tawnyowl" },
				"south": { "uv": [ 14.5, 12, 15, 12.5 ], "texture": "#tawnyowl" },
				"west": { "uv": [ 15, 12, 15.5, 12.5 ], "texture": "#tawnyowl" },
				"east": { "uv": [ 14.5, 11.5, 15, 12 ], "texture": "#tawnyowl" }
			}
		},
		{
			"__comment": "Box12",
			"from": [ 6.625, -1.2626, -0.1133 ],
			"to": [ 7.075, -0.7625999, 0.1367 ],
			"rotation": { "origin": [ 7.75, -4.5625, 5.3125 ], "axis": "x", "angle": 22.5 },
			"faces": {
				"down": { "uv": [ 15, 11.5, 15.5, 12 ], "texture": "#tawnyowl" },
				"up": { "uv": [ 15.5, 11.5, 16, 12 ], "texture": "#tawnyowl" },
				"north": { "uv": [ 11.5, 8.5, 12, 9 ], "texture": "#tawnyowl" },
				"south": { "uv": [ 14, 11, 14.5, 11.5 ], "texture": "#tawnyowl" },
				"west": { "uv": [ 15.5, 11, 16, 11.5 ], "texture": "#tawnyowl" },
				"east": { "uv": [ 11.5, 9, 12, 9.5 ], "texture": "#tawnyowl" }
			}
		},
		{
			"__comment": "PlaneY14",
			"from": [ 6.625, -1.0335, 5.9943 ],
			"to": [ 8.375, -1.033, 8.4943 ],
			"rotation": { "origin": [ 7.25, -1.0625, 7.1875 ], "axis": "x", "angle": -45 },
			"faces": {
				"down": { "uv": [ 14.5, 7.5, 15.5, 6 ], "texture": "#tawnyowl" },
				"up": { "uv": [ 14.5, 6, 15.5, 7.5 ], "texture": "#tawnyowl" }
			}
		},
		{
			"__comment": "PlaneY14",
			"from": [ 4.8125, -1.0335, 5.9943 ],
			"to": [ 6.5625, -1.033, 8.4943 ],
			"rotation": { "origin": [ 7.25, -1.0625, 7.1875 ], "axis": "x", "angle": -45 },
			"faces": {
				"down": { "uv": [ 14.5, 7.5, 15.5, 6 ], "texture": "#tawnyowl" },
				"up": { "uv": [ 14.5, 6, 15.5, 7.5 ], "texture": "#tawnyowl" }
			}
		},
		{
			"__comment": "PlaneY3",
			"from": [ 5.931, 1.897, 8.9284 ],
			"to": [ 9.431, 1.898, 13.9284 ],
			"rotation": { "origin": [ 7, -0.4375001, 8.5625 ], "axis": "y", "angle": 22.5 },
			"faces": {
				"down": { "uv": [ 13, 16, 11.5, 13.5 ], "texture": "#tawnyowl" },
				"up": { "uv": [ 13, 13.5, 11.5, 16 ], "texture": "#tawnyowl" }
			}
		},
		{
			"__comment": "Box1",
			"from": [ 6.278, -1.4822, 4.4999 ],
			"to": [ 11.278, -0.9821998, 5.4999 ],
			"rotation": { "origin": [ 11.278, -1.4822, 4.625 ], "axis": "z", "angle": -45 },
			"faces": {
				"down": { "uv": [ 4, 8.5, 4.5, 11 ], "texture": "#tawnyowl", "rotation": 270 },
				"up": { "uv": [ 4, 8.5, 4.5, 11 ], "texture": "#tawnyowl", "rotation": 270 },
				"north": { "uv": [ 4, 8.5, 4.5, 11 ], "texture": "#tawnyowl", "rotation": 270 },
				"south": { "uv": [ 4, 8.5, 4.5, 11 ], "texture": "#tawnyowl", "rotation": 270 },
				"west": { "uv": [ 4, 8.5, 4.5, 11 ], "texture": "#tawnyowl", "rotation": 270 },
				"east": { "uv": [ 4, 8.5, 4.5, 11 ], "texture": "#tawnyowl", "rotation": 270 }
			}
		},
		{
			"__comment": "Box1",
			"from": [ 2.1595, -1.5965, 4.625 ],
			"to": [ 7.1595, -1.0965, 5.625 ],
			"rotation": { "origin": [ 2.1595, -1.5965, 4.625 ], "axis": "z", "angle": 45 },
			"faces": {
				"down": { "uv": [ 4, 8.5, 4.5, 11 ], "texture": "#tawnyowl", "rotation": 270 },
				"up": { "uv": [ 4, 8.5, 4.5, 11 ], "texture": "#tawnyowl", "rotation": 90 },
				"north": { "uv": [ 4, 8.5, 4.5, 11 ], "texture": "#tawnyowl", "rotation": 270 },
				"south": { "uv": [ 4, 8.5, 4.5, 11 ], "texture": "#tawnyowl", "rotation": 270 },
				"west": { "uv": [ 4, 8.5, 4.5, 11 ], "texture": "#tawnyowl", "rotation": 270 },
				"east": { "uv": [ 4, 8.5, 4.5, 11 ], "texture": "#tawnyowl", "rotation": 270 }
			}
		},
		{
			"__comment": "Box1",
			"from": [ -0.8405, -1.5965, 4.625 ],
			"to": [ 2.1595, -1.0965, 5.125 ],
			"rotation": { "origin": [ 2.1595, -1.5965, 4.625 ], "axis": "z", "angle": 45 },
			"faces": {
				"down": { "uv": [ 10, 9, 10.5, 10.5 ], "texture": "#tawnyowl", "rotation": 270 },
				"up": { "uv": [ 10, 9, 10.5, 10.5 ], "texture": "#tawnyowl", "rotation": 90 },
				"north": { "uv": [ 10, 9, 10.5, 10.5 ], "texture": "#tawnyowl", "rotation": 270 },
				"south": { "uv": [ 10, 9, 10.5, 10.5 ], "texture": "#tawnyowl", "rotation": 270 },
				"west": { "uv": [ 10, 9, 10.5, 10.5 ], "texture": "#tawnyowl", "rotation": 270 },
				"east": { "uv": [ 10, 9, 10.5, 10.5 ], "texture": "#tawnyowl", "rotation": 270 }
			}
		},
		{
			"__comment": "PlaneY3",
			"from": [ 4.2594, 1.962, 9.334599 ],
			"to": [ 7.7594, 1.963, 14.3346 ],
			"rotation": { "origin": [ 7.75, -0.4375, 8.9375 ], "axis": "y", "angle": -22.5 },
			"faces": {
				"down": { "uv": [ 11.5, 16, 13, 13.5 ], "texture": "#tawnyowl" },
				"up": { "uv": [ 11.5, 13.5, 13, 16 ], "texture": "#tawnyowl" }
			}
		},
		{
			"__comment": "Box12",
			"from": [ 5.325, -1.0625, 6.9375 ],
			"to": [ 5.875, 0.2874999, 7.4875 ],
			"rotation": { "origin": [ 7.25, -1.0625, 6.9375 ], "axis": "x", "angle": -22.5 },
			"faces": {
				"down": { "uv": [ 12.5, 9.5, 13, 10 ], "texture": "#tawnyowl" },
				"up": { "uv": [ 12.5, 9, 13, 9.5 ], "texture": "#tawnyowl" },
				"north": { "uv": [ 12.5, 8.5, 13, 9 ], "texture": "#tawnyowl" },
				"south": { "uv": [ 12.5, 8, 13, 8.5 ], "texture": "#tawnyowl" },
				"west": { "uv": [ 13, 10.5, 13.5, 11 ], "texture": "#tawnyowl" },
				"east": { "uv": [ 13.5, 10.5, 14, 11 ], "texture": "#tawnyowl" }
			}
		}
	],
	"display": {
		"thirdperson_righthand": {
			"rotation":  [ 72, -2, 0 ],
			"translation":  [ 0, 2.0869, 0 ],
			"scale":  [ 0.5, 0.5, 0.5 ]
		},
		"thirdperson_lefthand": {
			"rotation":  [ 72, -2, 0 ],
			"translation":  [ 0, 2.0869, 0 ],
			"scale":  [ 0.5, 0.5, 0.5 ]
		},
		"gui": {
			"rotation":  [ 90, 0, 0 ],
			"scale":  [ 0.3, 0.3, 0.3 ]
		},
		"head": {
			"translation":  [ 3.4782, 6.29, 2.0881 ],
			"scale":  [ 3, 3, 3 ]
		},
		"ground": {
			"translation":  [ 0, 2.7826, 0 ],
			"scale":  [ 0.5, 0.5, 0.5 ]
		},
		"fixed": {
			"rotation":  [ -90, 0, 0 ],
			"translation":  [ 0.6956, 1.3913, -11.82 ]
		}
	}
}