{
	"__comment": "Cubik Studio - https://cubik.studio",
	"textures": {
		"tawnyowl": "item/tawnyowl"
	},
	"elements": [ 	 
		{
			"__comment": "Box1",
			"from": [ 9, 2, 9.125 ],
			"to": [ 9.5, 2.5, 12.125 ],
			"rotation": { "origin": [ 4.0345, 1.6535, 9 ], "axis": "x", "angle": 45 },
			"faces": {
				"down": { "uv": [ 10, 9, 10.5, 10.5 ], "texture": "#tawnyowl", "rotation": 180 },
				"up": { "uv": [ 10, 9, 10.5, 10.5 ], "texture": "#tawnyowl" },
				"north": { "uv": [ 10, 9, 10.5, 10.5 ], "texture": "#tawnyowl", "rotation": 270 },
				"south": { "uv": [ 10, 9, 10.5, 10.5 ], "texture": "#tawnyowl", "rotation": 270 },
				"west": { "uv": [ 10, 9, 10.5, 10.5 ], "texture": "#tawnyowl", "rotation": 270 },
				"east": { "uv": [ 10, 9, 10.5, 10.5 ], "texture": "#tawnyowl", "rotation": 270 }
			}
		},
		{
			"__comment": "Box1",
			"from": [ 5.3125, 0.0077, 4.2269 ],
			"to": [ 8.3125, 2.5077, 9.2269 ],
			"rotation": { "origin": [ 4.0345, 1.6535, 9 ], "axis": "x", "angle": 45 },
			"faces": {
				"down": { "uv": [ 4.5, 8.5, 6, 11 ], "texture": "#tawnyowl", "rotation": 90 },
				"up": { "uv": [ 4, 8.5, 2.5, 11 ], "texture": "#tawnyowl", "rotation": 90 },
				"north": { "uv": [ 14.5, 12.5, 16, 13.5 ], "texture": "#tawnyowl" },
				"south": { "uv": [ 14.5, 12.5, 16, 13.5 ], "texture": "#tawnyowl" },
				"west": { "uv": [ 2.5, 8.5, 4, 11 ], "texture": "#tawnyowl", "rotation": 180 },
				"east": { "uv": [ 2.5, 8.5, 4, 11 ], "texture": "#tawnyowl", "rotation": 180 }
			}
		},
		{
			"__comment": "PlaneY3",
			"from": [ 3.7845, 1.966, 4.5625 ],
			"to": [ 8.7845, 1.967, 14.5625 ],
			"rotation": { "origin": [ 4.0345, 1.6535, 9.375 ], "axis": "x", "angle": 45 },
			"faces": {
				"down": { "uv": [ 2, 11, 7.5, 16 ], "texture": "#tawnyowl", "rotation": 90 },
				"up": { "uv": [ 7.5, 11, 2, 16 ], "texture": "#tawnyowl", "rotation": 90 }
			}
		},
		{
			"__comment": "Box5",
			"from": [ 5.3336, 4.2245, 3.9676 ],
			"to": [ 8.3336, 6.7245, 6.4676 ],
			"rotation": { "origin": [ 4.0345, 5.7785, 11.125 ], "axis": "x", "angle": 0 },
			"faces": {
				"down": { "uv": [ 13, 12.5, 14.5, 13.5 ], "texture": "#tawnyowl" },
				"up": { "uv": [ 14.5, 12.5, 16, 13.5 ], "texture": "#tawnyowl" },
				"north": { "uv": [ 10, 11.5, 11.5, 12.5 ], "texture": "#tawnyowl" },
				"south": { "uv": [ 14.5, 12.5, 16, 13.5 ], "texture": "#tawnyowl" },
				"west": { "uv": [ 9, 9, 10, 10 ], "texture": "#tawnyowl" },
				"east": { "uv": [ 10, 9, 9, 10 ], "texture": "#tawnyowl" }
			}
		},
		{
			"__comment": "PlaneY3",
			"from": [ 4.7499, 2.25, 4.125 ],
			"to": [ 9.749899, 2.251, 14.125 ],
			"rotation": { "origin": [ 4.0345, 1.6535, 9 ], "axis": "x", "angle": 45 },
			"faces": {
				"down": { "uv": [ 2, 16, 7.5, 11 ], "texture": "#tawnyowl", "rotation": 90 },
				"up": { "uv": [ 2, 11, 7.5, 16 ], "texture": "#tawnyowl", "rotation": 270 }
			}
		},
		{
			"__comment": "Box12",
			"from": [ 7.25, -0.3125, 7.1875 ],
			"to": [ 7.8, 1.0375, 7.7375 ],
			"rotation": { "origin": [ 4.0345, 2.4035, 9 ], "axis": "x", "angle": 0 },
			"faces": {
				"down": { "uv": [ 12, 10, 12.5, 10.5 ], "texture": "#tawnyowl" },
				"up": { "uv": [ 11, 8, 11.5, 8.5 ], "texture": "#tawnyowl" },
				"north": { "uv": [ 14, 12, 14.5, 12.5 ], "texture": "#tawnyowl" },
				"south": { "uv": [ 14.5, 12, 15, 12.5 ], "texture": "#tawnyowl" },
				"west": { "uv": [ 15, 12, 15.5, 12.5 ], "texture": "#tawnyowl" },
				"east": { "uv": [ 14.5, 11.5, 15, 12 ], "texture": "#tawnyowl" }
			}
		},
		{
			"__comment": "Box12",
			"from": [ 6.625, 1.9244, 4.6712 ],
			"to": [ 7.075, 2.4244, 4.9212 ],
			"rotation": { "origin": [ 4.0345, 5.7785, 11.125 ], "axis": "x", "angle": 22.5 },
			"faces": {
				"down": { "uv": [ 15, 11.5, 15.5, 12 ], "texture": "#tawnyowl" },
				"up": { "uv": [ 15.5, 11.5, 16, 12 ], "texture": "#tawnyowl" },
				"north": { "uv": [ 11.5, 8.5, 12, 9 ], "texture": "#tawnyowl" },
				"south": { "uv": [ 14, 11, 14.5, 11.5 ], "texture": "#tawnyowl" },
				"west": { "uv": [ 15.5, 11, 16, 11.5 ], "texture": "#tawnyowl" },
				"east": { "uv": [ 11.5, 9, 12, 9.5 ], "texture": "#tawnyowl" }
			}
		},
		{
			"__comment": "PlaneY14",
			"from": [ 6.625, -0.3099, 5.7697 ],
			"to": [ 8.375, -0.3094, 8.2697 ],
			"faces": {
				"down": { "uv": [ 14.5, 7.5, 15.5, 6 ], "texture": "#tawnyowl" },
				"up": { "uv": [ 14.5, 6, 15.5, 7.5 ], "texture": "#tawnyowl" }
			}
		},
		{
			"__comment": "PlaneY14",
			"from": [ 4.8125, -0.3099, 5.7697 ],
			"to": [ 6.5625, -0.3094, 8.2697 ],
			"faces": {
				"down": { "uv": [ 14.5, 7.5, 15.5, 6 ], "texture": "#tawnyowl" },
				"up": { "uv": [ 14.5, 6, 15.5, 7.5 ], "texture": "#tawnyowl" }
			}
		},
		{
			"__comment": "PlaneY3",
			"from": [ 6.181, 1.897, 8.6784 ],
			"to": [ 9.681, 1.898, 13.6784 ],
			"rotation": { "origin": [ 4.0345, 1.6535, 8.75 ], "axis": "x", "angle": 22.5 },
			"faces": {
				"down": { "uv": [ 13, 16, 11.5, 13.5 ], "texture": "#tawnyowl" },
				"up": { "uv": [ 13, 13.5, 11.5, 16 ], "texture": "#tawnyowl" }
			}
		},
		{
			"__comment": "Box1",
			"from": [ 8.6251, 2, 4.125 ],
			"to": [ 9.6251, 2.5, 9.125 ],
			"rotation": { "origin": [ 4.0345, 1.6535, 9 ], "axis": "x", "angle": 45 },
			"faces": {
				"down": { "uv": [ 4, 8.5, 4.5, 11 ], "texture": "#tawnyowl", "rotation": 180 },
				"up": { "uv": [ 4, 8.5, 4.5, 11 ], "texture": "#tawnyowl" },
				"north": { "uv": [ 4, 8.5, 4.5, 11 ], "texture": "#tawnyowl", "rotation": 270 },
				"south": { "uv": [ 4, 8.5, 4.5, 11 ], "texture": "#tawnyowl", "rotation": 270 },
				"west": { "uv": [ 4, 8.5, 4.5, 11 ], "texture": "#tawnyowl", "rotation": 270 },
				"east": { "uv": [ 4, 8.5, 4.5, 11 ], "texture": "#tawnyowl", "rotation": 270 }
			}
		},
		{
			"__comment": "Box1",
			"from": [ 4.0345, 1.6535, 4.375 ],
			"to": [ 5.0345, 2.1535, 9.375 ],
			"rotation": { "origin": [ 4.0345, 1.6535, 9.375 ], "axis": "x", "angle": 45 },
			"faces": {
				"down": { "uv": [ 4, 8.5, 4.5, 11 ], "texture": "#tawnyowl" },
				"up": { "uv": [ 4, 8.5, 4.5, 11 ], "texture": "#tawnyowl" },
				"north": { "uv": [ 4, 8.5, 4.5, 11 ], "texture": "#tawnyowl", "rotation": 270 },
				"south": { "uv": [ 4, 8.5, 4.5, 11 ], "texture": "#tawnyowl", "rotation": 270 },
				"west": { "uv": [ 4, 8.5, 4.5, 11 ], "texture": "#tawnyowl", "rotation": 270 },
				"east": { "uv": [ 4, 8.5, 4.5, 11 ], "texture": "#tawnyowl", "rotation": 270 }
			}
		},
		{
			"__comment": "Box1",
			"from": [ 4.0345, 1.6535, 9.375 ],
			"to": [ 4.5345, 2.1535, 12.375 ],
			"rotation": { "origin": [ 4.0345, 1.6535, 9.375 ], "axis": "x", "angle": 45 },
			"faces": {
				"down": { "uv": [ 10, 9, 10.5, 10.5 ], "texture": "#tawnyowl" },
				"up": { "uv": [ 10, 9, 10.5, 10.5 ], "texture": "#tawnyowl" },
				"north": { "uv": [ 10, 9, 10.5, 10.5 ], "texture": "#tawnyowl", "rotation": 270 },
				"south": { "uv": [ 10, 9, 10.5, 10.5 ], "texture": "#tawnyowl", "rotation": 270 },
				"west": { "uv": [ 10, 9, 10.5, 10.5 ], "texture": "#tawnyowl", "rotation": 270 },
				"east": { "uv": [ 10, 9, 10.5, 10.5 ], "texture": "#tawnyowl", "rotation": 270 }
			}
		},
		{
			"__comment": "PlaneY3",
			"from": [ 4.2594, 1.962, 8.459599 ],
			"to": [ 7.7594, 1.963, 13.4596 ],
			"rotation": { "origin": [ 4.0345, 1.6535, 8.75 ], "axis": "x", "angle": 22.5 },
			"faces": {
				"down": { "uv": [ 11.5, 16, 13, 13.5 ], "texture": "#tawnyowl" },
				"up": { "uv": [ 11.5, 13.5, 13, 16 ], "texture": "#tawnyowl" }
			}
		},
		{
			"__comment": "Box12",
			"from": [ 5.325, -0.3125, 7.1875 ],
			"to": [ 5.875, 1.0375, 7.7375 ],
			"rotation": { "origin": [ 4.0345, 2.4035, 9 ], "axis": "x", "angle": 0 },
			"faces": {
				"down": { "uv": [ 12.5, 9.5, 13, 10 ], "texture": "#tawnyowl" },
				"up": { "uv": [ 12.5, 9, 13, 9.5 ], "texture": "#tawnyowl" },
				"north": { "uv": [ 12.5, 8.5, 13, 9 ], "texture": "#tawnyowl" },
				"south": { "uv": [ 12.5, 8, 13, 8.5 ], "texture": "#tawnyowl" },
				"west": { "uv": [ 13, 10.5, 13.5, 11 ], "texture": "#tawnyowl" },
				"east": { "uv": [ 13.5, 10.5, 14, 11 ], "texture": "#tawnyowl" }
			}
		}
	],
	"display": {
		"thirdperson_righthand": {
			"rotation":  [ 72, -2, 0 ],
			"translation":  [ 0, 2.0869, 0 ],
			"scale":  [ 0.5, 0.5, 0.5 ]
		},
		"thirdperson_lefthand": {
			"rotation":  [ 72, -2, 0 ],
			"translation":  [ 0, 2.0869, 0 ],
			"scale":  [ 0.5, 0.5, 0.5 ]
		},
		"gui": {
			"rotation":  [ 90, 0, 0 ],
			"scale":  [ 0.3, 0.3, 0.3 ]
		},
		"head": {
			"translation":  [ 3.4782, -4.144, 2.0881 ],
			"scale":  [ 3, 3, 3 ]
		},
		"ground": {
			"translation":  [ 0, 2.7826, 0 ],
			"scale":  [ 0.5, 0.5, 0.5 ]
		},
		"fixed": {
			"rotation":  [ -90, 0, 0 ],
			"translation":  [ 0.6956, 1.3913, -11.82 ]
		}
	}
}