{
	"__comment": "Cubik Studio - https://cubik.studio",
	"textures": {
		"particle": "item/toothitem",
		"toothitem": "item/toothitem"
	},
	"elements": [ 	 
		{
			"__comment": "PlaneZ1",
			"from": [ 5.375, 0, 1.25 ],
			"to": [ 10.375, 6, 1.251 ],
			"faces": {
				"north": { "uv": [ 0, 4, 5, 10 ], "texture": "#toothitem" },
				"south": { "uv": [ 0, 4, 5, 10 ], "texture": "#toothitem" }
			}
		}
	],
	"display": {
		"thirdperson_righthand": {
			"rotation":  [ 5, -123, 68 ],
			"translation":  [ -2.086, 3.9999, -12.71 ],
			"scale":  [ 1.5, 1.5, 1.5 ]
		},
		"thirdperson_lefthand": {
			"rotation":  [ 5, -123, 68 ],
			"translation":  [ -2.086, 3.9999, -12.71 ],
			"scale":  [ 1.5, 1.5, 1.5 ]
		},
		"firstperson_righthand": {
			"translation":  [ 6.9565, 12.521, 7.6521 ],
			"scale":  [ 2, 2, 2 ]
		},
		"firstperson_lefthand": {
			"translation":  [ 6.9565, 12.521, 7.6521 ],
			"scale":  [ 2, 2, 2 ]
		},
		"gui": {
			"translation":  [ 0, 11.826, 0 ],
			"scale":  [ 2, 2, 2 ]
		},
		"ground": {
			"translation":  [ 4.8695, 14.608, 13.216 ],
			"scale":  [ 2, 2, 2 ]
		},
		"fixed": {
			"translation":  [ 0, 18.782, 20.173 ],
			"scale":  [ 3, 3, 3 ]
		}
	}
}