{
	"__comment": "Cubik Studio - https://cubik.studio",
	"textures": {
		"toucan": "item/toucan"
	},
	"elements": [ 	 
		{
			"__comment": "Box1",
			"from": [ 8, 0.5, 5.75 ],
			"to": [ 9.35, 1.85, 8.39 ],
			"rotation": { "origin": [ 8, 0.5, 5.75 ], "axis": "x", "angle": 22.5 },
			"faces": {
				"down": { "uv": [ 10, 14, 11, 16 ], "texture": "#toucan" },
				"up": { "uv": [ 11, 14, 12, 16 ], "texture": "#toucan" },
				"north": { "uv": [ 14, 15, 15, 16 ], "texture": "#toucan" },
				"south": { "uv": [ 15, 15, 16, 16 ], "texture": "#toucan" },
				"west": { "uv": [ 12, 15, 14, 16 ], "texture": "#toucan" },
				"east": { "uv": [ 14, 15, 12, 16 ], "texture": "#toucan" }
			}
		},
		{
			"__comment": "PlaneY4",
			"from": [ 8.125, 0.135, 8.5 ],
			"to": [ 10.125, 0.136, 10.9 ],
			"rotation": { "origin": [ 8.125, 0.135, 8.5 ], "axis": "y", "angle": 22.5 },
			"faces": {
				"down": { "uv": [ 10, 16, 8, 14 ], "texture": "#toucan" },
				"up": { "uv": [ 10, 14, 8, 16 ], "texture": "#toucan" }
			}
		},
		{
			"__comment": "PlaneY4",
			"from": [ 7.625, 1.2776, 6.0737 ],
			"to": [ 9.625, 1.2786, 10.2737 ],
			"rotation": { "origin": [ 7.625, 1.125, 6 ], "axis": "x", "angle": 22.5 },
			"faces": {
				"down": { "uv": [ 2, 12, 0, 8 ], "texture": "#toucan" },
				"up": { "uv": [ 2, 8, 0, 12 ], "texture": "#toucan" }
			}
		},
		{
			"__comment": "Box1",
			"from": [ 9.4842, 1.0166, 7.2377 ],
			"to": [ 9.74992, 1.2686, 9.307671 ],
			"rotation": { "origin": [ 7.625, 1, 5.875 ], "axis": "x", "angle": 22.5 },
			"faces": {
				"down": { "uv": [ 2, 3, 3, 4 ], "texture": "#toucan" },
				"up": { "uv": [ 2, 3, 3, 4 ], "texture": "#toucan" },
				"north": { "uv": [ 2, 3, 3, 4 ], "texture": "#toucan" },
				"south": { "uv": [ 2, 3, 3, 4 ], "texture": "#toucan" },
				"west": { "uv": [ 2, 3, 3, 4 ], "texture": "#toucan" },
				"east": { "uv": [ 2, 3, 3, 4 ], "texture": "#toucan" }
			}
		},
		{
			"__comment": "Box1",
			"from": [ 9.344999, 0.9985999, 5.9705 ],
			"to": [ 9.749999, 1.2786, 7.2665 ],
			"rotation": { "origin": [ 7.625, 1, 5.875 ], "axis": "x", "angle": 22.5 },
			"faces": {
				"down": { "uv": [ 2, 3, 3, 4 ], "texture": "#toucan" },
				"up": { "uv": [ 2, 3, 3, 4 ], "texture": "#toucan" },
				"north": { "uv": [ 2, 3, 3, 4 ], "texture": "#toucan" },
				"south": { "uv": [ 2, 3, 3, 4 ], "texture": "#toucan" },
				"west": { "uv": [ 2, 3, 3, 4 ], "texture": "#toucan" },
				"east": { "uv": [ 2, 3, 3, 4 ], "texture": "#toucan" }
			}
		},
		{
			"__comment": "PlaneY4",
			"from": [ 7.25, 0.125, 7.75 ],
			"to": [ 9.25, 0.126, 10.15 ],
			"rotation": { "origin": [ 7.25, 0.125, 7.75 ], "axis": "y", "angle": -22.5 },
			"faces": {
				"down": { "uv": [ 8, 16, 10, 14 ], "texture": "#toucan" },
				"up": { "uv": [ 8, 14, 10, 16 ], "texture": "#toucan" }
			}
		},
		{
			"__comment": "PlaneY4",
			"from": [ 7.75, 1.125, 6 ],
			"to": [ 9.75, 1.126, 10.2 ],
			"rotation": { "origin": [ 7.625, 1, 5.875 ], "axis": "x", "angle": 22.5 },
			"faces": {
				"down": { "uv": [ 0, 12, 2, 8 ], "texture": "#toucan" },
				"up": { "uv": [ 0, 8, 2, 12 ], "texture": "#toucan" }
			}
		},
		{
			"__comment": "Box1",
			"from": [ 9.0834, -0.875, 7.345 ],
			"to": [ 9.375, -0.04812509, 7.625 ],
			"faces": {
				"down": { "uv": [ 14, 12, 15, 13 ], "texture": "#toucan", "rotation": 90 },
				"up": { "uv": [ 14, 12, 15, 13 ], "texture": "#toucan", "rotation": 90 },
				"north": { "uv": [ 14, 12, 15, 13 ], "texture": "#toucan", "rotation": 90 },
				"south": { "uv": [ 14, 12, 15, 13 ], "texture": "#toucan", "rotation": 90 },
				"west": { "uv": [ 14, 12, 15, 13 ], "texture": "#toucan", "rotation": 90 },
				"east": { "uv": [ 14, 12, 15, 13 ], "texture": "#toucan", "rotation": 90 }
			}
		},
		{
			"__comment": "Box1",
			"from": [ 7.625, 1.135, 7.3036 ],
			"to": [ 7.89072, 1.387, 9.37996 ],
			"rotation": { "origin": [ 7.625, 1.125, 6 ], "axis": "x", "angle": 22.5 },
			"faces": {
				"down": { "uv": [ 2, 3, 3, 4 ], "texture": "#toucan" },
				"up": { "uv": [ 2, 3, 3, 4 ], "texture": "#toucan" },
				"north": { "uv": [ 2, 3, 3, 4 ], "texture": "#toucan" },
				"south": { "uv": [ 2, 3, 3, 4 ], "texture": "#toucan" },
				"west": { "uv": [ 2, 3, 3, 4 ], "texture": "#toucan" },
				"east": { "uv": [ 2, 3, 3, 4 ], "texture": "#toucan" }
			}
		},
		{
			"__comment": "Box1",
			"from": [ 7.625, 1.125, 6 ],
			"to": [ 8.03, 1.405, 7.3 ],
			"rotation": { "origin": [ 7.625, 1.125, 6 ], "axis": "x", "angle": 22.5 },
			"faces": {
				"down": { "uv": [ 2, 3, 3, 4 ], "texture": "#toucan" },
				"up": { "uv": [ 2, 3, 3, 4 ], "texture": "#toucan" },
				"north": { "uv": [ 2, 3, 3, 4 ], "texture": "#toucan" },
				"south": { "uv": [ 2, 3, 3, 4 ], "texture": "#toucan" },
				"west": { "uv": [ 2, 3, 3, 4 ], "texture": "#toucan" },
				"east": { "uv": [ 2, 3, 3, 4 ], "texture": "#toucan" }
			}
		},
		{
			"__comment": "Box1",
			"from": [ 8.2567, 1.4334, 3.5171 ],
			"to": [ 9.018826, 1.6638, 3.883212 ],
			"faces": {
				"down": { "uv": [ 4, 12, 5, 13 ], "texture": "#toucan", "rotation": 270 },
				"up": { "uv": [ 5, 12, 6, 13 ], "texture": "#toucan", "rotation": 90 },
				"north": { "uv": [ 6, 12, 7, 13 ], "texture": "#toucan" },
				"south": { "uv": [ 7, 12, 8, 13 ], "texture": "#toucan" },
				"west": { "uv": [ 8, 12, 9, 13 ], "texture": "#toucan" },
				"east": { "uv": [ 9, 12, 8, 13 ], "texture": "#toucan" }
			}
		},
		{
			"__comment": "Box1",
			"from": [ 8.0834, -0.875, 7.345 ],
			"to": [ 8.375, -0.04812509, 7.625 ],
			"faces": {
				"down": { "uv": [ 14, 12, 15, 13 ], "texture": "#toucan", "rotation": 90 },
				"up": { "uv": [ 14, 12, 15, 13 ], "texture": "#toucan", "rotation": 90 },
				"north": { "uv": [ 14, 12, 15, 13 ], "texture": "#toucan", "rotation": 90 },
				"south": { "uv": [ 14, 12, 15, 13 ], "texture": "#toucan", "rotation": 90 },
				"west": { "uv": [ 14, 12, 15, 13 ], "texture": "#toucan", "rotation": 90 },
				"east": { "uv": [ 14, 12, 15, 13 ], "texture": "#toucan", "rotation": 90 }
			}
		},
		{
			"__comment": "PlaneY15",
			"from": [ 8.75, -0.875, 6.625 ],
			"to": [ 9.75, -0.874, 8.125 ],
			"faces": {
				"down": { "uv": [ 4, 9, 3, 8 ], "texture": "#toucan" },
				"up": { "uv": [ 4, 8, 3, 9 ], "texture": "#toucan" }
			}
		},
		{
			"__comment": "PlaneY15",
			"from": [ 7.75, -0.875, 6.625 ],
			"to": [ 8.75, -0.874, 8.125 ],
			"faces": {
				"down": { "uv": [ 3, 9, 4, 8 ], "texture": "#toucan" },
				"up": { "uv": [ 3, 8, 4, 9 ], "texture": "#toucan" }
			}
		},
		{
			"__comment": "Box1",
			"from": [ 8.309199, 1.6667, 3.5467 ],
			"to": [ 8.9653, 1.998476, 3.884186 ],
			"faces": {
				"down": { "uv": [ 3, 7, 4, 8 ], "texture": "#toucan", "rotation": 270 },
				"up": { "uv": [ 3, 6, 4, 7 ], "texture": "#toucan", "rotation": 90 },
				"north": { "uv": [ 3, 5, 4, 6 ], "texture": "#toucan" },
				"south": { "uv": [ 3, 4, 4, 5 ], "texture": "#toucan" },
				"west": { "uv": [ 3, 3, 4, 4 ], "texture": "#toucan" },
				"east": { "uv": [ 4, 3, 3, 4 ], "texture": "#toucan" }
			}
		},
		{
			"__comment": "Box1",
			"from": [ 8.155, 0.5, 5.625 ],
			"to": [ 9.155, 1.5, 6.625 ],
			"faces": {
				"down": { "uv": [ 3, 1, 4, 2 ], "texture": "#toucan" },
				"up": { "uv": [ 3, 0, 4, 1 ], "texture": "#toucan" },
				"north": { "uv": [ 4, 11, 5, 12 ], "texture": "#toucan" },
				"south": { "uv": [ 5, 11, 6, 12 ], "texture": "#toucan" },
				"west": { "uv": [ 6, 11, 7, 12 ], "texture": "#toucan" },
				"east": { "uv": [ 7, 11, 8, 12 ], "texture": "#toucan" }
			}
		},
		{
			"__comment": "Box1",
			"from": [ 8.065, 1.25, 5.875 ],
			"to": [ 9.264999, 2.45, 6.475 ],
			"faces": {
				"down": { "uv": [ 8, 11, 9, 12 ], "texture": "#toucan" },
				"up": { "uv": [ 9, 11, 10, 12 ], "texture": "#toucan" },
				"north": { "uv": [ 10, 11, 11, 12 ], "texture": "#toucan" },
				"south": { "uv": [ 11, 11, 12, 12 ], "texture": "#toucan" },
				"west": { "uv": [ 12, 11, 13, 12 ], "texture": "#toucan" },
				"east": { "uv": [ 13, 11, 12, 12 ], "texture": "#toucan" }
			}
		},
		{
			"__comment": "Box1",
			"from": [ 8.148399, 1.75, 5.0538 ],
			"to": [ 9.148399, 2.47, 5.87028 ],
			"faces": {
				"down": { "uv": [ 14, 11, 15, 12 ], "texture": "#toucan", "rotation": 270 },
				"up": { "uv": [ 15, 11, 16, 12 ], "texture": "#toucan", "rotation": 90 },
				"north": { "uv": [ 4, 10, 5, 11 ], "texture": "#toucan" },
				"south": { "uv": [ 4, 9, 5, 10 ], "texture": "#toucan" },
				"west": { "uv": [ 4, 8, 5, 9 ], "texture": "#toucan" },
				"east": { "uv": [ 5, 8, 4, 9 ], "texture": "#toucan" }
			}
		},
		{
			"__comment": "Box1",
			"from": [ 8.068399, 1.375, 4.9445 ],
			"to": [ 9.23, 1.875, 5.92865 ],
			"faces": {
				"down": { "uv": [ 4, 6, 5, 7 ], "texture": "#toucan", "rotation": 270 },
				"up": { "uv": [ 4, 5, 5, 6 ], "texture": "#toucan", "rotation": 90 },
				"north": { "uv": [ 4, 4, 5, 5 ], "texture": "#toucan" },
				"south": { "uv": [ 4, 3, 5, 4 ], "texture": "#toucan" },
				"west": { "uv": [ 4, 2, 5, 3 ], "texture": "#toucan" },
				"east": { "uv": [ 5, 2, 4, 3 ], "texture": "#toucan" }
			}
		},
		{
			"__comment": "Box1",
			"from": [ 8.205, 1.79, 4.58 ],
			"to": [ 9.105, 2.366, 5.151536 ],
			"faces": {
				"down": { "uv": [ 4, 0, 5, 1 ], "texture": "#toucan", "rotation": 270 },
				"up": { "uv": [ 5, 10, 6, 11 ], "texture": "#toucan", "rotation": 90 },
				"north": { "uv": [ 6, 10, 7, 11 ], "texture": "#toucan" },
				"south": { "uv": [ 7, 10, 8, 11 ], "texture": "#toucan" },
				"west": { "uv": [ 8, 10, 9, 11 ], "texture": "#toucan" },
				"east": { "uv": [ 9, 10, 8, 11 ], "texture": "#toucan" }
			}
		},
		{
			"__comment": "Box1",
			"from": [ 8.132999, 1.385, 4.5298 ],
			"to": [ 9.178439, 1.785, 5.149815 ],
			"faces": {
				"down": { "uv": [ 10, 10, 11, 11 ], "texture": "#toucan", "rotation": 270 },
				"up": { "uv": [ 11, 10, 12, 11 ], "texture": "#toucan", "rotation": 90 },
				"north": { "uv": [ 12, 10, 13, 11 ], "texture": "#toucan" },
				"south": { "uv": [ 13, 10, 14, 11 ], "texture": "#toucan" },
				"west": { "uv": [ 14, 10, 15, 11 ], "texture": "#toucan" },
				"east": { "uv": [ 15, 10, 14, 11 ], "texture": "#toucan" }
			}
		},
		{
			"__comment": "Box1",
			"from": [ 8.255, 1.77, 4.175 ],
			"to": [ 9.065001, 2.2884, 4.59165 ],
			"faces": {
				"down": { "uv": [ 5, 9, 6, 10 ], "texture": "#toucan", "rotation": 270 },
				"up": { "uv": [ 5, 8, 6, 9 ], "texture": "#toucan", "rotation": 90 },
				"north": { "uv": [ 5, 7, 6, 8 ], "texture": "#toucan" },
				"south": { "uv": [ 5, 6, 6, 7 ], "texture": "#toucan" },
				"west": { "uv": [ 5, 5, 6, 6 ], "texture": "#toucan" },
				"east": { "uv": [ 6, 5, 5, 6 ], "texture": "#toucan" }
			}
		},
		{
			"__comment": "Box1",
			"from": [ 8.1902, 1.4055, 4.1384 ],
			"to": [ 9.131096, 1.7655, 4.590391 ],
			"faces": {
				"down": { "uv": [ 5, 3, 6, 4 ], "texture": "#toucan", "rotation": 270 },
				"up": { "uv": [ 5, 2, 6, 3 ], "texture": "#toucan", "rotation": 90 },
				"north": { "uv": [ 5, 1, 6, 2 ], "texture": "#toucan" },
				"south": { "uv": [ 5, 0, 6, 1 ], "texture": "#toucan" },
				"west": { "uv": [ 6, 9, 7, 10 ], "texture": "#toucan" },
				"east": { "uv": [ 7, 9, 6, 10 ], "texture": "#toucan" }
			}
		},
		{
			"__comment": "Box1",
			"from": [ 8.2267, 1.4234, 3.7671 ],
			"to": [ 9.073506, 1.7114, 4.173891 ],
			"faces": {
				"down": { "uv": [ 8, 9, 9, 10 ], "texture": "#toucan", "rotation": 270 },
				"up": { "uv": [ 9, 9, 10, 10 ], "texture": "#toucan", "rotation": 90 },
				"north": { "uv": [ 10, 9, 11, 10 ], "texture": "#toucan" },
				"south": { "uv": [ 11, 9, 12, 10 ], "texture": "#toucan" },
				"west": { "uv": [ 12, 9, 13, 10 ], "texture": "#toucan" },
				"east": { "uv": [ 13, 9, 12, 10 ], "texture": "#toucan" }
			}
		},
		{
			"__comment": "Box1",
			"from": [ 8.285, 1.715, 3.8 ],
			"to": [ 9.014, 2.12972, 4.174984 ],
			"faces": {
				"down": { "uv": [ 14, 9, 15, 10 ], "texture": "#toucan", "rotation": 270 },
				"up": { "uv": [ 15, 9, 16, 10 ], "texture": "#toucan", "rotation": 90 },
				"north": { "uv": [ 6, 8, 7, 9 ], "texture": "#toucan" },
				"south": { "uv": [ 6, 7, 7, 8 ], "texture": "#toucan" },
				"west": { "uv": [ 6, 6, 7, 7 ], "texture": "#toucan" },
				"east": { "uv": [ 7, 6, 6, 7 ], "texture": "#toucan" }
			}
		}
	],
	"display": {
		"thirdperson_righthand": {
			"rotation":  [ 90, 0, 0 ],
			"translation":  [ 0, -0.694, 6.9565 ]
		},
		"thirdperson_lefthand": {
			"rotation":  [ 90, 0, 0 ],
			"translation":  [ 0, -0.694, 6.9565 ]
		},
		"firstperson_righthand": {
			"translation":  [ 0, 11.826, 0 ],
			"scale":  [ 1.5, 1.5, 1.5 ]
		},
		"firstperson_lefthand": {
			"translation":  [ 2.7826, 11.826, 0 ],
			"scale":  [ 1.5, 1.5, 1.5 ]
		},
		"gui": {
			"rotation":  [ 0, 130, 0 ],
			"translation":  [ 1.3913, 6.2608, 1.3913 ]
		},
		"head": {
			"translation":  [ -2.086, -11.8, 0.696 ],
			"scale":  [ 3.5, 3.5, 3.5 ]
		},
		"ground": {
			"translation":  [ 0, 5.5652, 0 ]
		},
		"fixed": {
			"rotation":  [ -90, 0, 0 ],
			"translation":  [ -2.086, -0.695, -22.94 ],
			"scale":  [ 2.5, 2.5, 2.5 ]
		}
	}
}