{
	"__comment": "Cubik Studio - https://cubik.studio",
	"textures": {
		"toucan": "item/toucan"
	},
	"elements": [ 	 
		{
			"__comment": "Box1",
			"from": [ 8, 0.4519, 6.0082 ],
			"to": [ 9.35, 1.8019, 8.6482 ],
			"rotation": { "origin": [ 7.625, 1.125, 6 ], "axis": "x", "angle": 0 },
			"faces": {
				"down": { "uv": [ 10, 14, 11, 16 ], "texture": "#toucan" },
				"up": { "uv": [ 11, 14, 12, 16 ], "texture": "#toucan" },
				"north": { "uv": [ 14, 15, 15, 16 ], "texture": "#toucan" },
				"south": { "uv": [ 15, 15, 16, 16 ], "texture": "#toucan" },
				"west": { "uv": [ 12, 15, 14, 16 ], "texture": "#toucan" },
				"east": { "uv": [ 14, 15, 12, 16 ], "texture": "#toucan" }
			}
		},
		{
			"__comment": "PlaneY4",
			"from": [ 8.255199, 1.385, 8.625999 ],
			"to": [ 10.2552, 1.386, 11.026 ],
			"rotation": { "origin": [ 8.75, 2.375, 6.125 ], "axis": "y", "angle": 0 },
			"faces": {
				"down": { "uv": [ 10, 16, 8, 14 ], "texture": "#toucan" },
				"up": { "uv": [ 10, 14, 8, 16 ], "texture": "#toucan" }
			}
		},
		{
			"__comment": "PlaneY4",
			"from": [ 3.8513, 1.2776, 6.25 ],
			"to": [ 8.0513, 1.2786, 8.25 ],
			"faces": {
				"down": { "uv": [ 2, 12, 0, 8 ], "texture": "#toucan", "rotation": 270 },
				"up": { "uv": [ 2, 8, 0, 12 ], "texture": "#toucan", "rotation": 90 }
			}
		},
		{
			"__comment": "Box1",
			"from": [ 10.5451, 1.1033, 6.2501 ],
			"to": [ 12.61507, 1.3553, 6.51582 ],
			"faces": {
				"down": { "uv": [ 2, 3, 3, 4 ], "texture": "#toucan", "rotation": 90 },
				"up": { "uv": [ 2, 3, 3, 4 ], "texture": "#toucan", "rotation": 270 },
				"north": { "uv": [ 2, 3, 3, 4 ], "texture": "#toucan" },
				"south": { "uv": [ 2, 3, 3, 4 ], "texture": "#toucan" },
				"west": { "uv": [ 2, 3, 3, 4 ], "texture": "#toucan" },
				"east": { "uv": [ 2, 3, 3, 4 ], "texture": "#toucan" }
			}
		},
		{
			"__comment": "Box1",
			"from": [ 9.2778, 1.0853, 6.25 ],
			"to": [ 10.5738, 1.3653, 6.655 ],
			"faces": {
				"down": { "uv": [ 2, 3, 3, 4 ], "texture": "#toucan", "rotation": 90 },
				"up": { "uv": [ 2, 3, 3, 4 ], "texture": "#toucan", "rotation": 270 },
				"north": { "uv": [ 2, 3, 3, 4 ], "texture": "#toucan" },
				"south": { "uv": [ 2, 3, 3, 4 ], "texture": "#toucan" },
				"west": { "uv": [ 2, 3, 3, 4 ], "texture": "#toucan" },
				"east": { "uv": [ 2, 3, 3, 4 ], "texture": "#toucan" }
			}
		},
		{
			"__comment": "PlaneY4",
			"from": [ 7.1982, 1.375, 8.6353 ],
			"to": [ 9.1982, 1.376, 11.0353 ],
			"faces": {
				"down": { "uv": [ 8, 16, 10, 14 ], "texture": "#toucan" },
				"up": { "uv": [ 8, 14, 10, 16 ], "texture": "#toucan" }
			}
		},
		{
			"__comment": "PlaneY4",
			"from": [ 9.3074, 1.2117, 6.25 ],
			"to": [ 13.5074, 1.2127, 8.25 ],
			"faces": {
				"down": { "uv": [ 0, 12, 2, 8 ], "texture": "#toucan", "rotation": 90 },
				"up": { "uv": [ 0, 8, 2, 12 ], "texture": "#toucan", "rotation": 270 }
			}
		},
		{
			"__comment": "Box1",
			"from": [ 9.0834, -1.625, 7.72 ],
			"to": [ 9.375, -0.7981251, 8 ],
			"rotation": { "origin": [ 7.625, 0.375, 6.375 ], "axis": "x", "angle": -45 },
			"faces": {
				"down": { "uv": [ 14, 12, 15, 13 ], "texture": "#toucan", "rotation": 90 },
				"up": { "uv": [ 14, 12, 15, 13 ], "texture": "#toucan", "rotation": 90 },
				"north": { "uv": [ 14, 12, 15, 13 ], "texture": "#toucan", "rotation": 90 },
				"south": { "uv": [ 14, 12, 15, 13 ], "texture": "#toucan", "rotation": 90 },
				"west": { "uv": [ 14, 12, 15, 13 ], "texture": "#toucan", "rotation": 90 },
				"east": { "uv": [ 14, 12, 15, 13 ], "texture": "#toucan", "rotation": 90 }
			}
		},
		{
			"__comment": "Box1",
			"from": [ 4.745, 1.135, 6.25 ],
			"to": [ 6.821361, 1.387, 6.51572 ],
			"faces": {
				"down": { "uv": [ 2, 3, 3, 4 ], "texture": "#toucan", "rotation": 270 },
				"up": { "uv": [ 2, 3, 3, 4 ], "texture": "#toucan", "rotation": 90 },
				"north": { "uv": [ 2, 3, 3, 4 ], "texture": "#toucan" },
				"south": { "uv": [ 2, 3, 3, 4 ], "texture": "#toucan" },
				"west": { "uv": [ 2, 3, 3, 4 ], "texture": "#toucan" },
				"east": { "uv": [ 2, 3, 3, 4 ], "texture": "#toucan" }
			}
		},
		{
			"__comment": "Box1",
			"from": [ 6.825, 1.125, 6.25 ],
			"to": [ 8.125, 1.405, 6.655 ],
			"faces": {
				"down": { "uv": [ 2, 3, 3, 4 ], "texture": "#toucan", "rotation": 270 },
				"up": { "uv": [ 2, 3, 3, 4 ], "texture": "#toucan", "rotation": 90 },
				"north": { "uv": [ 2, 3, 3, 4 ], "texture": "#toucan" },
				"south": { "uv": [ 2, 3, 3, 4 ], "texture": "#toucan" },
				"west": { "uv": [ 2, 3, 3, 4 ], "texture": "#toucan" },
				"east": { "uv": [ 2, 3, 3, 4 ], "texture": "#toucan" }
			}
		},
		{
			"__comment": "Box1",
			"from": [ 8.2567, 1.3084, 3.1421 ],
			"to": [ 9.018826, 1.5388, 3.508212 ],
			"faces": {
				"down": { "uv": [ 4, 12, 5, 13 ], "texture": "#toucan", "rotation": 270 },
				"up": { "uv": [ 5, 12, 6, 13 ], "texture": "#toucan", "rotation": 90 },
				"north": { "uv": [ 6, 12, 7, 13 ], "texture": "#toucan" },
				"south": { "uv": [ 7, 12, 8, 13 ], "texture": "#toucan" },
				"west": { "uv": [ 8, 12, 9, 13 ], "texture": "#toucan" },
				"east": { "uv": [ 9, 12, 8, 13 ], "texture": "#toucan" }
			}
		},
		{
			"__comment": "Box1",
			"from": [ 8.0834, -1.625, 7.72 ],
			"to": [ 8.375, -0.7981251, 8 ],
			"rotation": { "origin": [ 7.625, 0.375, 6.375 ], "axis": "x", "angle": -45 },
			"faces": {
				"down": { "uv": [ 14, 12, 15, 13 ], "texture": "#toucan", "rotation": 90 },
				"up": { "uv": [ 14, 12, 15, 13 ], "texture": "#toucan", "rotation": 90 },
				"north": { "uv": [ 14, 12, 15, 13 ], "texture": "#toucan", "rotation": 90 },
				"south": { "uv": [ 14, 12, 15, 13 ], "texture": "#toucan", "rotation": 90 },
				"west": { "uv": [ 14, 12, 15, 13 ], "texture": "#toucan", "rotation": 90 },
				"east": { "uv": [ 14, 12, 15, 13 ], "texture": "#toucan", "rotation": 90 }
			}
		},
		{
			"__comment": "PlaneY15",
			"from": [ 8.75, -1.375, 9.624 ],
			"to": [ 9.75, 0.125, 9.625 ],
			"rotation": { "origin": [ 7.625, -2, 7.625 ], "axis": "x", "angle": -22.5 },
			"faces": {
				"north": { "uv": [ 3, 9, 4, 8 ], "texture": "#toucan" },
				"south": { "uv": [ 4, 9, 3, 8 ], "texture": "#toucan" }
			}
		},
		{
			"__comment": "PlaneY15",
			"from": [ 7.75, -1.375, 9.624 ],
			"to": [ 8.75, 0.125, 9.625 ],
			"rotation": { "origin": [ 7.625, -2, 7.625 ], "axis": "x", "angle": -22.5 },
			"faces": {
				"north": { "uv": [ 4, 9, 3, 8 ], "texture": "#toucan" },
				"south": { "uv": [ 3, 9, 4, 8 ], "texture": "#toucan" }
			}
		},
		{
			"__comment": "Box1",
			"from": [ 8.309199, 1.5417, 3.1717 ],
			"to": [ 8.9653, 1.873476, 3.509186 ],
			"faces": {
				"down": { "uv": [ 3, 7, 4, 8 ], "texture": "#toucan", "rotation": 270 },
				"up": { "uv": [ 3, 6, 4, 7 ], "texture": "#toucan", "rotation": 90 },
				"north": { "uv": [ 3, 5, 4, 6 ], "texture": "#toucan" },
				"south": { "uv": [ 3, 4, 4, 5 ], "texture": "#toucan" },
				"west": { "uv": [ 3, 3, 4, 4 ], "texture": "#toucan" },
				"east": { "uv": [ 4, 3, 3, 4 ], "texture": "#toucan" }
			}
		},
		{
			"__comment": "Box1",
			"from": [ 8.155, 0.75, 5.625 ],
			"to": [ 9.155, 1.75, 6.625 ],
			"rotation": { "origin": [ 7.625, 1.125, 6 ], "axis": "x", "angle": 22.5 },
			"faces": {
				"down": { "uv": [ 5, 12, 4, 11 ], "texture": "#toucan" },
				"up": { "uv": [ 5, 11, 6, 12 ], "texture": "#toucan" },
				"north": { "uv": [ 4, 1, 3, 0 ], "texture": "#toucan" },
				"south": { "uv": [ 3, 1, 4, 2 ], "texture": "#toucan" },
				"west": { "uv": [ 6, 11, 7, 12 ], "texture": "#toucan", "rotation": 270 },
				"east": { "uv": [ 7, 11, 8, 12 ], "texture": "#toucan", "rotation": 90 }
			}
		},
		{
			"__comment": "Box1",
			"from": [ 8.065, 1.125, 5.5 ],
			"to": [ 9.264999, 2.325, 6.1 ],
			"faces": {
				"down": { "uv": [ 8, 11, 9, 12 ], "texture": "#toucan" },
				"up": { "uv": [ 9, 11, 10, 12 ], "texture": "#toucan" },
				"north": { "uv": [ 10, 11, 11, 12 ], "texture": "#toucan" },
				"south": { "uv": [ 11, 11, 12, 12 ], "texture": "#toucan" },
				"west": { "uv": [ 12, 11, 13, 12 ], "texture": "#toucan" },
				"east": { "uv": [ 13, 11, 12, 12 ], "texture": "#toucan" }
			}
		},
		{
			"__comment": "Box1",
			"from": [ 8.148399, 1.625, 4.6788 ],
			"to": [ 9.148399, 2.345, 5.49528 ],
			"faces": {
				"down": { "uv": [ 14, 11, 15, 12 ], "texture": "#toucan", "rotation": 270 },
				"up": { "uv": [ 15, 11, 16, 12 ], "texture": "#toucan", "rotation": 90 },
				"north": { "uv": [ 4, 10, 5, 11 ], "texture": "#toucan" },
				"south": { "uv": [ 4, 9, 5, 10 ], "texture": "#toucan" },
				"west": { "uv": [ 4, 8, 5, 9 ], "texture": "#toucan" },
				"east": { "uv": [ 5, 8, 4, 9 ], "texture": "#toucan" }
			}
		},
		{
			"__comment": "Box1",
			"from": [ 8.068399, 1.25, 4.5695 ],
			"to": [ 9.23, 1.75, 5.55365 ],
			"faces": {
				"down": { "uv": [ 4, 6, 5, 7 ], "texture": "#toucan", "rotation": 270 },
				"up": { "uv": [ 4, 5, 5, 6 ], "texture": "#toucan", "rotation": 90 },
				"north": { "uv": [ 4, 4, 5, 5 ], "texture": "#toucan" },
				"south": { "uv": [ 4, 3, 5, 4 ], "texture": "#toucan" },
				"west": { "uv": [ 4, 2, 5, 3 ], "texture": "#toucan" },
				"east": { "uv": [ 5, 2, 4, 3 ], "texture": "#toucan" }
			}
		},
		{
			"__comment": "Box1",
			"from": [ 8.205, 1.665, 4.205 ],
			"to": [ 9.105, 2.241, 4.776536 ],
			"faces": {
				"down": { "uv": [ 4, 0, 5, 1 ], "texture": "#toucan", "rotation": 270 },
				"up": { "uv": [ 5, 10, 6, 11 ], "texture": "#toucan", "rotation": 90 },
				"north": { "uv": [ 6, 10, 7, 11 ], "texture": "#toucan" },
				"south": { "uv": [ 7, 10, 8, 11 ], "texture": "#toucan" },
				"west": { "uv": [ 8, 10, 9, 11 ], "texture": "#toucan" },
				"east": { "uv": [ 9, 10, 8, 11 ], "texture": "#toucan" }
			}
		},
		{
			"__comment": "Box1",
			"from": [ 8.132999, 1.26, 4.1548 ],
			"to": [ 9.178439, 1.66, 4.774815 ],
			"faces": {
				"down": { "uv": [ 10, 10, 11, 11 ], "texture": "#toucan", "rotation": 270 },
				"up": { "uv": [ 11, 10, 12, 11 ], "texture": "#toucan", "rotation": 90 },
				"north": { "uv": [ 12, 10, 13, 11 ], "texture": "#toucan" },
				"south": { "uv": [ 13, 10, 14, 11 ], "texture": "#toucan" },
				"west": { "uv": [ 14, 10, 15, 11 ], "texture": "#toucan" },
				"east": { "uv": [ 15, 10, 14, 11 ], "texture": "#toucan" }
			}
		},
		{
			"__comment": "Box1",
			"from": [ 8.255, 1.645, 3.8 ],
			"to": [ 9.065001, 2.1634, 4.21665 ],
			"faces": {
				"down": { "uv": [ 5, 9, 6, 10 ], "texture": "#toucan", "rotation": 270 },
				"up": { "uv": [ 5, 8, 6, 9 ], "texture": "#toucan", "rotation": 90 },
				"north": { "uv": [ 5, 7, 6, 8 ], "texture": "#toucan" },
				"south": { "uv": [ 5, 6, 6, 7 ], "texture": "#toucan" },
				"west": { "uv": [ 5, 5, 6, 6 ], "texture": "#toucan" },
				"east": { "uv": [ 6, 5, 5, 6 ], "texture": "#toucan" }
			}
		},
		{
			"__comment": "Box1",
			"from": [ 8.1902, 1.2805, 3.7634 ],
			"to": [ 9.131096, 1.6405, 4.21539 ],
			"faces": {
				"down": { "uv": [ 5, 3, 6, 4 ], "texture": "#toucan", "rotation": 270 },
				"up": { "uv": [ 5, 2, 6, 3 ], "texture": "#toucan", "rotation": 90 },
				"north": { "uv": [ 5, 1, 6, 2 ], "texture": "#toucan" },
				"south": { "uv": [ 5, 0, 6, 1 ], "texture": "#toucan" },
				"west": { "uv": [ 6, 9, 7, 10 ], "texture": "#toucan" },
				"east": { "uv": [ 7, 9, 6, 10 ], "texture": "#toucan" }
			}
		},
		{
			"__comment": "Box1",
			"from": [ 8.2267, 1.2984, 3.3921 ],
			"to": [ 9.073506, 1.5864, 3.798891 ],
			"faces": {
				"down": { "uv": [ 8, 9, 9, 10 ], "texture": "#toucan", "rotation": 270 },
				"up": { "uv": [ 9, 9, 10, 10 ], "texture": "#toucan", "rotation": 90 },
				"north": { "uv": [ 10, 9, 11, 10 ], "texture": "#toucan" },
				"south": { "uv": [ 11, 9, 12, 10 ], "texture": "#toucan" },
				"west": { "uv": [ 12, 9, 13, 10 ], "texture": "#toucan" },
				"east": { "uv": [ 13, 9, 12, 10 ], "texture": "#toucan" }
			}
		},
		{
			"__comment": "Box1",
			"from": [ 8.285, 1.59, 3.425 ],
			"to": [ 9.014, 2.00472, 3.799985 ],
			"faces": {
				"down": { "uv": [ 14, 9, 15, 10 ], "texture": "#toucan", "rotation": 270 },
				"up": { "uv": [ 15, 9, 16, 10 ], "texture": "#toucan", "rotation": 90 },
				"north": { "uv": [ 6, 8, 7, 9 ], "texture": "#toucan" },
				"south": { "uv": [ 6, 7, 7, 8 ], "texture": "#toucan" },
				"west": { "uv": [ 6, 6, 7, 7 ], "texture": "#toucan" },
				"east": { "uv": [ 7, 6, 6, 7 ], "texture": "#toucan" }
			}
		}
	],
	"display": {
		"thirdperson_righthand": {
			"rotation":  [ 90, 0, 0 ],
			"translation":  [ 0, -0.694, 6.9565 ]
		},
		"thirdperson_lefthand": {
			"rotation":  [ 90, 0, 0 ],
			"translation":  [ 0, -0.694, 6.9565 ]
		},
		"firstperson_righthand": {
			"translation":  [ 0, 11.826, 0 ],
			"scale":  [ 1.5, 1.5, 1.5 ]
		},
		"firstperson_lefthand": {
			"translation":  [ 2.7826, 11.826, 0 ],
			"scale":  [ 1.5, 1.5, 1.5 ]
		},
		"gui": {
			"rotation":  [ 0, 130, 0 ],
			"translation":  [ 1.3913, 6.2608, 1.3913 ]
		},
		"head": {
			"translation":  [ -2.086, 11.156, 0.696 ],
			"scale":  [ 3.5, 3.5, 3.5 ]
		},
		"ground": {
			"translation":  [ 0, 5.5652, 0 ]
		},
		"fixed": {
			"rotation":  [ -90, 0, 0 ],
			"translation":  [ -2.086, -0.695, -22.94 ],
			"scale":  [ 2.5, 2.5, 2.5 ]
		}
	}
}