{
	"__comment": "Cubik Studio - https://cubik.studio",
	"textures": {
		"particle": "item/uropygiol",
		"uropygiol": "item/uropygiol"
	},
	"elements": [ 	 
		{
			"__comment": "Box1",
			"from": [ 5.25, 9.875, -1 ],
			"to": [ 10.75, 11.375, 4 ],
			"faces": {
				"up": { "uv": [ 6.5, 11, 9, 13.5 ], "texture": "#uropygiol", "cullface": "north" },
				"north": { "uv": [ 10, 11.5, 12.5, 12 ], "texture": "#uropygiol", "cullface": "north" },
				"south": { "uv": [ 10, 11.5, 12.5, 12 ], "texture": "#uropygiol", "cullface": "north" },
				"west": { "uv": [ 10, 11.5, 12.5, 12 ], "texture": "#uropygiol", "cullface": "north" },
				"east": { "uv": [ 10, 11.5, 12.5, 12 ], "texture": "#uropygiol", "cullface": "north" }
			}
		},
		{
			"__comment": "Box1",
			"from": [ 4.5, 4.375, -2 ],
			"to": [ 11.5, 7.375, 5 ],
			"faces": {
				"down": { "uv": [ 3.5, 13, 6.5, 16 ], "texture": "#uropygiol", "cullface": "north" },
				"up": { "uv": [ 0, 9, 3.5, 12.5 ], "texture": "#uropygiol", "cullface": "north" },
				"north": { "uv": [ 9, 13, 12.5, 14.5 ], "texture": "#uropygiol", "cullface": "north" },
				"south": { "uv": [ 9, 13, 12.5, 14.5 ], "texture": "#uropygiol", "cullface": "north" },
				"west": { "uv": [ 9, 13, 12.5, 14.5 ], "texture": "#uropygiol", "cullface": "north" },
				"east": { "uv": [ 9, 13, 12.5, 14.5 ], "texture": "#uropygiol", "cullface": "north" }
			}
		},
		{
			"__comment": "Box1",
			"from": [ 5, 7.375, -1.5 ],
			"to": [ 11, 9.875, 4.5 ],
			"faces": {
				"up": { "uv": [ 3.5, 10, 6.5, 13 ], "texture": "#uropygiol", "cullface": "north" },
				"north": { "uv": [ 3.5, 8, 6.5, 9 ], "texture": "#uropygiol", "cullface": "north" },
				"south": { "uv": [ 3.5, 8, 6.5, 9 ], "texture": "#uropygiol", "cullface": "north" },
				"west": { "uv": [ 3.5, 8, 6.5, 9 ], "texture": "#uropygiol", "cullface": "north" },
				"east": { "uv": [ 3.5, 8, 6.5, 9 ], "texture": "#uropygiol", "cullface": "north" }
			}
		},
		{
			"__comment": "Box4",
			"from": [ 7, 11.25, 0.375 ],
			"to": [ 9, 14.25, 2.375 ],
			"faces": {
				"north": { "uv": [ 9, 10.5, 10, 12 ], "texture": "#uropygiol" },
				"south": { "uv": [ 9, 10.5, 10, 12 ], "texture": "#uropygiol" },
				"west": { "uv": [ 9, 10.5, 10, 12 ], "texture": "#uropygiol" },
				"east": { "uv": [ 9, 10.5, 10, 12 ], "texture": "#uropygiol" }
			}
		},
		{
			"__comment": "Box5",
			"from": [ 6.125, 14, -0.375 ],
			"to": [ 9.625, 15.5, 3.125 ],
			"faces": {
				"down": { "uv": [ 6.5, 9.5, 8, 11 ], "texture": "#uropygiol", "cullface": "north" },
				"up": { "uv": [ 6.5, 8, 8, 9.5 ], "texture": "#uropygiol", "cullface": "north" },
				"north": { "uv": [ 10, 11, 11.5, 11.5 ], "texture": "#uropygiol", "cullface": "north" },
				"south": { "uv": [ 10, 10.5, 11.5, 11 ], "texture": "#uropygiol", "cullface": "north" },
				"west": { "uv": [ 10, 10, 11.5, 10.5 ], "texture": "#uropygiol", "cullface": "north" },
				"east": { "uv": [ 10, 9.5, 11.5, 10 ], "texture": "#uropygiol", "cullface": "north" }
			}
		}
	],
	"display": {
		"thirdperson_righthand": {
			"translation":  [ 0, 0.0006, 4.8695 ],
			"scale":  [ 0.5, 0.5, 0.5 ]
		},
		"thirdperson_lefthand": {
			"translation":  [ 0, 0.0006, 4.8695 ],
			"scale":  [ 0.5, 0.5, 0.5 ]
		},
		"firstperson_righthand": {
			"translation":  [ 9.7391, -1.39, -4.173 ]
		},
		"firstperson_lefthand": {
			"translation":  [ 9.7391, -1.39, -4.173 ]
		},
		"gui": {
			"translation":  [ 0, -1.391, 0 ]
		},
		"ground": {
			"scale":  [ 0.5, 0.5, 0.5 ]
		},
		"fixed": {
			"translation":  [ 0, 0, 5.5652 ]
		}
	}
}