{
	"__comment": "Cubik Studio - https://cubik.studio",
	"textures": {
		"waspnest": "item/waspnest"
	},
	"elements": [ 	 
		{
			"__comment": "Box1",
			"from": [ 4.875, 3.125, 1.75 ],
			"to": [ 9.075, 4.525, 6.3 ],
			"faces": {
				"down": { "uv": [ 0, 12, 4, 16 ], "texture": "#waspnest" },
				"up": { "uv": [ 0, 8, 4, 12 ], "texture": "#waspnest" },
				"north": { "uv": [ 10, 14, 14, 15 ], "texture": "#waspnest" },
				"south": { "uv": [ 10, 14, 14, 15 ], "texture": "#waspnest" },
				"west": { "uv": [ 10, 14, 14, 15 ], "texture": "#waspnest" },
				"east": { "uv": [ 10, 14, 14, 15 ], "texture": "#waspnest" }
			}
		},
		{
			"__comment": "Box1",
			"from": [ 6.275, 5.925, 3.325 ],
			"to": [ 7.675, 6.625, 4.725 ],
			"faces": {
				"down": { "uv": [ 14, 15, 15, 16 ], "texture": "#waspnest", "rotation": 180 },
				"up": { "uv": [ 15, 15, 16, 16 ], "texture": "#waspnest", "rotation": 180 },
				"north": { "uv": [ 15, 14, 16, 15 ], "texture": "#waspnest" },
				"south": { "uv": [ 15, 14, 16, 15 ], "texture": "#waspnest" },
				"west": { "uv": [ 15, 14, 16, 15 ], "texture": "#waspnest" },
				"east": { "uv": [ 15, 14, 16, 15 ], "texture": "#waspnest" }
			}
		},
		{
			"__comment": "Box1",
			"from": [ 5.225, 4.525, 2.275 ],
			"to": [ 8.725, 5.925, 5.775 ],
			"faces": {
				"down": { "uv": [ 4, 13, 7, 16 ], "texture": "#waspnest", "rotation": 180 },
				"up": { "uv": [ 4, 10, 7, 13 ], "texture": "#waspnest", "rotation": 180 },
				"north": { "uv": [ 4, 8, 7, 9 ], "texture": "#waspnest" },
				"south": { "uv": [ 4, 8, 7, 9 ], "texture": "#waspnest" },
				"west": { "uv": [ 4, 8, 7, 9 ], "texture": "#waspnest" },
				"east": { "uv": [ 4, 8, 7, 9 ], "texture": "#waspnest" }
			}
		},
		{
			"__comment": "Box1",
			"from": [ 5.225, 1.725, 2.275 ],
			"to": [ 8.725, 3.125, 5.775 ],
			"faces": {
				"down": { "uv": [ 7, 13, 10, 16 ], "texture": "#waspnest" },
				"up": { "uv": [ 7, 10, 10, 13 ], "texture": "#waspnest" },
				"north": { "uv": [ 13, 11, 16, 12 ], "texture": "#waspnest" },
				"south": { "uv": [ 13, 11, 16, 12 ], "texture": "#waspnest" },
				"west": { "uv": [ 13, 11, 16, 12 ], "texture": "#waspnest" },
				"east": { "uv": [ 13, 11, 16, 12 ], "texture": "#waspnest" }
			}
		},
		{
			"__comment": "Box1",
			"from": [ 6.275, 1.025, 3.325 ],
			"to": [ 7.675, 1.725, 4.725 ],
			"faces": {
				"down": { "uv": [ 14, 12, 15, 13 ], "texture": "#waspnest" },
				"up": { "uv": [ 15, 12, 16, 13 ], "texture": "#waspnest" },
				"north": { "uv": [ 15, 14, 16, 15 ], "texture": "#waspnest" },
				"south": { "uv": [ 15, 14, 16, 15 ], "texture": "#waspnest" },
				"west": { "uv": [ 15, 14, 16, 15 ], "texture": "#waspnest" },
				"east": { "uv": [ 15, 14, 16, 15 ], "texture": "#waspnest" }
			}
		}
	],
	"display": {
		"thirdperson_righthand": {
			"translation":  [ -1.391, 3.4782, 2.7826 ]
		},
		"thirdperson_lefthand": {
			"translation":  [ -1.391, 3.4782, 2.7826 ]
		},
		"firstperson_righthand": {
			"translation":  [ 4.8695, 3.4782, 0 ]
		},
		"firstperson_lefthand": {
			"translation":  [ 4.8695, 3.4782, 0 ]
		},
		"gui": {
			"translation":  [ 2.0869, 8.3478, 0 ],
			"scale":  [ 2, 2, 2 ]
		},
		"head": {
			"translation":  [ 3.4782, -22.94, 2.0948 ],
			"scale":  [ 3, 3, 3 ]
		},
		"ground": {
			"translation":  [ 0, 4.8695, 0 ]
		},
		"fixed": {
			"translation":  [ 2.0869, 9.0434, 4.8695 ],
			"scale":  [ 2, 2, 2 ]
		}
	}
}