{
 "custom.dragonroar": {
  "sounds": [
   "custom/dragonroar"
  ]
 },
 "custom.goat1": {
  "sounds": [
   "custom/goat1"
  ]
 },
 "custom.goat2": {
  "sounds": [
   "custom/goat2"
  ]
 },
 "custom.mammothatt": {
  "sounds": [
   "custom/mammothatt"
  ]
 },
 "custom.mammothambient": {
  "sounds": [
   "custom/mammothambient"
  ]
 },
 "custom.mammothambient2": {
  "sounds": [
   "custom/mammothambient2"
  ]
 },
 "custom.sabreambient": {
  "sounds": [
   "custom/sabreambient"
  ]
 },
 "custom.sabreambient2": {
  "sounds": [
   "custom/sabreambient2"
  ]
 },
 "custom.sabreatt": {
  "sounds": [
   "custom/sabreatt"
  ]
 },
 "custom.deepfishambient": {
  "sounds": [
   "custom/deepfishambient"
  ]
 },
 "custom.deepfishambient2": {
  "sounds": [
   "custom/deepfishambient2"
  ]
 },
 "custom.deepfishatt": {
  "sounds": [
   "custom/deepfishatt"
  ]
 },
 "custom.crabatt": {
  "sounds": [
   "custom/crabatt"
  ]
 },
 "custom.wormambient": {
  "sounds": [
   "custom/wormambient"
  ]
 },
 "custom.wormambient2": {
  "sounds": [
   "custom/wormambient2"
  ]
 },
 "custom.wormatt": {
  "sounds": [
   "custom/wormatt"
  ]
 },
 "custom.scorpionambient": {
  "sounds": [
   "custom/scorpionambient"
  ]
 },
 "custom.scorpionatt": {
  "sounds": [
   "custom/scorpionatt"
  ]
 },
 "custom.antelope1": {
  "sounds": [
   "custom/antelope1"
  ]
 },
 "custom.antelope2": {
  "sounds": [
   "custom/antelope2"
  ]
 },
 "custom.mosquitodeath": {
  "sounds": [
   "custom/mosquitodeath"
  ]
 },
 "custom.mosquito": {
  "sounds": [
   "custom/mosquito"
  ]
 },
 "custom.spiderwalk": {
  "sounds": [
   "custom/spiderwalk"
  ]
 },
 "custom.nests": {
  "sounds": [
   "custom/nests"
  ]
 },
 "custom.grasshopperday": {
  "sounds": [
   "custom/grasshopperday"
  ]
 },
 "custom.grasshoppernight": {
  "sounds": [
   "custom/grasshoppernight"
  ]
 },
 "custom.buzzdeath": {
  "sounds": [
   "custom/buzzdeath"
  ]
 },
 "custom.buzzattack": {
  "sounds": [
   "custom/buzzattack"
  ]
 },
 "custom.buzz": {
  "sounds": [
   "custom/buzz"
  ]
 },
 "custom.baldeagle": {
  "sounds": [
   "custom/baldeagle"
  ]
 },
 "custom.browneagle": {
  "sounds": [
   "custom/browneagle"
  ]
 },
 "custom.snowyowl": {
  "sounds": [
   "custom/snowyowl"
  ]
 },
 "custom.tawnyowl": {
  "sounds": [
   "custom/tawnyowl"
  ]
 },
 "custom.capercaillie": {
  "sounds": [
   "custom/capercaillie"
  ]
 },
 "custom.gobbler": {
  "sounds": [
   "custom/gobbler"
  ]
 },
 "custom.bluetit": {
  "sounds": [
   "custom/bluetit"
  ]
 },
 "custom.sparrow": {
  "sounds": [
   "custom/sparrow"
  ]
 },
 "custom.robin": {
  "sounds": [
   "custom/robin"
  ]
 },
 "custom.kingfisher": {
  "sounds": [
   "custom/kingfisher"
  ]
 },
 "custom.swan": {
  "sounds": [
   "custom/swan"
  ]
 },
 "custom.ostrich": {
  "sounds": [
   "custom/ostrich"
  ]
 },
 "custom.roadrunner": {
  "sounds": [
   "custom/roadrunner"
  ]
 },
 "custom.vulture": {
  "sounds": [
   "custom/vulture"
  ]
 },
 "custom.secretarybird": {
  "sounds": [
   "custom/secretarybird"
  ]
 },
 "custom.harpy": {
  "sounds": [
   "custom/harpy"
  ]
 },
 "custom.conure": {
  "sounds": [
   "custom/conure"
  ]
 },
 "custom.senegal": {
  "sounds": [
   "custom/senegal"
  ]
 },
 "custom.toucan": {
  "sounds": [
   "custom/toucan"
  ]
 },
 "custom.booby": {
  "sounds": [
   "custom/booby"
  ]
 },
 "custom.seagull": {
  "sounds": [
   "custom/seagull"
  ]
 },
 "custom.kiwi": {
  "sounds": [
   "custom/kiwi"
  ]
 },
 "custom.pigeon": {
  "sounds": [
   "custom/pigeon"
  ]
 },
 "custom.bugfly": {
  "sounds": [
   "custom/bugfly"
  ]
 },
 "custom.raven": {
  "sounds": [
   "custom/raven"
  ]
 },
 "custom.wolfbite": {
  "sounds": [
   "custom/wolfbite"
  ]
 },
 "custom.wolfsnarl": {
  "sounds": [
   "custom/wolfsnarl"
  ]
 },
 "custom.wildcall": {
  "sounds": [
   "custom/wildcall"
  ]
 },
 "custom.bearclaw": {
  "sounds": [
   "custom/bearclaw"
  ]
 },
 "custom.bearambient": {
  "sounds": [
   "custom/bearambient"
  ]
 },
 "custom.beartransform": {
  "sounds": [
   "custom/beartransform"
  ]
 },
 "custom.stag1": {
  "sounds": [
   "custom/stag1"
  ]
 },
 "custom.stag2": {
  "sounds": [
   "custom/stag2"
  ]
 },
 "custom.doe1": {
  "sounds": [
   "custom/doe1"
  ]
 },
 "custom.doe2": {
  "sounds": [
   "custom/doe2"
  ]
 },
 "custom.squirrel1": {
  "sounds": [
   "custom/squirrel1"
  ]
 },
 "custom.anteater": {
  "sounds": [
   "custom/anteater"
  ]
 },
 "custom.hyena": {
  "sounds": [
   "custom/hyena"
  ]
 },
 "custom.rhino": {
  "sounds": [
   "custom/rhino"
  ]
 },
 "custom.feralpiglet": {
  "sounds": [
   "custom/feralpiglet"
  ]
 },
 "custom.feralhogambient": {
  "sounds": [
   "custom/feralhogambient"
  ]
 },
 "custom.feralhogatt": {
  "sounds": [
   "custom/feralhogatt"
  ]
 },
 "custom.bison1": {
  "sounds": [
   "custom/bison1"
  ]
 },
 "custom.bison2": {
  "sounds": [
   "custom/bison2"
  ]
 },
 "custom.weasel": {
  "sounds": [
   "custom/weasel"
  ]
 },
 "custom.squirrel2": {
  "sounds": [
   "custom/squirrel2"
  ]
 }
}